outcome,learner,mean,sd,share_negative,share_exact_zero,n_distinct,q01,q05,q10,q25,q50,q75,q90,q95,q99
visit,s_learner,0.007288737618245557,0.023577382817169954,0.0220138788047432,0.0,760432,-0.0007141790486639364,3.494671545922756e-05,5.779796265414916e-05,0.0001243215665454045,0.00040769051702227443,0.0022770294453948736,0.015797991864383236,0.04323131535202258,0.1266693162918091
visit,t_learner,0.007374248985895373,0.02631441777944881,0.23140664354247872,0.0,801861,-0.0175630234926939,-0.0015425946621689943,-0.0002568451454862952,1.854957918112632e-05,0.00031539544579572976,0.0018961734022013843,0.019011186249554175,0.04823524057865142,0.13720267161726954
visit,x_learner,0.007287092001618576,0.02259949911159334,0.018750907573111944,0.0,740714,-0.004382558232173323,0.000488347141072154,0.0004885078524239361,0.0005074869841337204,0.0007465383387170732,0.0024276868207380176,0.015824422240257274,0.042917466349899715,0.12250390000641347
visit,dr_learner,0.007404617873360398,0.023170849469053012,0.003354175623176359,0.0,337351,0.0007144298870116472,0.0007251027273014188,0.0007363579934462905,0.0007363579934462905,0.0008618042920716107,0.002697975665796548,0.014533892273902893,0.0398599464446306,0.12013223811984072
visit,causal_forest,0.006855237201467158,0.017014323056786018,0.08583620835804197,0.0,925006,-0.0018388413940556337,-0.00031574463355354965,5.5169424740597606e-05,0.0004218311805743724,0.001066408003680408,0.0046325549483299255,0.01605116613209248,0.03875924888998269,0.09246504761278639
visit,class_transformation,0.007475405045140078,0.02455115017806331,0.006677592118223782,0.0,318962,0.0007847317610867321,0.0008215323323383927,0.0008328666444867849,0.0008328666444867849,0.0009723310358822346,0.002801002934575081,0.014232642482966207,0.03953721653670071,0.12337257161736495
conversion,s_learner,0.0009584520798191332,0.005957410256022592,0.03235180717031043,0.0,638920,-3.73662514903117e-05,1.023288132273592e-05,1.4403405657503754e-05,1.79733269760618e-05,3.549282700987533e-05,0.00012738045188598335,0.0009042312856763607,0.0028029550681821975,0.022297639250755397
conversion,t_learner,0.0010142401452480044,0.008654128102981612,0.23269888458817461,0.0,673503,-0.0014775348477996883,-7.795007695676759e-05,-2.55275699601043e-05,1.1096749403805006e-06,1.4026984899828676e-05,0.00012733587936963886,0.0012189295957796293,0.0032730453182011803,0.022313113827258365
conversion,x_learner,0.0009724412042737698,0.004895314580640845,0.01565997286043439,0.0,679462,-0.00013517129991669208,0.0001332951069343835,0.00013344452599994838,0.00013357413990888745,0.00014093048230279237,0.000260297761997208,0.0009629048290662472,0.0030356085509993134,0.020010581947863128
conversion,dr_learner,0.001001436135767853,0.004776079166712887,0.0009563942862415851,0.0,105671,0.00032920081866905093,0.00032920081866905093,0.00032920081866905093,0.00032920081866905093,0.00032920081866905093,0.00039005058351904154,0.0008588146301917732,0.002086086338385932,0.01592252865433702
conversion,causal_forest,0.0009803704053396249,0.003538405825745612,0.1598415976434216,0.0,908086,-0.0008484463905915618,-0.00017803692608140404,-1.2894453220724245e-06,1.0649590876710135e-05,0.00012019083806080744,0.00044186614104546607,0.001967131602577868,0.004839728213846677,0.016829101275652684
conversion,class_transformation,0.0009998224670440402,0.004074123723792237,0.0009388687364937027,0.0,76658,0.000458347552921623,0.000458347552921623,0.000458347552921623,0.000458347552921623,0.000458347552921623,0.000458347552921623,0.0008356038597412407,0.0018063997849822044,0.012558654882013798
