outcome,learner,ate_beta1,ate_beta1_se,beta2,beta2_se,beta2_ci_low,beta2_ci_high,beta2_z,p_value_one_sided,p_value_two_sided,score_sd,n
visit,s_learner,0.007432009010856149,0.00028598470911867766,1.0187082067387752,0.03599054381159124,0.9481667408680563,1.089249672609494,28.304885085139684,1.5045581631691498e-176,3.0091163263382995e-176,0.023577382817169954,2795918
visit,t_learner,0.00740687296514476,0.00028573082675248363,0.843467709943091,0.03202078903550146,0.7807069634335081,0.9062284564526738,26.34125314675844,3.2323185584896917e-153,6.464637116979383e-153,0.02631441777944881,2795918
visit,x_learner,0.007425855908528155,0.0002858111751436155,1.055244944416288,0.03724532233027553,0.9822441126489478,1.128245776183628,28.332281166983297,6.919206679288513e-177,1.3838413358577025e-176,0.02259949911159334,2795918
visit,dr_learner,0.007423257691907765,0.0002858782788507537,1.0226989159042406,0.03828618200103086,0.94765799918222,1.097739832626261,26.71195879173077,1.7092280791524602e-157,3.4184561583049204e-157,0.023170849469053012,2795918
visit,causal_forest,0.007379578778098598,0.0002852597009158253,1.3137771402681655,0.04564866751542038,1.2243057519379417,1.4032485285983893,28.780185967626856,1.898578393189884e-182,3.797156786379768e-182,0.017014323056786018,2795918
visit,class_transformation,0.007445626874247726,0.00028628399761436305,0.9638592993814835,0.037472146955832536,0.8904138913480517,1.0373047074149153,25.72201962480452,3.315090977008902e-146,6.630181954017804e-146,0.02455115017806331,2795918
conversion,s_learner,0.000989999590932779,7.571637942855638e-05,0.819058231572458,0.10083298955849286,0.621425572037812,1.016690891107104,8.122919246555963,2.275510716188009e-16,4.551021432376018e-16,0.005957410256022592,2795918
conversion,t_learner,0.0009824772805296098,7.519871752841783e-05,0.40298524631393573,0.07150393281963065,0.2628375379874597,0.5431329546404118,5.63584729430855,8.709984697748618e-09,1.7419969395497236e-08,0.008654128102981612,2795918
conversion,x_learner,0.0009869403257582673,7.557766350741538e-05,0.9744050940787604,0.1230323952558892,0.7332615993772176,1.2155485887803033,7.919906720926158,1.1884441341611157e-15,2.3768882683222315e-15,0.004895314580640845,2795918
conversion,dr_learner,0.0009874575042125233,7.560058456616237e-05,0.9866319892811979,0.13099326169920011,0.7298851963507657,1.24337878221163,7.5319293258519,2.4998009282926964e-14,4.999601856585393e-14,0.004776079166712887,2795918
conversion,causal_forest,0.0009831965969382581,7.527567353251101e-05,1.3074859612224312,0.14717053915316403,1.0190317044822297,1.5959402179626327,8.884155543261944,3.2204061467165747e-19,6.440812293433149e-19,0.003538405825745612,2795918
conversion,class_transformation,0.0009914587704884404,7.600083594477188e-05,1.1151939089056344,0.15884107105311732,0.8038654096415245,1.4265224081697443,7.020815847638723,1.1028821115879486e-12,2.2057642231758972e-12,0.004074123723792237,2795918
