group,n,mean_predicted,min_predicted,max_predicted,observed,se,ci_low,ci_high,treated_rate,control_rate,observed_dim,ci_low_dim,ci_high_dim,outcome,learner
1,279592,0.06031431522463777,0.01579803228378296,0.38548609614372253,0.06267160173551486,0.0023590985312018035,0.05804785357837799,0.06729534989265173,0.2827924677597673,0.22012086602425243,0.06580580266056757,0.06126246758929062,0.07034913773184452,visit,s_learner
2,279592,0.00835529013802938,0.00418193731456995,0.015797974541783333,0.009120253321976399,0.001534017095978229,0.006113635062190347,0.012126871581762452,0.10154855187170579,0.09242829854972939,0.0072649229658036385,0.0042221445782007865,0.01030770135340649,visit,s_learner
3,279592,0.002429376294980708,0.0012798089301213622,0.004181920550763607,0.0028619649017392543,0.0009658474497054998,0.0009689386857566135,0.004754991117721895,0.037411939362317924,0.03454997446057867,0.00262139497629401,0.0007202630502025199,0.0045225269023855,visit,s_learner
4,279592,0.0009510421083296092,0.0006919720908626914,0.0012798089301213622,0.00045560594938628095,0.0005730585903352352,-0.0006675682487020732,0.001578780147474635,0.012446772418761883,0.011991166469375602,0.0004262878018573106,-0.0006984790634055693,0.0015510546671201905,visit,s_learner
5,279591,0.0005415624617179309,0.0004076931800227612,0.0006919720908626914,0.0005667092885379265,0.0004038018918485437,-0.00022472787637435718,0.0013581464534502103,0.006448520427360824,0.005881811138822897,0.0005341133027524786,-0.000260359410756577,0.0013285860162615343,visit,s_learner
6,279592,0.00031524900879135483,0.0002458101080264896,0.00040768785402178764,0.0004946438768607449,0.00030613100083529544,-0.0001053618593276353,0.0010946496130491252,0.0038203465869646827,0.0033257027101039377,0.0004651815247764153,-0.00013826996329833032,0.001068633012851161,visit,s_learner
7,279592,0.00019968089446308635,0.00016023755597416312,0.0002458101080264896,0.00021377775584150794,0.0002198840193802644,-0.00021718700291971756,0.0006447425146027335,0.0019392437965845082,0.0017254660407430003,0.00019890161394479629,-0.00023448032353835221,0.0006322835514279447,visit,s_learner
8,279592,0.00012699719655332104,0.00010481401113793254,0.00016023755597416312,0.00013054594048556088,0.0001771408057799554,-0.00021664365903555636,0.0004777355400066781,0.0012398036434364862,0.0011092577029509253,0.0001246822238763646,-0.00022359057242134353,0.0004729550201740727,visit,s_learner
9,279592,8.497319970076039e-05,5.779796265414916e-05,0.00010481401113793254,0.0001934209382002004,0.0001589513851126659,-0.00011811805191338088,0.0005049599283137817,0.0010807465319681926,0.0008873255937679922,0.0001823740782345845,-0.00013177246163890099,0.00049652061810807,visit,s_learner
10,279591,-0.00043116208827055505,-0.07573974132537842,5.779796265414916e-05,5.9217060913319824e-05,0.0009110716067448791,-0.0017264504756436827,0.0018448845974703223,0.030802645530773158,0.030743428469859838,-0.00018741929528260162,-0.0019821765576737245,0.0016073379671085214,visit,s_learner
1,279592,0.0666495215014973,0.019011229276657104,0.4274495542049408,0.0599845905046498,0.002364401007737631,0.055350449684473835,0.06461873132482576,0.28338036696619867,0.22339577646154887,0.06257050922403257,0.05801161277968437,0.06712940566838076,visit,t_learner
2,279592,0.009421967036765214,0.004069111775606871,0.01901116780936718,0.008397657580937856,0.0013261606570387106,0.005798430455428009,0.010996884706447704,0.07493633986870184,0.06653868228776398,0.007714599542316292,0.005099247991936926,0.010329951092695657,visit,t_learner
3,279592,0.002133563388435226,0.0011517583625391126,0.004069111775606871,0.002269434581059618,0.0007073273293244646,0.0008830984903027651,0.0036557706718164705,0.020291224626790186,0.018021790045730568,0.0022959227090750614,0.0009117099452945498,0.003680135472855573,visit,t_learner
4,279592,0.0008412193997463776,0.0005792868905700743,0.0011517226230353117,0.0007087525333332413,0.00041423820070426775,-0.00010313942106779795,0.0015206444877342805,0.006845268458021969,0.006136515924688728,0.0006973418493595,-0.00011560461631963026,0.0015102883150386304,visit,t_learner
5,279591,0.00042863518460295073,0.00031539544579572976,0.0005792868905700743,0.0007728181705526122,0.0003111605133601971,0.00016295477095563146,0.0013826815701495929,0.004168991758793831,0.003396173588241219,0.0007454116670751821,0.00013222901406562983,0.0013585943200847342,visit,t_learner
6,279592,0.0002370717087848323,0.0001749825751176104,0.00031539544579572976,0.000650484126866302,0.0002178870058766783,0.0002234334426487454,0.0010775348110838585,0.0022684597677454085,0.0016179756408791065,0.0006447050797189348,0.0002173021801081806,0.001072107979329689,visit,t_learner
7,279592,0.00013069463131642768,8.540837734472007e-05,0.0001749825751176104,0.0004434426849541273,0.00017133172867064803,0.00010763866735066861,0.000779246702557586,0.0014335063851334867,0.0009900637001793594,0.00043590264748120814,9.855851817726108e-05,0.0007732467767851552,visit,t_learner
8,279592,2.3027874431090574e-05,-2.863684858311899e-05,8.540837734472007e-05,0.0004090318256982537,0.00019027348241198837,3.6102652957741086e-05,0.0007819609984387663,0.0016542915358332382,0.0012452597101349845,0.00040394445939388106,3.0240107613291442e-05,0.0007776488111744706,visit,t_learner
9,279592,-0.00010458635176120421,-0.0002568451454862952,-2.863684858311899e-05,0.0002366972692912487,0.00024233157934365344,-0.00023826389853902254,0.00071165843712152,0.0023147199271461617,0.002078022657854913,0.0002193751739359216,-0.00025805102557629176,0.000696801373448135,visit,t_learner
10,279591,-0.006018697258576914,-0.2451292872428894,-0.0002568451454862952,0.0027709109426999334,0.0014305144105072841,-3.284578125988978e-05,0.005574667666659757,0.08221158182656765,0.07944067088386772,0.0033707720976999672,0.0005817884336763047,0.00615975576172363,visit,t_learner
1,279592,0.05884971285111671,0.015824448317289352,0.2668251395225525,0.06232406550631367,0.00235533183950171,0.057707699929249845,0.0669404310833775,0.281040203394132,0.21871613788781832,0.06471795101438041,0.060174150091322647,0.06926175193743818,visit,x_learner
2,279592,0.007880716316908258,0.003978408873081207,0.015824411064386368,0.00865871697062684,0.0014654323081026628,0.005786522424964217,0.011530911516289462,0.09193929476163033,0.0832805777910035,0.007536668316966061,0.004641856581161761,0.010431480052770361,visit,x_learner
3,279592,0.002655450318345906,0.0019402246689423919,0.003978408873081207,0.0025368241308422433,0.000806404362864291,0.0009563006226522639,0.0041173476390322225,0.0262213719084057,0.02368454777756346,0.0023415909898368732,0.000752759005507935,0.003930422974165812,visit,x_learner
4,279592,0.0013810739204068623,0.0008945595473051071,0.0019402246689423919,0.0014498057166533185,0.0005895012235894395,0.0002944045495757233,0.0026052068837309136,0.014031115990968507,0.012581310274315189,0.0014088940375530205,0.00025139864236344163,0.002566389432742599,visit,x_learner
5,279591,0.0008082930239579167,0.0007465383387170732,0.0008945595473051071,0.000913491361720916,0.00036453982248033995,0.00019900643872882492,0.0016279762847130072,0.005622480705307366,0.00470898934358645,0.0009006943833487022,0.00018488285940310124,0.0016165059072943033,visit,x_learner
6,279592,0.0006744503737452977,0.0005861843819729984,0.0007465383387170732,-7.590417601849439e-05,0.0003264400202537966,-0.0007157148588284615,0.0005639065067914727,0.003818699866442699,0.0038946040424611933,-9.309173098053479e-05,-0.0007348534499007444,0.0005486699879396748,visit,x_learner
7,279592,0.0005370348837870423,0.0005079603288322687,0.0005861843819729984,0.0005012627615341303,0.00015840834005567496,0.00019078812017423374,0.0008117374028940268,0.0013277104927947305,0.0008264477312606003,0.0004980399898069077,0.0001868909395641983,0.0008091890400496171,visit,x_learner
8,279592,0.0005055143370486209,0.0004889644915238023,0.0005079603288322687,0.00012194603497946632,0.00016021026254754895,-0.0001920603095674359,0.00043595237952636853,0.0010233101430390343,0.000901364108059568,0.00011854236590158184,-0.0001962900096734553,0.00043337474147661897,visit,x_learner
9,279592,0.0004886986048339983,0.0004885078524239361,0.0004889644915238023,4.8945331228910944e-05,0.000115785662301632,-0.00017799039680840484,0.00027588105926622676,0.0005224708010305031,0.0004735254698015922,4.92140786818578e-05,-0.00017761788865068803,0.0002760460460144036,visit,x_learner
10,279591,-0.00091007710462296,-0.04725901409983635,0.0004885078524239361,0.00012696140657236787,0.0011880639808379276,-0.0022016012071992552,0.002455524020343991,0.05395654375521873,0.05382958234864636,-0.00010025804922340203,-0.0024346467981603797,0.0022341306997135757,visit,x_learner
1,279592,0.05742425577364324,0.014533892273902893,0.4373924434185028,0.061480742474699424,0.002336419052224461,0.05690144527954627,0.06606003966985258,0.2737727540874069,0.2122920116127075,0.06455528463899515,0.06005644484274949,0.06905412443524081,visit,dr_learner
2,279592,0.007458707067288238,0.004258694127202034,0.014533892273902893,0.008260669312285099,0.0016160910705271113,0.005093189018315181,0.011428149606255017,0.11256649217856864,0.10430582286628354,0.006566331823167099,0.0033688402120994046,0.009763823434234792,visit,dr_learner
3,279592,0.002955013026457262,0.0021077527198940516,0.004258694127202034,0.0035439956825491434,0.001064566456932746,0.0014574837678115508,0.005630507597286736,0.04597701562245735,0.04243301993990821,0.003263485691119651,0.0011685644933007253,0.005358406888938577,visit,dr_learner
4,279592,0.0016971707112890867,0.0011559795821085572,0.0021077527198940516,0.0017918323240369866,0.0005817001211191838,0.0006517210368407991,0.002931943611233174,0.013968326885382173,0.012176494561345187,0.0017226838487916472,0.0005783782564049739,0.0028669894411783208,visit,dr_learner
5,279591,0.000969254854453619,0.0008618042920716107,0.0011559795821085572,0.0011672476711642524,0.0003838815385402484,0.0004148536812955408,0.001919641661032964,0.006377337130509098,0.005210089459344845,0.0011472609569245697,0.0003930265338440317,0.0019014953800051077,visit,dr_learner
6,279592,0.0008410006089707435,0.0007363579934462905,0.0008618042920716107,0.0001412736074459988,0.000356781878437868,-0.0005580060246287702,0.0008405532395207678,0.004749906468116788,0.0046086328606707895,0.00013054531604219256,-0.0005698157301452975,0.0008309063622296826,visit,dr_learner
7,279592,0.0007363579934462905,0.0007363579934462905,0.0007363579934462905,0.00015716495001084072,0.00012899730890525955,-9.5665129546056e-05,0.00040999502956773744,0.0007281673238320697,0.000571002373821229,0.00015689375666247775,-9.603729469171888e-05,0.0004098248080166744,visit,dr_learner
8,279592,0.0007363579934462905,0.0007363579934462905,0.0007363579934462905,0.0002730772321605468,0.00012991750928888335,1.8443592993187526e-05,0.0005277108713279061,0.0008391269931122173,0.0005660497609516705,0.00027345137220211285,1.8965797000291304e-05,0.0005279369474039344,visit,dr_learner
9,279592,0.0007363579934462905,0.0007363579934462905,0.0007363579934462905,0.00018310824789558554,0.00012649259268829804,-6.481267808457317e-05,0.00043102917387574424,0.0007286606166971235,0.000545552368801538,0.00018288071279715231,-6.509331925404964e-05,0.00043085474484835426,visit,dr_learner
10,279591,0.0004916549690031863,-0.045243799686431885,0.0007363579934462905,-0.0003513713014654356,0.0007419258314306992,-0.0018055192102695411,0.00110277660733867,0.01978863871873705,0.020140010020202485,-0.00028168297905598397,-0.0017311740803701236,0.0011678081222581556,visit,dr_learner
1,279592,0.04784178352582743,0.01605118438601494,0.1453738957643509,0.0605714951883963,0.0022723465138096925,0.05611777786093416,0.06502521251585845,0.2549680091495548,0.1943965139611585,0.06666247799810376,0.06232797232681117,0.07099698366939636,visit,causal_forest
2,279592,0.010646938400058805,0.007007936015725136,0.01605115830898285,0.007206564175966407,0.0017054184345748334,0.003864005465629055,0.010549122886303759,0.12544736133148804,0.11824079715552163,0.005999433625772682,0.0026379115767670392,0.009360955674778324,visit,causal_forest
3,279592,0.0047899119827015755,0.003297627903521061,0.007007915992289782,0.00372581292260684,0.0010939283478915841,0.0015817527590719326,0.005869873086141748,0.04844701281291581,0.04472119989030897,0.003369225868224447,0.0012142942582444908,0.005524157478204403,visit,causal_forest
4,279592,0.002392805940504966,0.0017580051207914948,0.0032976181246340275,0.002875105569604587,0.0006546875313111557,0.0015919415871072826,0.004158269552101891,0.018231150724801855,0.015356045155197269,0.0027213570919928983,0.0014298316668028264,0.004012882517182971,visit,causal_forest
5,279591,0.0013787202585173004,0.001066408003680408,0.0017580051207914948,0.0010254861175632733,0.00044948049777209447,0.0001445205301768321,0.0019064517049497145,0.008286748625092218,0.007261262507528944,0.0009312270592942385,4.2708136908896246e-05,0.0018197459816795807,visit,causal_forest
6,279592,0.00088510923355543,0.0007399607566185296,0.001066408003680408,0.00018192458911132827,0.0003165553961089181,-0.00043851258637396203,0.0008023617645966186,0.003779667491768951,0.003597742902657623,0.00013333656230421313,-0.0004927455298073134,0.0007594186544157397,visit,causal_forest
7,279592,0.0006251606903705927,0.0005181340966373682,0.0007399607566185296,0.00038959789780001943,0.0002535930667099172,-0.00010743537968048163,0.0008866311752805205,0.002671923859203471,0.0022823259614034516,0.00036046989488133395,-0.00014044715729271426,0.0008613869470553822,visit,causal_forest
8,279592,0.00042202571919227125,0.0003243043611291796,0.0005181340966373682,0.00026171826657020664,0.00024064675115033352,-0.00020994069868101987,0.0007333772318214332,0.0023216802936206985,0.002059962027050492,0.000229699476136509,-0.00024685768811519873,0.0007062566403882168,visit,causal_forest
9,279592,0.00019516765574970621,5.5169424740597606e-05,0.0003243043611291796,0.00028703259772158013,0.0002618661391730865,-0.00022621560382822276,0.000800280799271383,0.0027476386409375653,0.002460606043215985,0.00024820672645878327,-0.00027050852136142444,0.000766921974278991,visit,causal_forest
10,279591,-0.0006252977345197234,-0.0066054207272827625,5.515841985470615e-05,0.0009170207436427959,0.0005691431304787631,-0.0001984792941439606,0.0020325207814295525,0.012736002631281228,0.011818981887638432,0.0007823476062077273,-0.0003414666836635853,0.00190616189607904,visit,causal_forest
1,279592,0.0586727915966631,0.014232697896659374,0.5381869673728943,0.06013411921398315,0.002326591981873409,0.0555740827227916,0.0646941557051747,0.27066973248367726,0.2105356132696941,0.06353995119509112,0.059063582908085596,0.06801631948209665,visit,class_transformation
2,279592,0.006981620475494383,0.0039365109987556934,0.014232618734240532,0.008659274912332746,0.001480432859912544,0.005757679825374528,0.011560869999290964,0.09378900810500865,0.0851297331926759,0.007400955419856414,0.004474533502723711,0.010327377336989118,visit,class_transformation
3,279592,0.002842338101186672,0.0021543896291404963,0.0039365109987556934,0.002499034487383034,0.0010129543395466405,0.0005136804638880615,0.004484388510878006,0.04082848245399576,0.03832944796661272,0.0020301324852292357,2.9300413302062178e-05,0.004030964557156409,visit,class_transformation
4,279592,0.0017248657872248581,0.0013830047100782394,0.0021543896291404963,0.002234477655697748,0.0006804186742753387,0.0009008815597095941,0.0035680737516859025,0.019088447124569828,0.01685396946887208,0.002154283050167835,0.0008165985529375659,0.003491967547398104,visit,class_transformation
5,279591,0.0011019914951000056,0.0009723310358822346,0.0013830047100782394,0.001570750511423677,0.0004379093780591045,0.0007124639019354976,0.0024290371209118563,0.008347775811497985,0.006777025300074308,0.0015514721949043426,0.0006914886199033442,0.0024114557699053407,visit,class_transformation
6,279592,0.0009366528522815687,0.0008328666444867849,0.0009723310358822346,-0.00010977575487829475,0.0003807022294809853,-0.0008559384134951286,0.0006363869037385392,0.005190552014343402,0.005300327769221696,-0.00012419032341362286,-0.0008717489087706288,0.0006233682619433831,visit,class_transformation
7,279592,0.0008328666444867849,0.0008328666444867849,0.0008328666444867849,0.0001655925706802268,0.00012913272688960033,-8.750292324883686e-05,0.0004186880646092905,0.0007365859205633039,0.000570993349883077,0.00016532863663669124,-8.786624357515053e-05,0.000418523516848533,visit,class_transformation
8,279592,0.0008328666444867849,0.0008328666444867849,0.0008328666444867849,0.00025592800931428686,0.00012968342796290037,1.753161115307573e-06,0.0005101028575132661,0.0008222048104654413,0.0005662768011511544,0.000256299611193337,2.2734497560842736e-06,0.0005103257726305898,visit,class_transformation
9,279592,0.0008328666444867849,0.0008328666444867849,0.0008328666444867849,0.00019197546884668233,0.00012656932901756096,-5.6095857575137514e-05,0.0004400467952685022,0.0007371740706994253,0.000545198601852743,0.00019173689727282784,-5.638864635789206e-05,0.00043986244090354773,visit,class_transformation
10,279591,-4.859339632230086e-06,-0.1572677493095398,0.0008328666444867849,0.0013073350863003833,0.0010139643361906881,-0.0006799984942414288,0.0032946686668421953,0.03934298216658559,0.03803564708028521,0.001258661596747493,-0.0007283512220298063,0.003245674415524792,visit,class_transformation
1,279592,0.008867604852373893,0.0009042326710186899,0.201893612742424,0.008875097049634299,0.000733666875092119,0.007437136397803698,0.010313057701464899,0.02590528557503643,0.01703018852540213,0.008276928648909845,0.006812155068651334,0.009741702229168358,conversion,s_learner
2,279592,0.00047289443499038384,0.00021992676192894578,0.0009042306919582188,0.0006405071197782258,0.00020490682466772753,0.00023889712324301628,0.0010421171163134352,0.0020439530349892015,0.0014034459152109757,0.0006395412467038754,0.0002376941908571371,0.0010413883025506138,conversion,s_learner
3,279592,0.00013612716818227076,7.972337334649637e-05,0.00021992588881403208,0.0001987327142985493,0.0001304718006371259,-5.6987315948307544e-05,0.00045445274454540617,0.0007843779762314884,0.0005856452619329391,0.00019781125206562314,-5.836304243117367e-05,0.00045398554656241995,conversion,s_learner
4,279592,5.810515187269119e-05,4.641928171622567e-05,7.97222091932781e-05,5.472495923683368e-05,8.267306303926482e-05,-0.00010731126681173486,0.00021676118528540222,0.00029140020685108567,0.00023667524761425199,5.598224068701412e-05,-0.00010508159751345712,0.00021704607888748537,conversion,s_learner
5,279591,4.08594056246577e-05,3.549282700987533e-05,4.641928171622567e-05,1.1015857213732806e-05,5.6667179931197544e-05,-0.00010004977455686532,0.00012208148898433093,0.0001266970645272455,0.00011568120731351269,9.962933485105794e-06,-0.00010195736556244486,0.00012188323253265644,conversion,s_learner
6,279592,2.609140383485341e-05,2.107263389916625e-05,3.549282700987533e-05,1.845662921238513e-06,5.168591182757577e-05,-9.94568627689228e-05,0.00010314818861139982,9.695047036371896e-05,9.510480744248045e-05,2.5254388807300374e-06,-9.813308333100523e-05,0.0001031839610924653,conversion,s_learner
7,279592,1.9491586806965676e-05,1.860017619037535e-05,2.107263389916625e-05,0.00014745225569840208,2.492224094341122e-05,9.860556103528654e-05,0.00019629895036151761,0.00014745225569840208,0.0,0.0001474864101807762,9.86284917316347e-05,0.0001963443286299177,conversion,s_learner
8,279592,1.7863759777671833e-05,1.6318686903105117e-05,1.860017619037535e-05,-3.4232230149291125e-06,4.418589760533674e-05,-9.002599094596375e-05,8.317954491610552e-05,6.733647273600554e-05,7.075969575093465e-05,-3.620161175784046e-06,-9.051602076117267e-05,8.327569840960458e-05,conversion,s_learner
9,279592,1.5116706171047443e-05,1.4403405657503754e-05,1.6318686903105117e-05,-4.116472213858469e-06,4.4560206536518445e-05,-9.145287216910092e-05,8.321992774138398e-05,6.734556303696396e-05,7.146203525082243e-05,-3.834885673071901e-06,-9.091738069297387e-05,8.324760934683007e-05,conversion,s_learner
10,279591,-6.964063045975744e-05,-0.07694612443447113,1.4403405657503754e-05,0.000216422992114191,0.00014582061155367455,-6.938015473461641e-05,0.0005022261389629984,0.0009479650162786476,0.0007315420241644566,0.00021519305140844155,-7.092605577003162e-05,0.0005013121585869147,conversion,s_learner
1,279592,0.01067856576881776,0.001218934077769518,0.38704338669776917,0.008052627922078238,0.0006803306356519842,0.006719204378621108,0.009386051465535368,0.022564365646725457,0.01451173772464722,0.0077752484159525105,0.006430481740907023,0.009120015090997998,conversion,t_learner
2,279592,0.0006307346397935804,0.0002720255870372057,0.0012189276749268174,0.0005441939557581431,0.0002011315173502769,0.00014998342559570735,0.0009384044859205788,0.0018896325386825853,0.0013454385829244422,0.0005587617162458557,0.0001680922220851792,0.0009494312104065322,conversion,t_learner
3,279592,0.00014046580809436014,6.759802636224777e-05,0.0002720254415180534,4.366849644843235e-05,0.0001183444613940391,-0.00018828238565367513,0.0002756193785505398,0.0005394937971075032,0.0004958253006590709,4.3917310985688135e-05,-0.00018771237738616795,0.0002755469993575442,conversion,t_learner
4,279592,4.592170921211878e-05,3.152456338284537e-05,6.759802636224777e-05,-1.0434850832006007e-05,7.548833545406374e-05,-0.000158389269574849,0.000137519567910837,0.00019866905632382053,0.00020910390715582654,-1.0779424645957598e-05,-0.00015889776436543707,0.00013733891507352187,conversion,t_learner
5,279591,2.0398498955970833e-05,1.4026984899828676e-05,3.152456338284537e-05,6.164023210270102e-05,5.3599539617693004e-05,-4.341293513590504e-05,0.00016669339934130708,0.00015579811778841882,9.41578856857178e-05,6.115261167362936e-05,-4.43893686146606e-05,0.00016669459196191932,conversion,t_learner
6,279592,9.074829083713309e-06,6.5387121139792725e-06,1.4026984899828676e-05,0.00014975130757170966,3.5589281750160055e-05,7.999759710574733e-05,0.000219505018037672,0.00017293163657469414,2.318032900298448e-05,0.00014930552775451817,7.906489825611664e-05,0.0002195461572529197,conversion,t_learner
7,279592,3.916362294244505e-06,2.183795459131943e-06,6.5387121139792725e-06,5.015661116557625e-05,3.8803449090197566e-05,-2.589675152714451e-05,0.00012620997385829702,9.698905554614318e-05,4.683244438056693e-05,4.979652460660977e-05,-2.6649515947161665e-05,0.0001262425651603812,conversion,t_learner
8,279592,3.2098505925832905e-07,-3.212094497939688e-06,2.183795459131943e-06,-7.260702519914569e-05,6.136321127490109e-05,-0.000192876709273674,4.766265887538262e-05,7.155679667226554e-05,0.00014416382187141123,-7.084802271663963e-05,-0.00018978424297348806,4.8088197540208804e-05,conversion,t_learner
9,279592,-9.561757455433615e-06,-2.55275699601043e-05,-3.212094497939688e-06,0.00011767013900481192,2.2237940509734638e-05,7.408457651538773e-05,0.0001612557014942361,0.00011767013900481192,0.0,0.00011788381707799699,7.422232432961347e-05,0.0001615453098263805,conversion,t_learner
10,279591,-0.0013774475001958521,-0.2914462089538574,-2.55275699601043e-05,0.0012728246952069186,0.00031953578977412313,0.0006465460554780752,0.001899103334935762,0.004683066903596974,0.003410242208390055,0.0013774572320967592,0.0007623334447817873,0.001992581019411731,conversion,t_learner
1,279592,0.008025874645068314,0.0009629060514271259,0.10866980999708176,0.00888759286824901,0.0007367864812681527,0.007443517900667436,0.010331667835830585,0.026050142468880072,0.01716254960063106,0.008327523378831782,0.0068588424922751004,0.009796204265388464,conversion,x_learner
2,279592,0.0005469394062791651,0.0003255806223023683,0.0009629043051972985,0.0005347544669777847,0.00020690744779813653,0.00012922332116033577,0.0009402856127952336,0.001996593438828052,0.0014618389718502674,0.0005188457384474893,0.00010936714663530852,0.0009283243302596702,conversion,x_learner
3,279592,0.00026236526593008153,0.00020569024491123855,0.0003255805931985378,0.00013013775534979509,0.00012777877438414364,-0.00012030404043179567,0.00038057955113138584,0.0006961983026884763,0.0005660605473386812,0.00013723609019844962,-0.00011062380677693065,0.0003850959871738299,conversion,x_learner
4,279592,0.00016924375682841148,0.00014954643847886473,0.00020569024491123855,9.705244572612607e-05,9.468640232611766e-05,-8.852949265873415e-05,0.0002826343841109863,0.0004043183107009855,0.0003072658649748594,9.710164206407827e-05,-8.855330106662728e-05,0.0002827565851947838,conversion,x_learner
5,279591,0.00014303121174835123,0.00014093048230279237,0.00014954643847886473,0.0001200171017447634,6.100229456388361e-05,4.548014252480026e-07,0.0002395794020642788,0.00023665878999091312,0.00011664168824614972,0.00012034591570027048,1.0236705738575301e-06,0.00023966816082668342,conversion,x_learner
6,279592,0.00013744319983117304,0.00013408344238996506,0.00014093048230279237,4.397695972842412e-05,4.5845673244057934e-05,-4.587890867692102e-05,0.00013383282813376926,0.00011374888106486458,6.977192133644046e-05,4.306637123682672e-05,-4.779016211309148e-05,0.00013392290458674492,conversion,x_learner
7,279592,0.0001338595192963553,0.000133613619254902,0.00013408344238996506,2.3935589316365896e-05,3.789528177180414e-05,-5.0337798140367426e-05,9.820897677309922e-05,7.157532909612273e-05,4.763973977975683e-05,2.409829075253011e-05,-4.9991167340461274e-05,9.81877488455215e-05,conversion,x_learner
8,279592,0.00013357442108142943,0.00013353480608202517,0.000133613619254902,-1.6397698757305902e-05,4.3796876776475064e-05,-0.00010223799987453574,6.944260235992392e-05,5.4756894755066936e-05,7.115459351237284e-05,-1.6339796181420456e-05,-0.000102123881831211,6.944428946837009e-05,conversion,x_learner
9,279592,0.0001334951093035138,0.00013344452599994838,0.00013353480608202517,3.099660179064882e-05,2.818167223294165e-05,-2.4238460810029302e-05,8.623166439132694e-05,5.473975259839237e-05,2.3743150807743554e-05,3.0992868016718355e-05,-2.4250818019315615e-05,8.623655405275233e-05,conversion,x_learner
10,279591,3.857920078131466e-05,-0.011908424086868763,0.00013344452599994838,0.0002470864787032685,0.00012726338555793144,-2.3451735409119523e-06,0.000496518130947449,0.0007910866050160727,0.0005440001263128042,0.00024946299214102287,3.79108853083615e-07,0.0004985468754289621,conversion,x_learner
1,279592,0.006778403410227068,0.0008588146301917732,0.15433041751384735,0.00876324928080853,0.0007318314815562305,0.0073288859342057295,0.010197612627411331,0.025696056949381176,0.016932807668572646,0.00838881895330212,0.006938832725791084,0.009838805180813157,conversion,dr_learner
2,279592,0.0005962292838821121,0.00041923977551050484,0.0008588146301917732,0.0004523346634882231,0.0002128401795063896,3.517557719265942e-05,0.0008694937497837868,0.001974721953300222,0.001522387289811999,0.00046396405280912413,4.969918198033477e-05,0.0008782289236379135,conversion,dr_learner
3,279592,0.0003745265547065654,0.0003522381593938917,0.00041923977551050484,0.00032614706832541053,9.277994820969016e-05,0.00014430171134692638,0.0005079924253038947,0.0005862758079065426,0.00026012873958113205,0.0003266250332898258,0.00014343740724211723,0.0005098126593375343,conversion,dr_learner
4,279592,0.0003294660352444911,0.00032920081866905093,0.0003522381593938917,0.00010653767641672542,7.187433635168912e-05,-3.4333434245303234e-05,0.0002474087870787541,0.0002740893621796968,0.0001675516857629714,0.00010848506859080035,-3.099083993277142e-05,0.00024796097711437214,conversion,dr_learner
5,279591,0.00032920081866905093,0.00032920081866905093,0.00032920081866905093,5.0067437971107345e-05,6.931933475362261e-05,-8.579596157826867e-05,0.00018593083752048336,0.00021521836176640615,0.0001651509237952988,5.006617863709091e-05,-8.564248401522604e-05,0.00018577484128940786,conversion,dr_learner
6,279592,0.00032920081866905093,0.00032920081866905093,0.00032920081866905093,-7.473150239455564e-05,8.209530916712104e-05,-0.00023563535166179383,8.617234687268254e-05,0.00018159742390544086,0.0002563289262999965,-7.608712615301064e-05,-0.00023767983199614467,8.550557969012339e-05,conversion,dr_learner
7,279592,0.00032920081866905093,0.00032920081866905093,0.00032920081866905093,6.340545567471193e-05,6.943772250919968e-05,-7.268997961180568e-05,0.00019950089096122954,0.00022778502188604375,0.00016437956621133181,6.243821501529558e-05,-7.416356705709085e-05,0.000199039997087682,conversion,dr_learner
8,279592,0.00032920081866905093,0.00032920081866905093,0.00032920081866905093,8.837258641249053e-06,7.29779619149294e-05,-0.00013419691837714828,0.0001518714356596464,0.0001983187451467685,0.00018948148650551943,9.994724798165482e-06,-0.0001322139542416747,0.00015220340383800566,conversion,dr_learner
9,279592,0.00032920081866905093,0.00032920081866905093,0.00032920081866905093,4.031313645940952e-05,6.390128862143048e-05,-8.493108780429338e-05,0.00016555736072311242,0.00018140861802925156,0.00014109548156984204,3.986850214534598e-05,-8.559900725618378e-05,0.00016533601154687574,conversion,dr_learner
10,279591,0.0002897270304017181,-0.03069087117910385,0.00032920081866905093,0.00033206222416454895,0.0001343953388668741,6.865220029541957e-05,0.0005954722480336783,0.0009268717179257912,0.0005948094937612423,0.00034265254003044477,8.233860886635452e-05,0.000602966471194535,conversion,dr_learner
1,279592,0.00787876244737428,0.001967138610780239,0.047624144703149796,0.008680072756663527,0.0007458303497045927,0.007218272132665612,0.010141873380661443,0.02635545006053987,0.017675377303876343,0.008094473031190711,0.006606960853551159,0.009581985208830263,conversion,causal_forest
2,279592,0.0012298481539406432,0.0007024420774541795,0.001967128599062562,0.000676696394371594,0.00021158074607851936,0.0002620057522355818,0.0010913870365076063,0.0021869553318651044,0.0015102589374935103,0.0006538701009939426,0.00023356051182224773,0.0010741796901656375,conversion,causal_forest
3,279592,0.00046238859928111436,0.0003205459797754884,0.0007024381775408983,0.0002703003772412593,0.00010724512970195415,6.010378550810232e-05,0.0004804969689744163,0.0006451708734897128,0.0003748704962484535,0.0002707078143347802,6.0414848405162836e-05,0.00048100078026439756,conversion,causal_forest
4,279592,0.00024769543159705755,0.00019141114898957312,0.0003205457760486752,3.972547793951758e-05,7.691644867747977e-05,-0.00011102799128706622,0.00019047894716610138,0.00024893548147530525,0.00020921000353578767,3.970457186308106e-05,-0.00011127462711139145,0.00019068377083755357,conversion,causal_forest
5,279591,0.00015313309376638933,0.00012019083806080744,0.00019141101802233607,-1.7268233173243976e-05,7.605517047963075e-05,-0.00016633362815137416,0.0001317971618048862,0.00019413157847030375,0.00021139981164354773,-1.808903265806917e-05,-0.00016752759789518746,0.00013134953257904912,conversion,causal_forest
6,279592,9.158399948680465e-05,6.442802987294272e-05,0.00012019083806080744,0.0001155046820992907,3.386281099242163e-05,4.9134792138857256e-05,0.00018187457205972414,0.00013916671161830118,2.366202951901048e-05,0.00011561256139329633,4.9394916712477814e-05,0.00018183020607411484,conversion,causal_forest
7,279592,4.332888761924431e-05,2.324494198546745e-05,6.442802987294272e-05,5.595776912132371e-05,5.416901858459652e-05,-5.0211556382366324e-05,0.00016212709462501374,0.00015173852118914873,9.578075206782502e-05,5.702545497337804e-05,-4.813783948272226e-05,0.00016218874942947834,conversion,causal_forest
8,279592,1.1317501075002766e-05,2.420865030217101e-06,2.324494198546745e-05,5.190024367177214e-05,2.9821748731717144e-05,-6.549309798396498e-06,0.00011034979714194078,7.578173418409461e-05,2.3881490512322468e-05,5.2056719509443756e-05,-6.17874954889653e-06,0.00011029218856778403,conversion,causal_forest
9,279592,-6.640470036936895e-08,-1.2894453220724245e-06,2.420865030217101e-06,5.628034264948341e-05,2.996700885619521e-05,-2.45391543305204e-06,0.00011501460073201885,7.99748687558152e-05,2.3694526106331792e-05,5.6233502591925965e-05,-2.613564046724099e-06,0.00011508056923057602,conversion,causal_forest
10,279591,-0.0003142952453274523,-0.0025147581472992897,-1.2894453220724245e-06,0.00015176318904705266,8.512237567722147e-05,-1.5073601558789702e-05,0.000318599979652895,0.00038848011620785125,0.0002367169271607986,0.00015317247929532265,-1.2631934536940626e-05,0.0003189768931275859,conversion,causal_forest
1,279592,0.005726343793890121,0.0008356038597412407,0.1471390575170517,0.008676516899756133,0.0007273257903644965,0.00725098454561459,0.010102049253897676,0.02541112487093488,0.016734607971178747,0.008389795604010562,0.006953119432389476,0.009826471775631649,conversion,class_transformation
2,279592,0.0006457946293885618,0.0004887167597189546,0.0008356038597412407,0.000802051325435694,0.0001974434524591358,0.0004150692696325415,0.0011890333812388466,0.002042886529970803,0.0012408352045351091,0.0008126172634419237,0.00042826745905865125,0.0011969670678251962,conversion,class_transformation
3,279592,0.00046637914924844666,0.000458347552921623,0.0004887167597189546,0.00016808532809281648,9.702537609672805e-05,-2.208091464322393e-05,0.0003582515708288569,0.0004783861848132946,0.0003103008567204781,0.0001694251117249193,-2.0770712463660096e-05,0.0003596209359134987,conversion,class_transformation
4,279592,0.000458347552921623,0.000458347552921623,0.000458347552921623,8.567286780348629e-05,6.577373149023478e-05,-4.324127704618191e-05,0.00021458701265315448,0.00022776033028581896,0.00014208746248233267,8.660034619942372e-05,-4.164241303416605e-05,0.0002148431054330135,conversion,class_transformation
5,279591,0.000458347552921623,0.000458347552921623,0.000458347552921623,2.330628877044645e-05,7.27040881374686e-05,-0.00011919110550781778,0.00016580368304871068,0.00021084080934590226,0.0001875345205754558,2.2430638936801783e-05,-0.00012060765785491207,0.00016546893572851564,conversion,class_transformation
6,279592,0.000458347552921623,0.000458347552921623,0.000458347552921623,3.0455083364058013e-05,8.159354927434445e-05,-0.00012946533458445137,0.0001903755013125674,0.00026569167207987106,0.00023523658871581305,3.240484317092412e-05,-0.00012659863978683447,0.00019140832612868272,conversion,class_transformation
7,279592,0.000458347552921623,0.000458347552921623,0.000458347552921623,2.6867680888209962e-05,7.300105659851536e-05,-0.0001162117608782502,0.00016994712265467013,0.0002149644504070472,0.00018809676951883722,2.5912643355237714e-05,-0.00011773523741625232,0.00016956052412672775,conversion,class_transformation
8,279592,0.000458347552921623,0.000458347552921623,0.000458347552921623,-1.0347765793358455e-05,8.128228577876504e-05,-0.00016965811850083016,0.00014896258691411324,0.0002273336317754266,0.00023768139756878505,-8.296307692483339e-06,-0.00016662009898321727,0.0001500274835982506,conversion,class_transformation
9,279592,0.000458347552921623,0.000458347552921623,0.000458347552921623,0.00014520744648049294,6.167899402534007e-05,2.4318839588165233e-05,0.00026609605337282066,0.00026144552521095883,0.00011623807873046591,0.00014387802998269686,2.1952334672923363e-05,0.00026580372529247035,conversion,class_transformation
10,279591,0.0004096177327725568,-0.03491263464093208,0.000458347552921623,0.0001586111481539584,0.00016649653948834966,-0.00016771607279375783,0.00048493836910167465,0.001128971557821859,0.0009703604096679005,0.00016670477225893383,-0.00015773249118554742,0.000491142035703415,conversion,class_transformation
