outcome,estimator,scorer_a,scorer_b,metric,estimate,ci_low,ci_high,p_boot
visit,plain,s_learner,response,ate,0.0,0.0,0.0,1.0
visit,plain,s_learner,response,qini_coefficient,0.00031496607569314605,0.00014552068987094997,0.0004639581680177049,0.0
visit,plain,s_learner,response,auuc,0.0003006794321732519,0.00013220168373778878,0.00044870517886639005,0.0
visit,plain,s_learner,response,auuc_random,0.0,0.0,0.0,1.0
visit,plain,s_learner,response,qini_normalized,0.0074532133288457425,0.0034526000567910355,0.011022235910381819,0.0
visit,plain,s_learner,response,auuc_normalized,0.004728795522736272,0.00208429177387762,0.007078098990685754,0.0
visit,plain,s_learner,response,uplift_at_5,0.04306563420203552,0.03542920950563614,0.0502364096909143,0.0
visit,plain,s_learner,response,incremental_at_5,6020.399092344338,4951.878865784608,6971.640947548359,0.0
visit,plain,s_learner,response,treated_rate_at_5,-0.1552344335692286,-0.15796334651227734,-0.15251535262866173,0.0
visit,plain,s_learner,response,control_rate_at_5,-0.19830006777126413,-0.20530601196062906,-0.19161591405085426,0.0
visit,plain,s_learner,response,anyway_share_at_5,-0.1609071999090922,-0.17902019773465247,-0.14434737864209554,0.0
visit,plain,s_learner,response,uplift_at_10,0.014209745325030998,0.010517826895708342,0.018183877167305802,0.0
visit,plain,s_learner,response,incremental_at_10,3972.928272967003,2978.736506819226,5067.696672736971,0.0
visit,plain,s_learner,response,treated_rate_at_10,-0.0907663239304281,-0.09226047366288789,-0.0893079791381043,0.0
visit,plain,s_learner,response,control_rate_at_10,-0.1049760692554591,-0.1083968952550603,-0.1017068521665986,0.0
visit,plain,s_learner,response,anyway_share_at_10,-0.09396519060573716,-0.10612054400186888,-0.08331581296509748,0.0
visit,plain,s_learner,response,uplift_at_20,0.0020077575623207444,0.0007032615718159552,0.0032802359386406555,0.01
visit,plain,s_learner,response,incremental_at_20,1122.7051016257356,400.00034816546867,1850.0792796119554,0.01
visit,plain,s_learner,response,treated_rate_at_20,-0.02957381530841338,-0.030070664041303898,-0.02896359290156213,0.0
visit,plain,s_learner,response,control_rate_at_20,-0.031581572870734126,-0.032726286144436234,-0.030342505094532478,0.0
visit,plain,s_learner,response,anyway_share_at_20,-0.03692282606562458,-0.043375964297235635,-0.030749955255355784,0.0
visit,plain,s_learner,response,uplift_at_30,0.00038016111002550645,-0.00040467633128396275,0.0011590240167510272,0.41
visit,plain,s_learner,response,incremental_at_30,318.86978712608834,-333.12429475203896,963.2944989297813,0.41
visit,plain,s_learner,response,treated_rate_at_30,-0.01353698760800967,-0.01384795991184558,-0.013207477698260814,0.0
visit,plain,s_learner,response,control_rate_at_30,-0.013917148718035177,-0.014571604335871626,-0.013236289360996812,0.0
visit,plain,s_learner,response,anyway_share_at_30,-0.020962842905126844,-0.02594535446239516,-0.016368879404366966,0.0
visit,plain,t_learner,response,ate,0.0,0.0,0.0,1.0
visit,plain,t_learner,response,qini_coefficient,9.167864646811297e-05,-0.00015384631972841886,0.0003156765241118371,0.47
visit,plain,t_learner,response,auuc,7.973574324662835e-05,-0.00016379324992579273,0.0003045093206950399,0.51
visit,plain,t_learner,response,auuc_random,0.0,0.0,0.0,1.0
visit,plain,t_learner,response,qini_normalized,0.0021694416083476165,-0.0036468295920438903,0.007466738754830441,0.47
visit,plain,t_learner,response,auuc_normalized,0.0012540067105403022,-0.002578131131203532,0.004792017242310736,0.51
visit,plain,t_learner,response,uplift_at_5,0.037548355285693225,0.029399309980333424,0.044840733942728174,0.0
visit,plain,t_learner,response,incremental_at_5,5249.106120683242,4143.420066312809,6272.20593923981,0.0
visit,plain,t_learner,response,treated_rate_at_5,-0.1548327229821458,-0.15739771421205698,-0.15224085367190407,0.0
visit,plain,t_learner,response,control_rate_at_5,-0.192381078267839,-0.19888314930875683,-0.18514954746520196,0.0
visit,plain,t_learner,response,anyway_share_at_5,-0.14565534806850222,-0.16300545553789117,-0.12949239889083503,0.0
visit,plain,t_learner,response,uplift_at_10,0.010973042491332768,0.007866973538126014,0.014672906143758064,0.0
visit,plain,t_learner,response,incremental_at_10,3067.972701628214,2211.5199659823875,4091.246432506814,0.0
visit,plain,t_learner,response,treated_rate_at_10,-0.09018624893117178,-0.09170988435717117,-0.08877371001933408,0.0
visit,plain,t_learner,response,control_rate_at_10,-0.10115929142250454,-0.10415235024151114,-0.09758297799689061,0.0
visit,plain,t_learner,response,anyway_share_at_10,-0.08212605671006001,-0.09381608601908492,-0.0721612566511495,0.0
visit,plain,t_learner,response,uplift_at_20,0.0014162564903722474,-0.0001799704880900997,0.0029462446653740265,0.11
visit,plain,t_learner,response,incremental_at_20,791.9474028097175,-103.16858809230735,1626.0824703074286,0.11
visit,plain,t_learner,response,treated_rate_at_20,-0.042397966484799654,-0.04298089262285019,-0.04162968737173013,0.0
visit,plain,t_learner,response,control_rate_at_20,-0.0438142229751719,-0.04521245522978678,-0.04235944635900694,0.0
visit,plain,t_learner,response,anyway_share_at_20,-0.04859980459713542,-0.056276789675110586,-0.04116802777584999,0.0
visit,plain,t_learner,response,uplift_at_30,-5.876272468301191e-05,-0.0011124173083677496,0.0008273475922493707,0.84
visit,plain,t_learner,response,incremental_at_30,-49.28872790108289,-929.4808874434985,699.5430190903913,0.82
visit,plain,t_learner,response,treated_rate_at_30,-0.02776825175249642,-0.028192447119613884,-0.02729323600148332,0.0
visit,plain,t_learner,response,control_rate_at_30,-0.027709489027813408,-0.028554289520380482,-0.026674137202252264,0.0
visit,plain,t_learner,response,anyway_share_at_30,-0.041225477575838165,-0.04763475107151942,-0.034510736933290896,0.0
visit,plain,x_learner,response,ate,0.0,0.0,0.0,1.0
visit,plain,x_learner,response,qini_coefficient,0.00035210703883726754,0.00012819395551413792,0.0005595804193351424,0.0
visit,plain,x_learner,response,auuc,0.00033635410679655996,0.00011345575848022991,0.0005435218684149038,0.0
visit,plain,x_learner,response,auuc_random,0.0,0.0,0.0,1.0
visit,plain,x_learner,response,qini_normalized,0.008332100113534344,0.003038382032753328,0.013223035820753517,0.0
visit,plain,x_learner,response,auuc_normalized,0.005289852328033709,0.0017856932467529576,0.008518980638473107,0.0
visit,plain,x_learner,response,uplift_at_5,0.042018239267393176,0.0339258784767456,0.04946304867617304,0.0
visit,plain,x_learner,response,incremental_at_5,5873.97757480057,4722.9107984105,6920.567676141034,0.0
visit,plain,x_learner,response,treated_rate_at_5,-0.1569583916405875,-0.15963991398800456,-0.15443869084619008,0.0
visit,plain,x_learner,response,control_rate_at_5,-0.19897663090798068,-0.20616713828335242,-0.19142506082158406,0.0
visit,plain,x_learner,response,anyway_share_at_5,-0.15929764226825605,-0.17673290424747595,-0.1408673999529627,0.0
visit,plain,x_learner,response,uplift_at_10,0.013121892020981601,0.00974917018007107,0.016721418190961936,0.0
visit,plain,x_learner,response,incremental_at_10,3668.7734095518845,2736.604322808308,4669.67580003955,0.0
visit,plain,x_learner,response,treated_rate_at_10,-0.09261437552220875,-0.09420977938354509,-0.09112662550115729,0.0
visit,plain,x_learner,response,control_rate_at_10,-0.10573626754319035,-0.1088854390836957,-0.10276417225782768,0.0
visit,plain,x_learner,response,anyway_share_at_10,-0.09162776771810521,-0.10411974135262796,-0.0827169135870384,0.0
visit,plain,x_learner,response,uplift_at_20,0.0021460813894192965,0.0005881819839631951,0.0036153761849103566,0.0
visit,plain,x_learner,response,incremental_at_20,1200.0535172284835,319.90629666582686,2013.5257915143188,0.0
visit,plain,x_learner,response,treated_rate_at_20,-0.03517467954957851,-0.03579311893193817,-0.03451857895053602,0.0
visit,plain,x_learner,response,control_rate_at_20,-0.037320760938997805,-0.038649596682832736,-0.03597025869557907,0.0
visit,plain,x_learner,response,anyway_share_at_20,-0.04393702343609851,-0.051207605044209716,-0.036778313302746224,0.0
visit,plain,x_learner,response,uplift_at_30,0.00035123777075866947,-0.000603951647886258,0.0013657658166160657,0.47
visit,plain,x_learner,response,incremental_at_30,294.6096016632109,-505.2786568019047,1146.208190004254,0.47
visit,plain,x_learner,response,treated_rate_at_30,-0.021004911934563886,-0.02142026836959657,-0.020633638925638968,0.0
visit,plain,x_learner,response,control_rate_at_30,-0.021356149705322555,-0.022341313782392375,-0.020495169319416962,0.0
visit,plain,x_learner,response,anyway_share_at_30,-0.03255911113375687,-0.03923308505885689,-0.026248154829374315,0.0
visit,plain,dr_learner,response,ate,0.0,0.0,0.0,1.0
visit,plain,dr_learner,response,qini_coefficient,0.0002860257793935658,0.0001454247818462969,0.00041901722669807453,0.0
visit,plain,dr_learner,response,auuc,0.00027131633954017437,0.00013025382557094902,0.00040252553710244665,0.0
visit,plain,dr_learner,response,auuc_random,0.0,0.0,0.0,1.0
visit,plain,dr_learner,response,qini_normalized,0.006768383378045209,0.0034693843776446224,0.009824723966538029,0.0
visit,plain,dr_learner,response,auuc_normalized,0.004267001179260918,0.0020583494277591147,0.0062951385943601345,0.0
visit,plain,dr_learner,response,uplift_at_5,0.04648323360052142,0.03833662100122969,0.05348618891127608,0.0
visit,plain,dr_learner,response,incremental_at_5,6498.165476095133,5349.384374453339,7494.930687079943,0.0
visit,plain,dr_learner,response,treated_rate_at_5,-0.16409544000277354,-0.16689026382955344,-0.16158772499199117,0.0
visit,plain,dr_learner,response,control_rate_at_5,-0.21057867360329496,-0.21717466878827113,-0.20365883065149415,0.0
visit,plain,dr_learner,response,anyway_share_at_5,-0.17695362773456536,-0.19262425930956953,-0.16021927591545002,0.0
visit,plain,dr_learner,response,uplift_at_10,0.012960131318417584,0.009349668998246852,0.016743166199898775,0.0
visit,plain,dr_learner,response,incremental_at_10,3623.5464435527447,2582.001485212904,4671.310233937282,0.0
visit,plain,dr_learner,response,treated_rate_at_10,-0.09978908095206662,-0.10142336606057203,-0.09828481853329539,0.0
visit,plain,dr_learner,response,control_rate_at_10,-0.1127492122704842,-0.11602735637152084,-0.10938628971899363,0.0
visit,plain,dr_learner,response,anyway_share_at_10,-0.09701791148670136,-0.10912596273871566,-0.08628872182826257,0.0
visit,plain,dr_learner,response,uplift_at_20,0.0007580922338409068,-0.000803519933468666,0.002167916549006849,0.35
visit,plain,dr_learner,response,incremental_at_20,423.9127444511978,-427.07695888822593,1189.1056444761075,0.35
visit,plain,dr_learner,response,treated_rate_at_20,-0.028593657100147274,-0.029172551330233457,-0.027992308335711504,0.0
visit,plain,dr_learner,response,control_rate_at_20,-0.02935174933398818,-0.030516653810987667,-0.028124238512230094,0.0
visit,plain,dr_learner,response,anyway_share_at_20,-0.02943760386937222,-0.03639821328541238,-0.022318341776974403,0.0
visit,plain,dr_learner,response,uplift_at_30,-0.0001941162740126956,-0.0009458888967310494,0.0005988552017673118,0.51
visit,plain,dr_learner,response,incremental_at_30,-162.8199553815066,-802.8616451898872,493.5491439751506,0.53
visit,plain,dr_learner,response,treated_rate_at_30,-0.010021528385803391,-0.010304246776077785,-0.009772994803834152,0.0
visit,plain,dr_learner,response,control_rate_at_30,-0.009827412111790695,-0.010478019317089754,-0.009051266790814513,0.0
visit,plain,dr_learner,response,anyway_share_at_30,-0.01187306243592201,-0.016253541316224213,-0.007112945165165043,0.0
visit,plain,causal_forest,response,ate,0.0,0.0,0.0,1.0
visit,plain,causal_forest,response,qini_coefficient,0.0001285419605911442,7.048091913696963e-06,0.0002604283694941193,0.05
visit,plain,causal_forest,response,auuc,0.00011320118327354418,-7.399916601880407e-06,0.00024351849676424678,0.09
visit,plain,causal_forest,response,auuc_random,0.0,0.0,0.0,1.0
visit,plain,causal_forest,response,qini_normalized,0.003041758233439898,0.00016763369231260493,0.006163107459340779,0.05
visit,plain,causal_forest,response,auuc_normalized,0.0017803188091825989,-0.00011680689110433837,0.003829598773645489,0.09
visit,plain,causal_forest,response,uplift_at_5,0.04515769580067244,0.0371327317097891,0.051890942847374964,0.0
visit,plain,causal_forest,response,incremental_at_5,6312.860726381225,5185.2402840286895,7230.073701828453,0.0
visit,plain,causal_forest,response,treated_rate_at_5,-0.1740238802265377,-0.17687885901752054,-0.17144773839899988,0.0
visit,plain,causal_forest,response,control_rate_at_5,-0.21918157602721014,-0.22604126929398244,-0.21151899497641563,0.0
visit,plain,causal_forest,response,anyway_share_at_5,-0.1811520967887117,-0.19790603463571396,-0.162984214996538,0.0
visit,plain,causal_forest,response,uplift_at_10,0.015066397900594275,0.011444644853238853,0.019399732603372914,0.0
visit,plain,causal_forest,response,incremental_at_10,4212.441308543375,3147.66120532813,5429.228727557508,0.0
visit,plain,causal_forest,response,treated_rate_at_10,-0.11816749322875697,-0.11976163051752903,-0.11645212465463124,0.0
visit,plain,causal_forest,response,control_rate_at_10,-0.13323389112935125,-0.13697700770144397,-0.1297763232425549,0.0
visit,plain,causal_forest,response,anyway_share_at_10,-0.12201641426419829,-0.13618637192523222,-0.10989397159183262,0.0
visit,plain,causal_forest,response,uplift_at_20,0.00036393039068213784,-0.0010906751298504394,0.0018278294901284903,0.66
visit,plain,causal_forest,response,incremental_at_20,203.503906011043,-621.1798349872901,1016.3385196961749,0.65
visit,plain,causal_forest,response,treated_rate_at_20,-0.03145650246634624,-0.031932605347106804,-0.03087652586686859,0.0
visit,plain,causal_forest,response,control_rate_at_20,-0.031820432857028375,-0.03312670123272837,-0.030487250398096872,0.0
visit,plain,causal_forest,response,anyway_share_at_20,-0.030416273403029326,-0.03747722441794794,-0.0238315256487127,0.0
visit,plain,causal_forest,response,uplift_at_30,-0.0008210056865308873,-0.001565822731968497,-4.895944145316627e-05,0.04
visit,plain,causal_forest,response,incremental_at_30,-688.6393731222197,-1336.0854826319853,-37.52053385080724,0.04
visit,plain,causal_forest,response,treated_rate_at_30,-0.011180498890167895,-0.01147945333428977,-0.010903090788025014,0.0
visit,plain,causal_forest,response,control_rate_at_30,-0.010359493203637007,-0.01112542498963045,-0.009585253816894155,0.0
visit,plain,causal_forest,response,anyway_share_at_30,-0.009162085237789164,-0.013994874351966844,-0.004215803617384286,0.0
visit,plain,class_transformation,response,ate,0.0,0.0,0.0,1.0
visit,plain,class_transformation,response,qini_coefficient,0.00018386546103386046,9.407630318666314e-06,0.00037176824224823186,0.05
visit,plain,class_transformation,response,auuc,0.00016985197420754487,-3.933453083088942e-06,0.000355358857043709,0.06
visit,plain,class_transformation,response,auuc_random,0.0,0.0,0.0,1.0
visit,plain,class_transformation,response,qini_normalized,0.004350908274410578,0.00022295210280413535,0.0088231233872804,0.05
visit,plain,class_transformation,response,auuc_normalized,0.0026712676998064608,-6.191035715529578e-05,0.00559031918724393,0.06
visit,plain,class_transformation,response,uplift_at_5,0.04414435388312693,0.035926307356114996,0.051597721998754856,0.0
visit,plain,class_transformation,response,incremental_at_5,6171.199681010225,5035.579644121081,7186.445558643725,0.0
visit,plain,class_transformation,response,treated_rate_at_5,-0.16467724882557588,-0.1675124177379766,-0.1619019468360006,0.0
visit,plain,class_transformation,response,control_rate_at_5,-0.2088216027087028,-0.21603171868354382,-0.2017260154171419,0.0
visit,plain,class_transformation,response,anyway_share_at_5,-0.17089265720536573,-0.18859217652037205,-0.15263678095372937,0.0
visit,plain,class_transformation,response,uplift_at_10,0.011943057536457052,0.008152165202779421,0.016073934170415752,0.0
visit,plain,class_transformation,response,incremental_at_10,3339.1809541215935,2284.0261893340785,4522.530655885344,0.0
visit,plain,class_transformation,response,treated_rate_at_10,-0.10282069723233156,-0.10448591304235906,-0.10134289498939016,0.0
visit,plain,class_transformation,response,control_rate_at_10,-0.11476375476878861,-0.11847224387735483,-0.11104055530245567,0.0
visit,plain,class_transformation,response,anyway_share_at_10,-0.09589426569172732,-0.10709666165070963,-0.08455786475067073,0.0
visit,plain,class_transformation,response,uplift_at_20,0.0010457408743798358,-0.0005995638757428978,0.002722843888490495,0.23
visit,plain,class_transformation,response,incremental_at_20,584.7611468028626,-315.6554293818486,1520.0542084373703,0.23
visit,plain,class_transformation,response,treated_rate_at_20,-0.039435226252109545,-0.04008364304677685,-0.03886112363376702,0.0
visit,plain,class_transformation,response,control_rate_at_20,-0.04048096712648938,-0.04188484009278571,-0.039188303286547585,0.0
visit,plain,class_transformation,response,anyway_share_at_20,-0.04299639940398048,-0.05089850468009961,-0.03556997022248502,0.0
visit,plain,class_transformation,response,uplift_at_30,-0.0007141012772368116,-0.0016327133619999277,0.00010538067681136521,0.1
visit,plain,class_transformation,response,incremental_at_30,-598.9705844548189,-1389.1573868244418,102.08965309538134,0.11
visit,plain,class_transformation,response,treated_rate_at_30,-0.019021552987217194,-0.01939996500888177,-0.01865694532526621,0.0
visit,plain,class_transformation,response,control_rate_at_30,-0.018307451709980382,-0.01912128000512269,-0.017419041365285933,0.0
visit,plain,class_transformation,response,anyway_share_at_30,-0.02148873472591084,-0.026992646494066193,-0.015202277500425413,0.0
visit,plain,response,random,ate,0.0,0.0,0.0,1.0
visit,plain,response,random,qini_coefficient,0.0036402328240279502,0.003337519902071599,0.003937154475567229,0.0
visit,plain,response,random,auuc,0.0036179033200055277,0.0033171067519631135,0.003914632551322847,0.0
visit,plain,response,random,auuc_random,0.0,0.0,0.0,1.0
visit,plain,response,random,qini_normalized,0.08614080657556131,0.07895298781234235,0.09336484907423707,0.0
visit,plain,response,random,auuc_normalized,0.05689888695638143,0.052111089034947045,0.061535921196659814,0.0
visit,plain,response,random,uplift_at_5,0.04507039858870553,0.03587943869346272,0.05335045135765251,0.0
visit,plain,response,random,incremental_at_5,6300.656934066819,5009.693028960616,7474.742108890933,0.0
visit,plain,response,random,treated_rate_at_5,0.4740572509924065,0.4708957568733941,0.47678635037210876,0.0
visit,plain,response,random,control_rate_at_5,0.42898685240370094,0.422193038008723,0.43786190085944027,0.0
visit,plain,response,random,anyway_share_at_5,0.08898594752897981,0.03198023980556189,0.14367614251429286,0.0
visit,plain,response,random,uplift_at_10,0.041534493047994274,0.03707869142407053,0.04652058285015219,0.0
visit,plain,response,random,incremental_at_10,11612.703673376203,10366.108652261395,13017.263298884653,0.0
visit,plain,response,random,treated_rate_at_10,0.32632477034004914,0.32451699174522536,0.32806386720021713,0.0
visit,plain,response,random,control_rate_at_10,0.28479027729205486,0.28045701959233765,0.2892282511591698,0.0
visit,plain,response,random,anyway_share_at_10,0.06942138322367664,0.02901846257703111,0.10068588527509083,0.0
visit,plain,response,random,uplift_at_20,0.028118686870078978,0.025485694210667435,0.030578154945499147,0.0
visit,plain,response,random,incremental_at_20,15723.508551283496,14253.697508142464,17108.183208933155,0.0
visit,plain,response,random,treated_rate_at_20,0.17439043966713266,0.1732966981649614,0.17561526217970214,0.0
visit,plain,response,random,control_rate_at_20,0.14627175279705368,0.1439361210718829,0.14875831444598114,0.0
visit,plain,response,random,anyway_share_at_20,0.0448278125143905,0.017821150008615522,0.07301398449789032,0.0
visit,plain,response,random,uplift_at_30,0.01929624359256904,0.017733916001511897,0.020865826918539245,0.0
visit,plain,response,random,incremental_at_30,16185.214437854534,14864.00214545997,17531.311714300933,0.0
visit,plain,response,random,treated_rate_at_30,0.10666722290995925,0.10596174385921832,0.10749074517725112,0.0
visit,plain,response,random,control_rate_at_30,0.08737097931739021,0.08582299363305053,0.08877897199666906,0.0
visit,plain,response,random,anyway_share_at_30,0.02347875736355487,0.003221614937977058,0.04006932478686795,0.02
visit,ipw,s_learner,response,ate,-3.226585665316861e-16,-2.22066288968481e-16,2.5383341262230643e-16,0.93
visit,ipw,s_learner,response,qini_coefficient,0.00020696663653105903,4.565673910680178e-05,0.0003490920599739793,0.01
visit,ipw,s_learner,response,auuc,0.00020692320763831488,4.6243622287575796e-05,0.0003489748305185556,0.01
visit,ipw,s_learner,response,auuc_random,-1.6306400674181987e-16,-1.1102230246251565e-16,1.2565903179107004e-16,0.93
visit,ipw,s_learner,response,qini_normalized,0.004810833568630435,0.0010594629157681791,0.008152906524596501,0.01
visit,ipw,s_learner,response,auuc_normalized,0.0032228576840347065,0.0007192854429204411,0.005454630446760907,0.01
visit,ipw,s_learner,response,uplift_at_5,0.03645289879730573,0.029148385729906984,0.04321337718456438,0.0
visit,ipw,s_learner,response,incremental_at_5,5089.809975225224,4086.224425088477,6034.907850166867,0.0
visit,ipw,s_learner,response,treated_rate_at_5,-0.15558475926694737,-0.15831157802020557,-0.15283003518525295,0.0
visit,ipw,s_learner,response,control_rate_at_5,-0.1920376580642531,-0.19846516103426146,-0.18516279315876238,0.0
visit,ipw,s_learner,response,anyway_share_at_5,-0.1488078698647909,-0.1653210195596577,-0.13263717863416302,0.0
visit,ipw,s_learner,response,uplift_at_10,0.010587979820306792,0.007112451099862539,0.014157767649453331,0.0
visit,ipw,s_learner,response,incremental_at_10,2958.123351870361,1996.7144339625083,3985.5548396092568,0.0
visit,ipw,s_learner,response,treated_rate_at_10,-0.09103716991614974,-0.0925489125778668,-0.08956184950854108,0.0
visit,ipw,s_learner,response,control_rate_at_10,-0.10162514973645653,-0.10473991258982839,-0.09850709112427988,0.0
visit,ipw,s_learner,response,anyway_share_at_10,-0.0822925609683064,-0.09382123896763787,-0.07167495968001136,0.0
visit,ipw,s_learner,response,uplift_at_20,0.0014832273520415107,0.00019686783674971318,0.002759184040388635,0.03
visit,ipw,s_learner,response,incremental_at_20,830.2146134317409,125.57326652434988,1541.7532434841326,0.03
visit,ipw,s_learner,response,treated_rate_at_20,-0.029607051299915893,-0.030109683572227854,-0.028992474605728652,0.0
visit,ipw,s_learner,response,control_rate_at_20,-0.031090278651957404,-0.03218779788547435,-0.0298799683020363,0.0
visit,ipw,s_learner,response,anyway_share_at_20,-0.03178035582675709,-0.03818392248382751,-0.025679488006753893,0.0
visit,ipw,s_learner,response,uplift_at_30,0.00017418567640636873,-0.0005835612422243844,0.000942095160502279,0.71
visit,ipw,s_learner,response,incremental_at_30,145.11989095797253,-488.56364593700226,781.9174166691612,0.72
visit,ipw,s_learner,response,treated_rate_at_30,-0.01354357426135469,-0.013855394454289615,-0.013212364895332515,0.0
visit,ipw,s_learner,response,control_rate_at_30,-0.01371775993776106,-0.014340756903096729,-0.013050837357460023,0.0
visit,ipw,s_learner,response,anyway_share_at_30,-0.01669667008480835,-0.021553332801095833,-0.012162929872251845,0.0
visit,ipw,t_learner,response,ate,-2.1684043449710089e-16,-2.602518894834205e-16,2.049358946432101e-16,0.82
visit,ipw,t_learner,response,qini_coefficient,-6.715974950303582e-05,-0.0003069882444857621,0.0001537454885409359,0.62
visit,ipw,t_learner,response,auuc,-6.694449360268671e-05,-0.00030603770056852967,0.00015316523907175241,0.63
visit,ipw,t_learner,response,auuc_random,-1.0755285551056204e-16,-1.2886827022162705e-16,1.0418098675413214e-16,0.86
visit,ipw,t_learner,response,qini_normalized,-0.0015610940139210855,-0.007150186566253364,0.0035739452315087447,0.62
visit,ipw,t_learner,response,auuc_normalized,-0.001042669781090154,-0.0047716313605625366,0.002387080882323662,0.63
visit,ipw,t_learner,response,uplift_at_5,0.03225677853471448,0.024730664138231627,0.038871166886372974,0.0
visit,ipw,t_learner,response,incremental_at_5,4503.146052878461,3443.6555037844796,5417.542032786467,0.0
visit,ipw,t_learner,response,treated_rate_at_5,-0.15515907214357677,-0.15774128956909214,-0.15251512423813543,0.0
visit,ipw,t_learner,response,control_rate_at_5,-0.18741585067829125,-0.19365508583622412,-0.1806087791356463,0.0
visit,ipw,t_learner,response,anyway_share_at_5,-0.13708686387207825,-0.15373878968067495,-0.12164091209912563,0.0
visit,ipw,t_learner,response,uplift_at_10,0.007899690237762463,0.004848965426075601,0.01147117823983222,0.0
visit,ipw,t_learner,response,incremental_at_10,2207.1622988844047,1389.1084035481485,3201.6661454453783,0.0
visit,ipw,t_learner,response,treated_rate_at_10,-0.09044950415707781,-0.09198662715499602,-0.08902889330092038,0.0
visit,ipw,t_learner,response,control_rate_at_10,-0.09834919439484027,-0.1011306820758202,-0.0949358906101946,0.0
visit,ipw,t_learner,response,anyway_share_at_10,-0.07234647091846136,-0.08381494411994968,-0.06259578775821062,0.0
visit,ipw,t_learner,response,uplift_at_20,-2.715849473666765e-05,-0.0015601719617255253,0.0014614936122932984,0.93
visit,ipw,t_learner,response,incremental_at_20,-14.876265614166186,-867.6033656898348,819.454401310161,0.94
visit,ipw,t_learner,response,treated_rate_at_20,-0.04258292110378914,-0.043168219455186355,-0.04180595253632007,0.0
visit,ipw,t_learner,response,control_rate_at_20,-0.04255576260905247,-0.043919372239169224,-0.04117493835259934,0.0
visit,ipw,t_learner,response,anyway_share_at_20,-0.036963414162829666,-0.04447624968371141,-0.02978564748455344,0.0
visit,ipw,t_learner,response,uplift_at_30,-0.0009336326110500059,-0.0019525054167863494,-3.952342646785204e-05,0.05
visit,ipw,t_learner,response,incremental_at_30,-783.4685035167713,-1641.682162165469,-28.953104646468773,0.05
visit,ipw,t_learner,response,treated_rate_at_30,-0.027889009403236853,-0.028313562888416396,-0.027409949488174042,0.0
visit,ipw,t_learner,response,control_rate_at_30,-0.026955376792186847,-0.027807357640534675,-0.025958181248400155,0.0
visit,ipw,t_learner,response,anyway_share_at_30,-0.028051429695672092,-0.03444554453481468,-0.02123411529818925,0.0
visit,ipw,x_learner,response,ate,1.6132928326584306e-16,-9.627715291671278e-18,4.851587881438136e-16,0.06
visit,ipw,x_learner,response,qini_coefficient,0.00019088173495765415,-2.377628609249059e-05,0.00038948746187724884,0.11
visit,ipw,x_learner,response,auuc,0.00019021599238248487,-2.4433473822795308e-05,0.00038947811870190184,0.11
visit,ipw,x_learner,response,auuc_random,7.936359902593892e-17,-3.968179951296945e-18,2.3965204820619596e-16,0.07
visit,ipw,x_learner,response,qini_normalized,0.004436948261633919,-0.0005558416166122196,0.009038438347433115,0.11
visit,ipw,x_learner,response,auuc_normalized,0.0029626404871269107,-0.0003809485366425188,0.0060656845164923185,0.11
visit,ipw,x_learner,response,uplift_at_5,0.036400111179299255,0.028452943904871037,0.04354321832690389,0.0
visit,ipw,x_learner,response,incremental_at_5,5082.577442527956,3959.7844144945657,6098.485199593206,0.0
visit,ipw,x_learner,response,treated_rate_at_5,-0.1571790670915889,-0.15989731085715755,-0.15462002250295903,0.0
visit,ipw,x_learner,response,control_rate_at_5,-0.19357917827088816,-0.20036057654385578,-0.1864013259918136,0.0
visit,ipw,x_learner,response,anyway_share_at_5,-0.1498222438235448,-0.16594274909351378,-0.13197887868585859,0.0
visit,ipw,x_learner,response,uplift_at_10,0.010240446850456691,0.00697877736602784,0.013664266530063017,0.0
visit,ipw,x_learner,response,incremental_at_10,2862.007562672008,1953.0251646821187,3839.6186578862894,0.0
visit,ipw,x_learner,response,treated_rate_at_10,-0.0927894310224337,-0.09440265095701995,-0.0912823792051178,0.0
visit,ipw,x_learner,response,control_rate_at_10,-0.10302987787289039,-0.1061078476192516,-0.10019663515127442,0.0
visit,ipw,x_learner,response,anyway_share_at_10,-0.08243773190118708,-0.09410300826912914,-0.07364046492260339,0.0
visit,ipw,x_learner,response,uplift_at_20,0.0009753474081326263,-0.000526588339117736,0.002434491701087105,0.21
visit,ipw,x_learner,response,incremental_at_20,545.0196684781222,-303.16769227867013,1335.3406182595838,0.2
visit,ipw,x_learner,response,treated_rate_at_20,-0.035299641845181584,-0.03592207105887067,-0.03463723867522401,0.0
visit,ipw,x_learner,response,control_rate_at_20,-0.03627498925331421,-0.03758778735033398,-0.03500175323454001,0.0
visit,ipw,x_learner,response,anyway_share_at_20,-0.03479506371761609,-0.04213426595516399,-0.02805943348265221,0.0
visit,ipw,x_learner,response,uplift_at_30,-0.0003045705010861627,-0.0012282150303674715,0.0006687731042088291,0.48
visit,ipw,x_learner,response,incremental_at_30,-257.583986542566,-1040.0815866133082,559.0453517576567,0.49
visit,ipw,x_learner,response,treated_rate_at_30,-0.021073552664861467,-0.02148785978060252,-0.020701723412863988,0.0
visit,ipw,x_learner,response,control_rate_at_30,-0.020768982163775304,-0.02172381159379302,-0.01995981681804363,0.0
visit,ipw,x_learner,response,anyway_share_at_30,-0.023123745942358775,-0.02969617577917206,-0.017119750190182022,0.0
visit,ipw,dr_learner,response,ate,-3.529208175701015e-14,-1.245041396369384e-14,-1.0864226185347548e-14,0.0
visit,ipw,dr_learner,response,qini_coefficient,0.00022533214615923529,9.254990874478427e-05,0.000354056112311579,0.0
visit,ipw,dr_learner,response,auuc,0.00022530840648564508,9.197981893441635e-05,0.00035410626333231383,0.0
visit,ipw,dr_learner,response,auuc_random,-1.764864296371904e-14,-6.224361304152381e-15,-5.429500165438084e-15,0.0
visit,ipw,dr_learner,response,qini_normalized,0.0052377304429533506,0.002168671597671968,0.008209082051653922,0.0
visit,ipw,dr_learner,response,auuc_normalized,0.0035092097085862514,0.0014395396261919903,0.005514735380442493,0.0
visit,ipw,dr_learner,response,uplift_at_5,0.038937103594528955,0.030797500267453412,0.04567736742356362,0.0
visit,ipw,dr_learner,response,incremental_at_5,5437.093503385471,4326.410068651906,6381.517614185778,0.0
visit,ipw,dr_learner,response,treated_rate_at_5,-0.16449995855048744,-0.16729764126725766,-0.16200549865807773,0.0
visit,ipw,dr_learner,response,control_rate_at_5,-0.2034370621450164,-0.20949167671252208,-0.19660425517724006,0.0
visit,ipw,dr_learner,response,anyway_share_at_5,-0.1623529612365957,-0.1777298528323976,-0.145906447000874,0.0
visit,ipw,dr_learner,response,uplift_at_10,0.009397956865918655,0.00588190608623504,0.013064697051331549,0.0
visit,ipw,dr_learner,response,incremental_at_10,2626.9408157895687,1617.564997899081,3657.7845596060993,0.0
visit,ipw,dr_learner,response,treated_rate_at_10,-0.10005668737546752,-0.10170492517242777,-0.0985336751477138,0.0
visit,ipw,dr_learner,response,control_rate_at_10,-0.10945464424138618,-0.11240562391654282,-0.10634024022742328,0.0
visit,ipw,dr_learner,response,anyway_share_at_10,-0.0852470530836944,-0.0966726376185674,-0.07496006270871136,0.0
visit,ipw,dr_learner,response,uplift_at_20,0.00039086794420872817,-0.0011251221028350188,0.0017775632145406485,0.63
visit,ipw,dr_learner,response,incremental_at_20,218.38444491664995,-613.7149833435841,988.2560432616281,0.64
visit,ipw,dr_learner,response,treated_rate_at_20,-0.02860814711431045,-0.02918951550002302,-0.028008690311669648,0.0
visit,ipw,dr_learner,response,control_rate_at_20,-0.02899901505851918,-0.030107120192351927,-0.02782067376609368,0.0
visit,ipw,dr_learner,response,anyway_share_at_20,-0.025154174486141545,-0.031940370411749304,-0.018159804039560593,0.0
visit,ipw,dr_learner,response,uplift_at_30,-0.00019374686698368782,-0.0009313041697876858,0.0005896550381464003,0.49
visit,ipw,dr_learner,response,incremental_at_30,-164.3461248843123,-787.4751271268509,491.01411539208175,0.51
visit,ipw,dr_learner,response,treated_rate_at_30,-0.009998327555603481,-0.010283396024275707,-0.009747738203287044,0.0
visit,ipw,dr_learner,response,control_rate_at_30,-0.009804580688619793,-0.010455866983964229,-0.009076827786109114,0.0
visit,ipw,dr_learner,response,anyway_share_at_30,-0.00978626678297545,-0.014120149698696627,-0.005032669232474357,0.0
visit,ipw,causal_forest,response,ate,-1.448494102440634e-16,-2.6122767143865745e-16,2.741079932477852e-16,1.0
visit,ipw,causal_forest,response,qini_coefficient,4.620686288003004e-05,-6.545638308119829e-05,0.0001719897265266218,0.54
visit,ipw,causal_forest,response,auuc,4.6174883705310706e-05,-6.718716039627755e-05,0.000171652932058244,0.54
visit,ipw,causal_forest,response,auuc_random,-7.24247051220317e-17,-1.2845627339608256e-16,1.3540600932171466e-16,1.0
visit,ipw,causal_forest,response,qini_normalized,0.0010740548852229692,-0.001520113895120599,0.003999771492268032,0.54
visit,ipw,causal_forest,response,auuc_normalized,0.0007191802237055123,-0.001045659093514695,0.002674206805301865,0.54
visit,ipw,causal_forest,response,uplift_at_5,0.03609655949445145,0.028919616182791034,0.0427293233580184,0.0
visit,ipw,causal_forest,response,incremental_at_5,5040.8083374647285,4014.415528337673,5940.002916544842,0.0
visit,ipw,causal_forest,response,treated_rate_at_5,-0.17465320101014792,-0.1775157690287125,-0.17206648917895795,0.0
visit,ipw,causal_forest,response,control_rate_at_5,-0.21074976050459937,-0.21725616276217313,-0.20380190043565735,0.0
visit,ipw,causal_forest,response,anyway_share_at_5,-0.16233895936132015,-0.17838126494075512,-0.14445193193433586,0.0
visit,ipw,causal_forest,response,uplift_at_10,0.00848785583934264,0.00490726630922165,0.012566699816093397,0.0
visit,ipw,causal_forest,response,incremental_at_10,2372.0928085691467,1328.2818236640364,3498.5607610195902,0.0
visit,ipw,causal_forest,response,treated_rate_at_10,-0.1188616459602077,-0.12046604869102817,-0.11712202014823654,0.0
visit,ipw,causal_forest,response,control_rate_at_10,-0.12734950179955035,-0.13085497601697368,-0.12411948996263335,0.0
visit,ipw,causal_forest,response,anyway_share_at_10,-0.09824070184071343,-0.11215971799728047,-0.08647643766923124,0.0
visit,ipw,causal_forest,response,uplift_at_20,-0.0006147372773807613,-0.0020112718218294836,0.0007761069987277231,0.41
visit,ipw,causal_forest,response,incremental_at_20,-344.4469099732378,-1123.725660367685,432.85327639919467,0.4
visit,ipw,causal_forest,response,treated_rate_at_20,-0.031568472323263014,-0.032053189803485045,-0.03098646093253925,0.0
visit,ipw,causal_forest,response,control_rate_at_20,-0.030953735045882252,-0.032189884287979594,-0.029704017160942793,0.0
visit,ipw,causal_forest,response,anyway_share_at_20,-0.022690265126328324,-0.02959076031109897,-0.01644343427231151,0.0
visit,ipw,causal_forest,response,uplift_at_30,-0.0009795704529317745,-0.0017170040883782243,-0.00025680785639151414,0.02
visit,ipw,causal_forest,response,incremental_at_30,-823.038493273234,-1436.1342381352367,-216.23296687067392,0.02
visit,ipw,causal_forest,response,treated_rate_at_30,-0.011186207630300565,-0.011484450573108975,-0.010907640738711753,0.0
visit,ipw,causal_forest,response,control_rate_at_30,-0.01020663717736879,-0.010934021233391501,-0.009483345922326952,0.0
visit,ipw,causal_forest,response,anyway_share_at_30,-0.005703141712842252,-0.010509312087260154,-0.0008320838892608085,0.02
visit,ipw,class_transformation,response,ate,-3.528254077789228e-14,-1.2470775280493119e-14,-1.094027212572568e-14,0.0
visit,ipw,class_transformation,response,qini_coefficient,6.85297451055826e-05,-0.00010164430707966166,0.00025304053059307095,0.49
visit,ipw,class_transformation,response,auuc,6.882357837903908e-05,-0.00010171083603342666,0.000254686623287272,0.48
visit,ipw,class_transformation,response,auuc_random,-1.7642137750684128e-14,-6.2388462451767876e-15,-5.474342767292084e-15,0.0
visit,ipw,class_transformation,response,qini_normalized,0.0015929388607238137,-0.0023641304708467386,0.005873185706752439,0.49
visit,ipw,class_transformation,response,auuc_normalized,0.0010719367876127137,-0.001584821443956469,0.003955939476025257,0.48
visit,ipw,class_transformation,response,uplift_at_5,0.036948359807013,0.028929351390931134,0.04422422208346723,0.0
visit,ipw,class_transformation,response,incremental_at_5,5158.791021609293,4066.12584664283,6151.168520624511,0.0
visit,ipw,class_transformation,response,treated_rate_at_5,-0.1650929904246215,-0.16792895824816612,-0.1622552341213215,0.0
visit,ipw,class_transformation,response,control_rate_at_5,-0.2020413502316345,-0.20878242350989665,-0.19539622395562514,0.0
visit,ipw,class_transformation,response,anyway_share_at_5,-0.157256430553271,-0.17488277017934692,-0.14042597378659225,0.0
visit,ipw,class_transformation,response,uplift_at_10,0.008049657415079209,0.004428659595368151,0.01186261449655354,0.0
visit,ipw,class_transformation,response,incremental_at_10,2249.973491579296,1219.0845989602853,3344.006885020992,0.0
visit,ipw,class_transformation,response,treated_rate_at_10,-0.10316074507593548,-0.10484960564709701,-0.1016693994355671,0.0
visit,ipw,class_transformation,response,control_rate_at_10,-0.11121040249101469,-0.11463357489069778,-0.10771786359930971,0.0
visit,ipw,class_transformation,response,anyway_share_at_10,-0.08284110904966713,-0.09445716425107396,-0.07168492494549958,0.0
visit,ipw,class_transformation,response,uplift_at_20,-0.00014017562628473867,-0.001707950900462988,0.00142404513127366,0.78
visit,ipw,class_transformation,response,incremental_at_20,-78.84111328253493,-938.2035243563492,813.0929517231087,0.77
visit,ipw,class_transformation,response,treated_rate_at_20,-0.03956241798558166,-0.04021286516037923,-0.03898809766152418,0.0
visit,ipw,class_transformation,response,control_rate_at_20,-0.03942224235929692,-0.04078352846274249,-0.03820504093847838,0.0
visit,ipw,class_transformation,response,anyway_share_at_20,-0.03314160193936555,-0.040881777710353444,-0.02563974453604058,0.0
visit,ipw,class_transformation,response,uplift_at_30,-0.00093663321914432,-0.0018234681508426016,-0.00012899971394764092,0.04
visit,ipw,class_transformation,response,incremental_at_30,-787.6553319384439,-1547.9566137661004,-113.62203930119273,0.04
visit,ipw,class_transformation,response,treated_rate_at_30,-0.01902376804905237,-0.0194043700847376,-0.01865739818087433,0.0
visit,ipw,class_transformation,response,control_rate_at_30,-0.01808713482990805,-0.01886497607512887,-0.017255578800131503,0.0
visit,ipw,class_transformation,response,anyway_share_at_30,-0.01565988432450416,-0.02138188521034697,-0.009667668258344243,0.0
visit,ipw,response,random,ate,8.326672684688674e-17,-2.0471905420871295e-16,2.440322249830374e-16,0.86
visit,ipw,response,random,qini_coefficient,0.00316070248846004,0.0028486543216761882,0.0034392825282370614,0.0
visit,ipw,response,random,auuc,0.003161744858592932,0.0028503688733883983,0.0034419875371564253,0.0
visit,ipw,response,random,auuc_random,4.206704429243757e-17,-1.002778589331843e-16,1.2540966529139833e-16,0.85
visit,ipw,response,random,qini_normalized,0.07346891212417933,0.0659430090588719,0.08034349479052276,0.0
visit,ipw,response,random,auuc_normalized,0.04924461508578748,0.04428332395688702,0.05375793070064219,0.0
visit,ipw,response,random,uplift_at_5,0.054310539366622425,0.04538363597761903,0.06290180830117162,0.0
visit,ipw,response,random,incremental_at_5,7587.566300119808,6336.558708334045,8805.509226690536,0.0
visit,ipw,response,random,treated_rate_at_5,0.4739260274376469,0.4707457648858322,0.47663454763015256,0.0
visit,ipw,response,random,control_rate_at_5,0.41961548807102445,0.41287072390237134,0.42819071506691303,0.0
visit,ipw,response,random,anyway_share_at_5,0.022657025051391333,-0.039133027206458094,0.08036531731415669,0.4
visit,ipw,response,random,uplift_at_10,0.04463590347736574,0.03989909024871626,0.04955496495328297,0.0
visit,ipw,response,random,incremental_at_10,12475.069497712791,11152.82551462875,13813.671597832612,0.0
visit,ipw,response,random,treated_rate_at_10,0.3258365124420196,0.3240098777388269,0.32754156354215186,0.0
visit,ipw,response,random,control_rate_at_10,0.2812006089646538,0.2769041744059767,0.28551268913405997,0.0
visit,ipw,response,random,anyway_share_at_10,0.015862113172084302,-0.024953425922223993,0.05381740608088837,0.52
visit,ipw,response,random,uplift_at_20,0.026479729979173867,0.023840275472146292,0.029104839091026884,0.0
visit,ipw,response,random,incremental_at_20,14803.486981237795,13299.337652293565,16240.883451473503,0.0
visit,ipw,response,random,treated_rate_at_20,0.17367089822913698,0.17256883749641247,0.17490353323422933,0.0
visit,ipw,response,random,control_rate_at_20,0.14719116824996312,0.1446671598346521,0.14986345211798055,0.0
visit,ipw,response,random,anyway_share_at_20,0.013479000863581225,-0.012100070766484271,0.04228440747760941,0.32
visit,ipw,response,random,uplift_at_30,0.016900607480611972,0.015338628241466836,0.01855034302824974,0.0
visit,ipw,response,random,incremental_at_30,14174.060262724397,12858.810903537837,15548.577414903855,0.0
visit,ipw,response,random,treated_rate_at_30,0.10597881930389287,0.1052767365927116,0.10679114727584005,0.0
visit,ipw,response,random,control_rate_at_30,0.0890782118232809,0.08750205564963272,0.09052787188329553,0.0
visit,ipw,response,random,anyway_share_at_30,0.002136281967898279,-0.019495385248007403,0.021133347606990836,0.93
conversion,plain,s_learner,response,ate,0.0,0.0,0.0,1.0
conversion,plain,s_learner,response,qini_coefficient,-2.1224382435930172e-05,-4.6837132349175834e-05,4.0201421143905524e-06,0.11
conversion,plain,s_learner,response,auuc,-2.1377983689709057e-05,-4.683551559210291e-05,3.7904198417425447e-06,0.11
conversion,plain,s_learner,response,auuc_random,0.0,0.0,0.0,1.0
conversion,plain,s_learner,response,qini_normalized,-0.008459984082713867,-0.01895982680441996,0.0016369235122711194,0.11
conversion,plain,s_learner,response,auuc_normalized,-0.0013771411637633277,-0.0030185867659676046,0.00024574730669373924,0.11
conversion,plain,s_learner,response,uplift_at_5,-0.001558170319459061,-0.0023891969105857363,-0.000674902107275075,0.0
conversion,plain,s_learner,response,incremental_at_5,-217.82582216206697,-334.6205191415546,-93.10921115191101,0.0
conversion,plain,s_learner,response,treated_rate_at_5,-0.002605255163852474,-0.0029680703170162294,-0.0022151824365233825,0.0
conversion,plain,s_learner,response,control_rate_at_5,-0.001047084844393413,-0.0018491796502355167,-0.00023434795346798735,0.0
conversion,plain,s_learner,response,anyway_share_at_5,0.01783213020405472,-0.00040432345435868164,0.03502199084320682,0.07
conversion,plain,s_learner,response,uplift_at_10,-0.0001817741216737362,-0.0005927699896706388,0.0002589289555375537,0.41
conversion,plain,s_learner,response,incremental_at_10,-50.822553872179014,-161.36292624221068,74.80559974016636,0.41
conversion,plain,s_learner,response,treated_rate_at_10,-0.0009500586529310427,-0.0011672260149910533,-0.0007835535269226231,0.0
conversion,plain,s_learner,response,control_rate_at_10,-0.0007682845312573065,-0.0011385553987699182,-0.000355396012217632,0.0
conversion,plain,s_learner,response,anyway_share_at_10,-0.004530327925526878,-0.01945355967389047,0.009920299644465369,0.42
conversion,plain,s_learner,response,uplift_at_20,-2.7707217101574644e-05,-0.00020207422994649279,0.00016052290786365057,0.88
conversion,plain,s_learner,response,incremental_at_20,-15.49342140484032,-115.34736894680493,90.03679205137301,0.88
conversion,plain,s_learner,response,treated_rate_at_20,-0.0004978488368729828,-0.000571446156349652,-0.0004232655616260837,0.0
conversion,plain,s_learner,response,control_rate_at_20,-0.0004701416197714081,-0.000644086337476089,-0.00031007215201220143,0.0
conversion,plain,s_learner,response,anyway_share_at_20,-0.010088330233507414,-0.023165698754726207,0.0016400772990099405,0.07
conversion,plain,s_learner,response,uplift_at_30,-3.552630630256244e-05,-0.0001342960984951931,6.13728862598178e-05,0.46
conversion,plain,s_learner,response,incremental_at_30,-29.79859177945491,-112.66389640788512,51.189168447361226,0.47
conversion,plain,s_learner,response,treated_rate_at_30,-0.0002972147646839642,-0.0003434533052862678,-0.0002488563788466752,0.0
conversion,plain,s_learner,response,control_rate_at_30,-0.0002616884583814018,-0.00037225015596579504,-0.00016316595276892251,0.0
conversion,plain,s_learner,response,anyway_share_at_30,-0.007240163526397447,-0.01768369350184482,0.0024271518420549885,0.17
conversion,plain,t_learner,response,ate,0.0,0.0,0.0,1.0
conversion,plain,t_learner,response,qini_coefficient,-0.00012163857154351117,-0.00018278801418867034,-5.1099284733957996e-05,0.0
conversion,plain,t_learner,response,auuc,-0.00012117635478476978,-0.00018207111043256325,-5.0957086742368524e-05,0.0
conversion,plain,t_learner,response,auuc_random,0.0,0.0,0.0,1.0
conversion,plain,t_learner,response,qini_normalized,-0.04848482080496666,-0.0730000032795376,-0.02019737800698272,0.0
conversion,plain,t_learner,response,auuc_normalized,-0.007806018971247837,-0.011726014490195157,-0.0032849330988641767,0.0
conversion,plain,t_learner,response,uplift_at_5,-0.0016005679145555188,-0.002821497706258793,-4.272264865434769e-05,0.04
conversion,plain,t_learner,response,incremental_at_5,-223.7528321264117,-396.8773863496245,-6.088589055298644,0.04
conversion,plain,t_learner,response,treated_rate_at_5,-0.008580086234956381,-0.00916262735397449,-0.008024856665189737,0.0
conversion,plain,t_learner,response,control_rate_at_5,-0.006979518320400863,-0.00837371987937814,-0.005901781483834731,0.0
conversion,plain,t_learner,response,anyway_share_at_5,-0.020239665996885425,-0.05334882542511336,0.008136993160049297,0.17
conversion,plain,t_learner,response,uplift_at_10,-0.0006834570463570555,-0.0012791748005095336,9.47735820503513e-06,0.07
conversion,plain,t_learner,response,incremental_at_10,-191.08898581365247,-357.1308218421687,5.115115591241164,0.06
conversion,plain,t_learner,response,treated_rate_at_10,-0.004239833544801674,-0.004578836321248338,-0.003986619881498782,0.0
conversion,plain,t_learner,response,control_rate_at_10,-0.003556376498444619,-0.004196051577013717,-0.0029204911168732714,0.0
conversion,plain,t_learner,response,anyway_share_at_10,-0.028804489942601874,-0.054577894103386336,-0.004234477321203713,0.02
conversion,plain,t_learner,response,uplift_at_20,-0.000445105377295793,-0.0007419466419269889,-6.487472636651276e-05,0.02
conversion,plain,t_learner,response,incremental_at_20,-248.89562725561973,-418.0331448107643,-35.14950272804423,0.02
conversion,plain,t_learner,response,treated_rate_at_20,-0.002240722437807251,-0.00240233469124606,-0.002106040976521254,0.0
conversion,plain,t_learner,response,control_rate_at_20,-0.001795617060511458,-0.002129197989483765,-0.0014809588200413728,0.0
conversion,plain,t_learner,response,anyway_share_at_20,-0.02583965961213086,-0.050742541420759124,-0.003976476590417796,0.03
conversion,plain,t_learner,response,uplift_at_30,-0.000407241835822335,-0.0005993648634445289,-0.00016586444942554346,0.0
conversion,plain,t_learner,response,incremental_at_30,-341.5844337386138,-501.47321035317333,-136.96370616498842,0.0
conversion,plain,t_learner,response,treated_rate_at_30,-0.001549061082932247,-0.0016504056118513471,-0.001463905582390733,0.0
conversion,plain,t_learner,response,control_rate_at_30,-0.001141819247109912,-0.0013474246274987965,-0.0009626412746913785,0.0
conversion,plain,t_learner,response,anyway_share_at_30,-0.016978458745612768,-0.03903426959702004,0.0036340434232519157,0.11
conversion,plain,x_learner,response,ate,0.0,0.0,0.0,1.0
conversion,plain,x_learner,response,qini_coefficient,-2.2146999587929154e-05,-4.3282100492777955e-05,5.522778038591527e-06,0.09
conversion,plain,x_learner,response,auuc,-2.2275114320030858e-05,-4.324910838386966e-05,5.348939199465986e-06,0.07
conversion,plain,x_learner,response,auuc_random,0.0,0.0,0.0,1.0
conversion,plain,x_learner,response,qini_normalized,-0.008827736899264,-0.017063030063123867,0.0021709310812362227,0.09
conversion,plain,x_learner,response,auuc_normalized,-0.0014349331210508527,-0.002781470145632901,0.0003439857951140379,0.07
conversion,plain,x_learner,response,uplift_at_5,-0.0008274196277670703,-0.0016606476554084956,0.0001576848569717117,0.1
conversion,plain,x_learner,response,incremental_at_5,-115.66987154136245,-227.0728866482846,15.613588047151865,0.1
conversion,plain,x_learner,response,treated_rate_at_5,-0.0027015074835964603,-0.0030778189893646444,-0.002314694389897189,0.0
conversion,plain,x_learner,response,control_rate_at_5,-0.00187408785582939,-0.00269696098266736,-0.001058548772252938,0.0
conversion,plain,x_learner,response,anyway_share_at_5,0.0014480866112681623,-0.01717886874942316,0.01871723126165116,0.9
conversion,plain,x_learner,response,uplift_at_10,-0.00013117926626064758,-0.0005178447718164724,0.00041056835627884973,0.6
conversion,plain,x_learner,response,incremental_at_10,-36.67664717649359,-146.39654695553304,115.91602401051966,0.6
conversion,plain,x_learner,response,treated_rate_at_10,-0.0007997595244625226,-0.0009974783364284723,-0.0006353731218468558,0.0
conversion,plain,x_learner,response,control_rate_at_10,-0.000668580258201875,-0.0012000884479653675,-0.00030007300099340565,0.0
conversion,plain,x_learner,response,anyway_share_at_10,-0.004629552362596101,-0.02450372994185288,0.009554158382593162,0.56
conversion,plain,x_learner,response,uplift_at_20,-7.097583571901746e-05,-0.0002710119891199701,0.00016178906834922216,0.47
conversion,plain,x_learner,response,incremental_at_20,-39.68852333036875,-151.25683272999004,87.02714269227347,0.46
conversion,plain,x_learner,response,treated_rate_at_20,-0.0004473133725593093,-0.0005188865351706094,-0.00037673303808318046,0.0
conversion,plain,x_learner,response,control_rate_at_20,-0.00037633753684029186,-0.0005865017581823764,-0.0002001840246871878,0.0
conversion,plain,x_learner,response,anyway_share_at_20,-0.005769292913878177,-0.020523912480724087,0.007294667910313632,0.36
conversion,plain,x_learner,response,uplift_at_30,-6.43197481762555e-05,-0.00017274843709375677,3.897847279073693e-05,0.21
conversion,plain,x_learner,response,incremental_at_30,-53.94982250443854,-147.75749452586012,32.314070458282444,0.2
conversion,plain,x_learner,response,treated_rate_at_30,-0.00028856660785663187,-0.000338671061747355,-0.00024712589054569573,0.0
conversion,plain,x_learner,response,control_rate_at_30,-0.00022424685968037636,-0.0003368916247273462,-0.00012420930043821499,0.0
conversion,plain,x_learner,response,anyway_share_at_30,-0.00394314456688627,-0.014423321830397575,0.006403417359646643,0.5
conversion,plain,dr_learner,response,ate,0.0,0.0,0.0,1.0
conversion,plain,dr_learner,response,qini_coefficient,-3.398840014072588e-05,-6.348782309425253e-05,-1.1120881183960191e-05,0.0
conversion,plain,dr_learner,response,auuc,-3.448914950143116e-05,-6.375456392192806e-05,-1.1601986849171734e-05,0.0
conversion,plain,dr_learner,response,auuc_random,0.0,0.0,0.0,1.0
conversion,plain,dr_learner,response,qini_normalized,-0.013547688610278719,-0.025050684538209644,-0.0044289062605321165,0.0
conversion,plain,dr_learner,response,auuc_normalized,-0.0022217449583176625,-0.004096682855249538,-0.0007478571023509315,0.0
conversion,plain,dr_learner,response,uplift_at_5,-0.0007749475973149247,-0.0017172872094299903,0.0002078623014813287,0.15
conversion,plain,dr_learner,response,incremental_at_5,-108.33449681947741,-241.57870411592629,25.26537804521881,0.12
conversion,plain,dr_learner,response,treated_rate_at_5,-0.0026904994234650814,-0.0030892017014793566,-0.0022823445118713846,0.0
conversion,plain,dr_learner,response,control_rate_at_5,-0.0019155518261501567,-0.0027017497045532315,-0.001136613778552709,0.0
conversion,plain,dr_learner,response,anyway_share_at_5,0.00037817733159384304,-0.02087654334130325,0.01934504868100711,0.99
conversion,plain,dr_learner,response,uplift_at_10,-7.346736918770538e-05,-0.0005474021778995811,0.0003564310089765386,0.71
conversion,plain,dr_learner,response,incremental_at_10,-20.54087399245509,-157.3405290685949,103.55265297019882,0.73
conversion,plain,dr_learner,response,treated_rate_at_10,-0.0011154332102106777,-0.0012955589550087414,-0.0009266368049608474,0.0
conversion,plain,dr_learner,response,control_rate_at_10,-0.0010419658410229723,-0.0014619502160227538,-0.0005830724274964116,0.0
conversion,plain,dr_learner,response,anyway_share_at_10,-0.010788590423058131,-0.0263972596151534,0.0070420224806231274,0.24
conversion,plain,dr_learner,response,uplift_at_20,-0.00016812792393744447,-0.00036840879414175813,2.757011198686341e-05,0.08
conversion,plain,dr_learner,response,incremental_at_20,-94.01437776786634,-205.53656531366792,17.9116758535993,0.08
conversion,plain,dr_learner,response,treated_rate_at_20,-0.0006380020064832865,-0.0007230688983489966,-0.0005653655158681057,0.0
conversion,plain,dr_learner,response,control_rate_at_20,-0.000469874082545842,-0.000637310224532718,-0.00029473418434870183,0.0
conversion,plain,dr_learner,response,anyway_share_at_20,-0.0035403121787909164,-0.01614469810439921,0.009266096049426529,0.68
conversion,plain,dr_learner,response,uplift_at_30,-0.00011903755358390333,-0.00025696476293137675,-2.364207998832817e-05,0.01
conversion,plain,dr_learner,response,incremental_at_30,-99.84577162236064,-211.7780122132164,-17.911948894081476,0.01
conversion,plain,dr_learner,response,treated_rate_at_30,-0.00045837354890013865,-0.0005143005779877697,-0.00041400012085413506,0.0
conversion,plain,dr_learner,response,control_rate_at_30,-0.0003393359953162353,-0.0004320955328630535,-0.00020761052903306326,0.0
conversion,plain,dr_learner,response,anyway_share_at_30,-0.004602240352912235,-0.013731616405545124,0.009375098607564745,0.54
conversion,plain,causal_forest,response,ate,0.0,0.0,0.0,1.0
conversion,plain,causal_forest,response,qini_coefficient,-2.4261355208266477e-05,-3.733012365757698e-05,-1.1317387853755238e-05,0.0
conversion,plain,causal_forest,response,auuc,-2.4428052745042225e-05,-3.743865362178079e-05,-1.1789193193689972e-05,0.0
conversion,plain,causal_forest,response,auuc_random,0.0,0.0,0.0,1.0
conversion,plain,causal_forest,response,qini_normalized,-0.009670513594757818,-0.015214726135479053,-0.004581713212885874,0.0
conversion,plain,causal_forest,response,auuc_normalized,-0.0015736225396211466,-0.002427472735324309,-0.0007592772082650346,0.0
conversion,plain,causal_forest,response,uplift_at_5,-0.0007226805644627091,-0.0015493986097958315,7.759064034548717e-05,0.1
conversion,plain,causal_forest,response,incremental_at_5,-101.02777992157235,-219.25935880770274,13.461201037250422,0.08
conversion,plain,causal_forest,response,treated_rate_at_5,-0.0019056795526604525,-0.0022717578790320335,-0.0015948485561325099,0.0
conversion,plain,causal_forest,response,control_rate_at_5,-0.0011829989881977435,-0.0018705985570039313,-0.0004399662362059372,0.0
conversion,plain,causal_forest,response,anyway_share_at_5,0.003965168632399263,-0.012678706716315363,0.021600066657244364,0.72
conversion,plain,causal_forest,response,uplift_at_10,-0.0003642293588759192,-0.0006874092853087717,6.824181202210962e-06,0.06
conversion,plain,causal_forest,response,incremental_at_10,-101.83554206096414,-192.34939184725326,-0.5133897795544214,0.05
conversion,plain,causal_forest,response,treated_rate_at_10,-0.0004946499283065148,-0.000632182841005423,-0.00033441658319476964,0.0
conversion,plain,causal_forest,response,control_rate_at_10,-0.00013042056943059557,-0.0004656684265363648,0.00014661247658191232,0.42
conversion,plain,causal_forest,response,anyway_share_at_10,0.007906200431930577,-0.005446682657533517,0.019537763330911256,0.2
conversion,plain,causal_forest,response,uplift_at_20,-0.0001411380715038591,-0.0002464344457416901,1.9153444638512945e-06,0.08
conversion,plain,causal_forest,response,incremental_at_20,-78.92209492058555,-136.34485751788438,1.4245603007345402,0.08
conversion,plain,causal_forest,response,treated_rate_at_20,-0.0002052313814958056,-0.0002557506361405517,-0.00015689647199519722,0.0
conversion,plain,causal_forest,response,control_rate_at_20,-6.409330999194648e-05,-0.00018699074164565558,2.733864830212277e-05,0.19
conversion,plain,causal_forest,response,anyway_share_at_20,0.004955135810399414,-0.004472863727113738,0.011479057262792814,0.35
conversion,plain,causal_forest,response,uplift_at_30,-6.439221564912175e-05,-0.0001273916099105891,1.0502783266017926e-05,0.1
conversion,plain,causal_forest,response,incremental_at_30,-54.01060643797882,-106.68672475656737,7.969408936916858,0.12
conversion,plain,causal_forest,response,treated_rate_at_30,-0.00014487449450242135,-0.0001830187522593119,-0.0001055510867166973,0.0
conversion,plain,causal_forest,response,control_rate_at_30,-8.04822788532996e-05,-0.0001401298060543919,-2.643972463789896e-05,0.0
conversion,plain,causal_forest,response,anyway_share_at_30,0.0013156601485286856,-0.005148246596726716,0.007157577072924002,0.73
conversion,plain,class_transformation,response,ate,0.0,0.0,0.0,1.0
conversion,plain,class_transformation,response,qini_coefficient,-2.1515072285872112e-05,-5.658724471857904e-05,7.939310075189493e-06,0.2
conversion,plain,class_transformation,response,auuc,-2.195091998533072e-05,-5.7022158070990756e-05,7.446066948895537e-06,0.19
conversion,plain,class_transformation,response,auuc_random,0.0,0.0,0.0,1.0
conversion,plain,class_transformation,response,qini_normalized,-0.008575852306957316,-0.023271868969109457,0.0030907949156660235,0.2
conversion,plain,class_transformation,response,auuc_normalized,-0.001414048954898675,-0.0036791882316010395,0.0004768608428159618,0.19
conversion,plain,class_transformation,response,uplift_at_5,-0.00026853023254767155,-0.0012327896371188622,0.0006886602423451524,0.62
conversion,plain,class_transformation,response,incremental_at_5,-37.539425536210956,-170.55738648468034,94.30741315359522,0.61
conversion,plain,class_transformation,response,treated_rate_at_5,-0.0031019314451903104,-0.0035184719307768046,-0.0027330005963019685,0.0
conversion,plain,class_transformation,response,control_rate_at_5,-0.002833401212642639,-0.0037376996874097486,-0.002027880160936481,0.0
conversion,plain,class_transformation,response,anyway_share_at_5,-0.013219528413022208,-0.03138236904979983,0.007809113109289373,0.23
conversion,plain,class_transformation,response,uplift_at_10,-5.293853770855367e-05,-0.0005459112788128963,0.00036753706312084663,0.8
conversion,plain,class_transformation,response,incremental_at_10,-14.80118104730218,-155.10253159173038,106.45705699815294,0.81
conversion,plain,class_transformation,response,treated_rate_at_10,-0.0013724108372445039,-0.0015730548483978363,-0.0011888819129003078,0.0
conversion,plain,class_transformation,response,control_rate_at_10,-0.0013194722995359502,-0.001776811222273769,-0.0008289160957484114,0.0
conversion,plain,class_transformation,response,anyway_share_at_10,-0.014877313181005158,-0.030654185794528596,0.004312919433709912,0.16
conversion,plain,class_transformation,response,uplift_at_20,-4.888966985504631e-05,-0.00026043685285510735,0.00015727618247830274,0.66
conversion,plain,class_transformation,response,incremental_at_20,-27.3383015923564,-143.64040872544885,87.70962193713143,0.66
conversion,plain,class_transformation,response,treated_rate_at_20,-0.0007434328809003063,-0.000829545790553019,-0.0006736426236816984,0.0
conversion,plain,class_transformation,response,control_rate_at_20,-0.00069454321104526,-0.0009068387736007333,-0.00048280208105146833,0.0
conversion,plain,class_transformation,response,anyway_share_at_20,-0.014788913473608667,-0.03044239239496477,-0.0012772435372297797,0.05
conversion,plain,class_transformation,response,uplift_at_30,-0.00010455220815104756,-0.0002526840360708542,3.000159008553662e-05,0.12
conversion,plain,class_transformation,response,incremental_at_30,-87.69582021277893,-214.76802560236618,24.383983967677533,0.12
conversion,plain,class_transformation,response,treated_rate_at_30,-0.0005808525821608471,-0.0006475114621410185,-0.0005338559001880758,0.0
conversion,plain,class_transformation,response,control_rate_at_30,-0.0004763003740097995,-0.0006018335507416753,-0.0003471931998051461,0.0
conversion,plain,class_transformation,response,anyway_share_at_30,-0.01083716461689821,-0.0230392055907649,0.003603603642720703,0.15
conversion,plain,response,random,ate,0.0,0.0,0.0,1.0
conversion,plain,response,random,qini_coefficient,0.00046531859801102714,0.0003877656692831119,0.0005571400485182626,0.0
conversion,plain,response,random,auuc,0.0004617350324427694,0.0003845735288856795,0.000553243240968234,0.0
conversion,plain,response,random,auuc_random,0.0,0.0,0.0,1.0
conversion,plain,response,random,qini_normalized,0.1854747927035031,0.1514697433283618,0.22521714759682718,0.0
conversion,plain,response,random,auuc_normalized,0.029744354245841754,0.02479197499000285,0.03585855040618291,0.0
conversion,plain,response,random,uplift_at_5,0.012476911878104194,0.009730936720511915,0.015060568195860517,0.0
conversion,plain,response,random,incremental_at_5,1744.221125220266,1358.8310248797468,2092.3255883132992,0.0
conversion,plain,response,random,treated_rate_at_5,0.04556395875475811,0.04442815024345483,0.04670672864203219,0.0
conversion,plain,response,random,control_rate_at_5,0.03308704687665392,0.030297092324904806,0.03569212855913949,0.0
conversion,plain,response,random,anyway_share_at_5,0.10683385064242179,-0.06902710006738284,0.2946213273114992,0.26
conversion,plain,response,random,uplift_at_10,0.007200446976831655,0.005806109342195474,0.008553659191476168,0.0
conversion,plain,response,random,incremental_at_10,2013.1859310569203,1620.2725603239182,2401.885624514322,0.0
conversion,plain,response,random,treated_rate_at_10,0.023676055002071927,0.02307901645288013,0.024370378868602955,0.0
conversion,plain,response,random,control_rate_at_10,0.01647560802524027,0.01503955613346375,0.017885540009929462,0.0
conversion,plain,response,random,anyway_share_at_10,0.08001117576506889,-0.06704262422162045,0.2188306508506314,0.23
conversion,plain,response,random,uplift_at_20,0.003891449973928884,0.0032382656425384592,0.004596745892892438,0.0
conversion,plain,response,random,incremental_at_20,2176.0350056414595,1810.0043858243068,2569.6670350011295,0.0
conversion,plain,response,random,treated_rate_at_20,0.011452759389586358,0.011150065252425342,0.011807870023891932,0.0
conversion,plain,response,random,control_rate_at_20,0.007561309415657474,0.006887442772245578,0.008151317877648933,0.0
conversion,plain,response,random,anyway_share_at_20,0.0038843208465756396,-0.08760422061120295,0.0871621326745511,0.91
conversion,plain,response,random,uplift_at_30,0.0023888175338411914,0.0019857116614443093,0.0028000128869290434,0.0
conversion,plain,response,random,incremental_at_30,2003.6813824746596,1667.547785328166,2350.3753133525734,0.0
conversion,plain,response,random,treated_rate_at_30,0.006895226370334127,0.006696517465187924,0.007092108652473894,0.0
conversion,plain,response,random,control_rate_at_30,0.004506408836492936,0.004139535343359712,0.0049175851771394,0.0
conversion,plain,response,random,anyway_share_at_30,0.019663506995973856,-0.04960319341128712,0.08547288852548672,0.59
conversion,ipw,s_learner,response,ate,1.3097162243624894e-16,3.4789337209628624e-17,5.432666035781742e-17,0.0
conversion,ipw,s_learner,response,qini_coefficient,-1.9739581155896148e-05,-4.443853540325115e-05,5.028122973893198e-06,0.14
conversion,ipw,s_learner,response,auuc,-1.9783776160124883e-05,-4.457684541051285e-05,5.021844414113333e-06,0.14
conversion,ipw,s_learner,response,auuc_random,6.526897078362737e-17,1.7345879507052465e-17,2.711047532300004e-17,0.0
conversion,ipw,s_learner,response,qini_normalized,-0.007778365453722513,-0.017874806606357267,0.001955413794838297,0.14
conversion,ipw,s_learner,response,auuc_normalized,-0.0012741245457751973,-0.002876463597183723,0.00032344189263111355,0.14
conversion,ipw,s_learner,response,uplift_at_5,-0.0008331066176534667,-0.0015803164332848503,-6.760645879100047e-05,0.04
conversion,ipw,s_learner,response,incremental_at_5,-116.12377423699809,-212.72774215365638,-11.300063785897814,0.04
conversion,ipw,s_learner,response,treated_rate_at_5,-0.002499186808946112,-0.0028701136127471526,-0.0021044202341598765,0.0
conversion,ipw,s_learner,response,control_rate_at_5,-0.0016660801912926453,-0.0023441253296783314,-0.0010111583602627685,0.0
conversion,ipw,s_learner,response,anyway_share_at_5,0.00014054854065315148,-0.016575569982763886,0.016261050109761997,0.98
conversion,ipw,s_learner,response,uplift_at_10,-7.742255664998018e-05,-0.0004706033087547936,0.000320518106669468,0.78
conversion,ipw,s_learner,response,incremental_at_10,-21.57032647251299,-126.58982011647818,91.55192270194489,0.79
conversion,ipw,s_learner,response,treated_rate_at_10,-0.0009277501395342884,-0.0011481148884974878,-0.0007579608837626479,0.0
conversion,ipw,s_learner,response,control_rate_at_10,-0.0008503275828843082,-0.001206183940280873,-0.0004782084790557002,0.0
conversion,ipw,s_learner,response,anyway_share_at_10,-0.008959963739948784,-0.023118623072042804,0.0043434577708015,0.18
conversion,ipw,s_learner,response,uplift_at_20,-3.9652986663807344e-05,-0.00020164125720826764,0.00013928802542934496,0.76
conversion,ipw,s_learner,response,incremental_at_20,-22.18622325674187,-113.39059930809657,77.13992781831338,0.76
conversion,ipw,s_learner,response,treated_rate_at_20,-0.0004988146387096375,-0.000573111422388063,-0.00042337293081802074,0.0
conversion,ipw,s_learner,response,control_rate_at_20,-0.0004591616520458301,-0.0006242549769748985,-0.0003079587615480601,0.0
conversion,ipw,s_learner,response,anyway_share_at_20,-0.008989502106633296,-0.02200396841175405,0.0022123992063609052,0.09
conversion,ipw,s_learner,response,uplift_at_30,-4.8808342069057986e-05,-0.00014463240015678377,4.503211253541275e-05,0.31
conversion,ipw,s_learner,response,incremental_at_30,-41.03481539492395,-121.44231627708929,37.028484050646256,0.31
conversion,ipw,s_learner,response,treated_rate_at_30,-0.00029926655935514496,-0.0003451130652842527,-0.0002507754427797854,0.0
conversion,ipw,s_learner,response,control_rate_at_30,-0.00025045821728608697,-0.00035732068744113787,-0.00015524091723854657,0.0
conversion,ipw,s_learner,response,anyway_share_at_30,-0.005282399419269224,-0.01563697976527762,0.004500687845686232,0.3
conversion,ipw,t_learner,response,ate,4.640385298237959e-17,1.4826464708739282e-18,2.1955093992831477e-17,0.04
conversion,ipw,t_learner,response,qini_coefficient,-0.0001207751728823027,-0.00018286031710936272,-5.121094059548297e-05,0.0
conversion,ipw,t_learner,response,auuc,-0.00012067729210181845,-0.00018266966097292022,-5.1095869035077445e-05,0.0
conversion,ipw,t_learner,response,auuc_random,2.2985086056692694e-17,6.38324029050841e-19,1.108054620280186e-17,0.04
conversion,ipw,t_learner,response,qini_normalized,-0.04759135591559721,-0.0722610360165926,-0.020030927101740793,0.0
conversion,ipw,t_learner,response,auuc_normalized,-0.007771918704480626,-0.011766574559267913,-0.003294700427790214,0.0
conversion,ipw,t_learner,response,uplift_at_5,-0.001999639278163424,-0.003129269749930966,-0.0005467546966415856,0.0
conversion,ipw,t_learner,response,incremental_at_5,-279.09074893009915,-436.52727514345185,-74.14455497507157,0.0
conversion,ipw,t_learner,response,treated_rate_at_5,-0.008634208694596898,-0.009228904976655085,-0.008068591627156403,0.0
conversion,ipw,t_learner,response,control_rate_at_5,-0.006634569416433474,-0.007897220936085312,-0.0056074367303691275,0.0
conversion,ipw,t_learner,response,anyway_share_at_5,-0.02116304138750391,-0.05135783232465496,0.004375414200068885,0.11
conversion,ipw,t_learner,response,uplift_at_10,-0.0008998940649723886,-0.001467622399554267,-0.0002501724011823968,0.02
conversion,ipw,t_learner,response,incremental_at_10,-251.12995947320223,-412.23363588298,-64.83671050081801,0.02
conversion,ipw,t_learner,response,treated_rate_at_10,-0.004268672448611611,-0.00461010930085699,-0.0040177798453126705,0.0
conversion,ipw,t_learner,response,control_rate_at_10,-0.003368778383639222,-0.003956044155923279,-0.00279133112096386,0.0
conversion,ipw,t_learner,response,anyway_share_at_10,-0.02323570657835572,-0.047784326728702316,0.0004601537130052376,0.06
conversion,ipw,t_learner,response,uplift_at_20,-0.0005101317499066355,-0.0008106201642221958,-0.00012518703409492097,0.0
conversion,ipw,t_learner,response,incremental_at_20,-285.20699015150785,-456.26732203385006,-72.76978905420987,0.0
conversion,ipw,t_learner,response,treated_rate_at_20,-0.002247311731811131,-0.0024107059659390587,-0.0021105061410403364,0.0
conversion,ipw,t_learner,response,control_rate_at_20,-0.0017371799819044954,-0.0020724607309092046,-0.0014400679982899487,0.0
conversion,ipw,t_learner,response,anyway_share_at_20,-0.01917426202817829,-0.04500186911814718,0.0019780933913669456,0.09
conversion,ipw,t_learner,response,uplift_at_30,-0.00041813340256584633,-0.0006135213593760189,-0.00018520741889585526,0.0
conversion,ipw,t_learner,response,incremental_at_30,-350.91370005673434,-513.6992763104796,-153.58779650670246,0.0
conversion,ipw,t_learner,response,treated_rate_at_30,-0.0015469480429425326,-0.0016487369122777892,-0.0014616726985809917,0.0
conversion,ipw,t_learner,response,control_rate_at_30,-0.0011288146403766863,-0.0013262305996746895,-0.0009565868828315322,0.0
conversion,ipw,t_learner,response,anyway_share_at_30,-0.011480748011520547,-0.03374566502292577,0.009766906256210756,0.27
conversion,ipw,x_learner,response,ate,9.73613550891983e-17,2.05835782446373e-17,4.3156667475785505e-17,0.0
conversion,ipw,x_learner,response,qini_coefficient,-2.0879954040708428e-05,-4.081779601961096e-05,5.8320852977944355e-06,0.09
conversion,ipw,x_learner,response,auuc,-2.0929885658626016e-05,-4.083668372878827e-05,5.86061725239011e-06,0.09
conversion,ipw,x_learner,response,auuc_random,4.85722573273506e-17,1.0608918257770662e-17,2.1689464460572517e-17,0.0
conversion,ipw,x_learner,response,qini_normalized,-0.008227728435719561,-0.0159852532126757,0.0022748608218067464,0.09
conversion,ipw,x_learner,response,auuc_normalized,-0.0013479368570519304,-0.0026297400102330347,0.0003770432163463397,0.09
conversion,ipw,x_learner,response,uplift_at_5,-0.0003777556202001278,-0.0011395247811143054,0.0005509153141522885,0.38
conversion,ipw,x_learner,response,incremental_at_5,-52.79846005095442,-159.12176413536002,73.49342888963369,0.35
conversion,ipw,x_learner,response,treated_rate_at_5,-0.002613141127296978,-0.0029969372762735655,-0.002218177905413543,0.0
conversion,ipw,x_learner,response,control_rate_at_5,-0.00223538550709685,-0.0030090592439381376,-0.00149589618823774,0.0
conversion,ipw,x_learner,response,anyway_share_at_5,-0.010469565206090103,-0.028054773450665167,0.0064745908882392076,0.19
conversion,ipw,x_learner,response,uplift_at_10,-6.492642150033451e-05,-0.0004355538676899098,0.00042615373070637044,0.75
conversion,ipw,x_learner,response,incremental_at_10,-17.99770229198657,-122.29532468693226,122.0683462271702,0.75
conversion,ipw,x_learner,response,treated_rate_at_10,-0.000782892929155718,-0.000983149370650469,-0.000616379253709293,0.0
conversion,ipw,x_learner,response,control_rate_at_10,-0.0007179665076553834,-0.0012017606585982734,-0.00037212959226531856,0.0
conversion,ipw,x_learner,response,anyway_share_at_10,-0.007534570687745212,-0.026638331608749774,0.004974652982018699,0.28
conversion,ipw,x_learner,response,uplift_at_20,-9.187348744349975e-05,-0.0002814839543993512,0.00012790682772103657,0.34
conversion,ipw,x_learner,response,incremental_at_20,-51.38467116260017,-157.01548986638448,68.17106024654008,0.33
conversion,ipw,x_learner,response,treated_rate_at_20,-0.0004509067727020196,-0.000523646854655167,-0.00038048641459298053,0.0
conversion,ipw,x_learner,response,control_rate_at_20,-0.00035903328525851985,-0.0005563537641520694,-0.00019616849551688402,0.0
conversion,ipw,x_learner,response,anyway_share_at_20,-0.004101800401327904,-0.017796608407725106,0.008197641369258006,0.53
conversion,ipw,x_learner,response,uplift_at_30,-9.32217202823547e-05,-0.00019899888107796507,7.4616209127172145e-06,0.06
conversion,ipw,x_learner,response,incremental_at_30,-78.16008662602007,-168.7762565674819,5.982338468418241,0.06
conversion,ipw,x_learner,response,treated_rate_at_30,-0.00029428783696371086,-0.00034470831211177907,-0.00025256704460685167,0.0
conversion,ipw,x_learner,response,control_rate_at_30,-0.00020106611668135616,-0.00030931165049401244,-0.00010444042867806464,0.0
conversion,ipw,x_learner,response,anyway_share_at_30,-0.0004707231990184191,-0.011010658776756995,0.009407505848568039,0.98
conversion,ipw,dr_learner,response,ate,-2.9622571756648952e-15,-2.2629521954226072e-15,-2.0092407555447054e-15,0.0
conversion,ipw,dr_learner,response,qini_coefficient,-3.066874701795289e-05,-5.899207028080527e-05,-8.731824770931037e-06,0.0
conversion,ipw,dr_learner,response,auuc,-3.078153400236708e-05,-5.905034613341554e-05,-8.932260426038489e-06,0.0
conversion,ipw,dr_learner,response,auuc_random,-1.4812370080496962e-15,-1.131637372784461e-15,-1.0050445718723377e-15,0.0
conversion,ipw,dr_learner,response,qini_normalized,-0.012084994125731274,-0.023159830592094723,-0.0034519661724669005,0.0
conversion,ipw,dr_learner,response,auuc_normalized,-0.001982407590420572,-0.003790098224633678,-0.0005764704784025494,0.0
conversion,ipw,dr_learner,response,uplift_at_5,-0.0008411412463903596,-0.0017493047610033388,0.0001386663033804752,0.08
conversion,ipw,dr_learner,response,incremental_at_5,-117.22713707542243,-241.33053200608623,13.41318637092871,0.07
conversion,ipw,dr_learner,response,treated_rate_at_5,-0.0026957472477931177,-0.003104274297300499,-0.0022832685680239688,0.0
conversion,ipw,dr_learner,response,control_rate_at_5,-0.001854606001402758,-0.0025942242768098823,-0.0010832932273891521,0.0
conversion,ipw,dr_learner,response,anyway_share_at_5,-0.001087151148572496,-0.020268875426705572,0.01496600972841257,0.92
conversion,ipw,dr_learner,response,uplift_at_10,-0.00019251462080538406,-0.0006371598304975851,0.00023185909288260038,0.38
conversion,ipw,dr_learner,response,incremental_at_10,-53.534096559678346,-180.83878157707005,64.04129214589945,0.4
conversion,ipw,dr_learner,response,treated_rate_at_10,-0.0011376741011708963,-0.0013198893030849116,-0.0009454393713471389,0.0
conversion,ipw,dr_learner,response,control_rate_at_10,-0.0009451594803655122,-0.0013303730841045375,-0.0005063965609980816,0.0
conversion,ipw,dr_learner,response,anyway_share_at_10,-0.007279800549187088,-0.022332002131554445,0.008528114654458695,0.49
conversion,ipw,dr_learner,response,uplift_at_20,-0.00021311137429523563,-0.00040956133748703275,-2.7146677173969382e-05,0.02
conversion,ipw,dr_learner,response,incremental_at_20,-119.1545542810959,-226.82122860132537,-13.710904550046637,0.02
conversion,ipw,dr_learner,response,treated_rate_at_20,-0.0006465361395408611,-0.000732227760754832,-0.0005738275836883051,0.0
conversion,ipw,dr_learner,response,control_rate_at_20,-0.0004334247652456255,-0.000598809210166414,-0.00026666387485974405,0.0
conversion,ipw,dr_learner,response,anyway_share_at_20,-7.778872829811156e-05,-0.01279362786445143,0.012384201246694086,0.92
conversion,ipw,dr_learner,response,uplift_at_30,-9.432444547334724e-05,-0.00023103367124357478,2.0227341605954861e-07,0.06
conversion,ipw,dr_learner,response,incremental_at_30,-79.36971453828073,-191.48220088395104,1.4926170200160909,0.06
conversion,ipw,dr_learner,response,treated_rate_at_30,-0.0004522285833456919,-0.0005085127270565886,-0.0004079451591199654,0.0
conversion,ipw,dr_learner,response,control_rate_at_30,-0.00035790413787234465,-0.0004491532281951801,-0.0002294774947269207,0.0
conversion,ipw,dr_learner,response,anyway_share_at_30,-0.005928746224900139,-0.015178634161025703,0.007561573091384792,0.38
conversion,ipw,causal_forest,response,ate,4.662069341687669e-17,-1.9651164376299764e-18,2.0822102722584114e-17,0.13
conversion,ipw,causal_forest,response,qini_coefficient,-2.0022921539295034e-05,-3.293431524582651e-05,-7.475554122684283e-06,0.0
conversion,ipw,causal_forest,response,auuc,-1.9992004884900028e-05,-3.293712607687345e-05,-7.465593639095109e-06,0.0
conversion,ipw,causal_forest,response,auuc_random,2.3201926491189795e-17,-1.0936889414947524e-18,1.0411051361292057e-17,0.14
conversion,ipw,causal_forest,response,qini_normalized,-0.007890015494950275,-0.013219506900777804,-0.003038168912791176,0.0
conversion,ipw,causal_forest,response,auuc_normalized,-0.0012875349951843341,-0.002134595591884392,-0.0004847637262728698,0.0
conversion,ipw,causal_forest,response,uplift_at_5,-0.0003008414660439149,-0.0010968237852786483,0.0004970776176206949,0.48
conversion,ipw,causal_forest,response,incremental_at_5,-41.668448705501305,-150.52006542738565,65.05609314660573,0.5
conversion,ipw,causal_forest,response,treated_rate_at_5,-0.0018339109907863985,-0.0022039018750640927,-0.0015143303607327064,0.0
conversion,ipw,causal_forest,response,control_rate_at_5,-0.0015330695247424836,-0.0021778699467586713,-0.00085287816729795,0.0
conversion,ipw,causal_forest,response,anyway_share_at_5,-0.006470118190801566,-0.021857383004578273,0.008577449077737538,0.43
conversion,ipw,causal_forest,response,uplift_at_10,-0.0002724459239393899,-0.0005790996236565143,8.111455750071868e-05,0.1
conversion,ipw,causal_forest,response,incremental_at_10,-75.98883950922891,-161.58284190609015,23.66692582575087,0.1
conversion,ipw,causal_forest,response,treated_rate_at_10,-0.0004775847283494776,-0.0006165223651230969,-0.00031410939198816325,0.0
conversion,ipw,causal_forest,response,control_rate_at_10,-0.0002051388044100877,-0.0005175962124636269,5.1014654283710425e-05,0.13
conversion,ipw,causal_forest,response,anyway_share_at_10,0.004291528845716708,-0.008037633434324606,0.015140034074024991,0.46
conversion,ipw,causal_forest,response,uplift_at_20,-0.0001271365549633044,-0.00023000121353741694,9.354727439292324e-06,0.1
conversion,ipw,causal_forest,response,incremental_at_20,-71.02484284480806,-127.05371283473606,4.9642834688472135,0.1
conversion,ipw,causal_forest,response,treated_rate_at_20,-0.0002038500169826169,-0.0002547877323963076,-0.00015530068065903592,0.0
conversion,ipw,causal_forest,response,control_rate_at_20,-7.671346201931252e-05,-0.0001932319144140287,9.054853627677765e-06,0.07
conversion,ipw,causal_forest,response,anyway_share_at_20,0.004177965385201321,-0.004908675367101775,0.010497434690197493,0.39
conversion,ipw,causal_forest,response,uplift_at_30,-6.307492084293032e-05,-0.00012410675915906931,1.1153469214266302e-05,0.1
conversion,ipw,causal_forest,response,incremental_at_30,-52.88911584417701,-103.87718192166034,8.76173158823396,0.12
conversion,ipw,causal_forest,response,treated_rate_at_30,-0.00014492662769927112,-0.00018342998091282707,-0.00010516542852666119,0.0
conversion,ipw,causal_forest,response,control_rate_at_30,-8.185170685634079e-05,-0.00013897164899679364,-3.0134038412054492e-05,0.0
conversion,ipw,causal_forest,response,anyway_share_at_30,0.0015362434582848472,-0.004935902128994052,0.0071198640958145005,0.68
conversion,ipw,class_transformation,response,ate,-2.5732454361770962e-15,-2.0526928681124934e-15,-1.7743510653811523e-15,0.0
conversion,ipw,class_transformation,response,qini_coefficient,-2.310304847958169e-05,-5.722962665393905e-05,5.153296057065642e-06,0.12
conversion,ipw,class_transformation,response,auuc,-2.3376261235915903e-05,-5.743104508826804e-05,4.931646332701768e-06,0.12
conversion,ipw,class_transformation,response,auuc_random,-1.2867311383057967e-15,-1.0263491445616779e-15,-8.870779544950525e-16,0.0
conversion,ipw,class_transformation,response,qini_normalized,-0.009103736941023094,-0.023425005824189864,0.002015141472579176,0.12
conversion,ipw,class_transformation,response,auuc_normalized,-0.0015054895479169224,-0.003717620704045219,0.000317124190472191,0.12
conversion,ipw,class_transformation,response,uplift_at_5,-0.0005705896532733797,-0.0015118928472001494,0.00028670121167958574,0.28
conversion,ipw,class_transformation,response,incremental_at_5,-79.24895047268637,-212.41404531559843,41.206741981495526,0.27
conversion,ipw,class_transformation,response,treated_rate_at_5,-0.003140777798289897,-0.003563227837642126,-0.0027680326459009414,0.0
conversion,ipw,class_transformation,response,control_rate_at_5,-0.002570188145016517,-0.0033450940247214626,-0.0017721871634173646,0.0
conversion,ipw,class_transformation,response,anyway_share_at_5,-0.010190854753620582,-0.026912013202804064,0.009211174986099926,0.3
conversion,ipw,class_transformation,response,uplift_at_10,-0.00025989346660430443,-0.0007281964323820856,0.00015431381367299682,0.33
conversion,ipw,class_transformation,response,incremental_at_10,-72.31737179060428,-201.37057769008288,45.4585834045661,0.31
conversion,ipw,class_transformation,response,treated_rate_at_10,-0.0014100371133611463,-0.0016140622112751502,-0.001221954853245806,0.0
conversion,ipw,class_transformation,response,control_rate_at_10,-0.0011501436467568418,-0.001571008137187484,-0.0006908308082125736,0.0
conversion,ipw,class_transformation,response,anyway_share_at_10,-0.008281832971383518,-0.023451463161280738,0.009753059949536014,0.41
conversion,ipw,class_transformation,response,uplift_at_20,-9.137557267140627e-05,-0.0002930647557457838,0.00010687616901899509,0.4
conversion,ipw,class_transformation,response,incremental_at_20,-51.08220871060212,-163.5258622661767,58.931602251609334,0.4
conversion,ipw,class_transformation,response,treated_rate_at_20,-0.0007499451264915812,-0.0008366261163724336,-0.0006787888337804095,0.0
conversion,ipw,class_transformation,response,control_rate_at_20,-0.000658569553820175,-0.0008613834661598749,-0.0004576798343476302,0.0
conversion,ipw,class_transformation,response,anyway_share_at_20,-0.01144792978876652,-0.026523384985980124,0.0011371548166981178,0.08
conversion,ipw,class_transformation,response,uplift_at_30,-0.00011932297964419199,-0.0002662203863527526,8.294158105960296e-06,0.06
conversion,ipw,class_transformation,response,incremental_at_30,-100.13807842967026,-223.5939471920849,6.198579718817099,0.06
conversion,ipw,class_transformation,response,treated_rate_at_30,-0.0005828611711257894,-0.000650210081809174,-0.0005350393732276894,0.0
conversion,ipw,class_transformation,response,control_rate_at_30,-0.0004635381914815974,-0.000582176794536377,-0.0003392096907839655,0.0
conversion,ipw,class_transformation,response,anyway_share_at_30,-0.007990790515262969,-0.019974609332343282,0.005573737759610134,0.25
conversion,ipw,response,random,ate,-5.2258544713801314e-17,-2.0494131565407248e-17,1.951563910473908e-18,0.12
conversion,ipw,response,random,qini_coefficient,0.0004484150757954633,0.0003716770584288972,0.0005417990953954761,0.0
conversion,ipw,response,random,auuc,0.0004486760281031977,0.0003718300219481842,0.0005423403853938536,0.0
conversion,ipw,response,random,auuc_random,-2.6020852139652106e-17,-1.03012758913279e-17,1.0842021724855044e-18,0.12
conversion,ipw,response,random,qini_normalized,0.17669758577698935,0.14256596200742178,0.2166359891197413,0.0
conversion,ipw,response,random,auuc_normalized,0.028895855668726173,0.023777217455234718,0.03492366815049314,0.0
conversion,ipw,response,random,uplift_at_5,0.015192952519245358,0.0126459267405936,0.017574298823666498,0.0
conversion,ipw,response,random,incremental_at_5,2122.1968313716225,1760.4099827892464,2442.311827531894,0.0
conversion,ipw,response,random,treated_rate_at_5,0.045837618815209716,0.04469082619257647,0.0469963074541524,0.0
conversion,ipw,response,random,control_rate_at_5,0.030644666295964358,0.028057968758561227,0.03296499337679239,0.0
conversion,ipw,response,random,anyway_share_at_5,-0.01017946584566709,-0.19396641295506203,0.19761002721138432,1.0
conversion,ipw,response,random,uplift_at_10,0.007863287967954803,0.006507049210902644,0.009211879105787952,0.0
conversion,ipw,response,random,incremental_at_10,2197.4819176189435,1811.435551199071,2575.216918367126,0.0
conversion,ipw,response,random,treated_rate_at_10,0.023690568131378903,0.023095150325226035,0.024388894430877876,0.0
conversion,ipw,response,random,control_rate_at_10,0.015827280163424103,0.014408357231172418,0.017172564723939156,0.0
conversion,ipw,response,random,anyway_share_at_10,0.01298261453163807,-0.1584999494420677,0.1634734468760875,0.92
conversion,ipw,response,random,uplift_at_20,0.003869711694918044,0.0032007809677962466,0.004539217451857909,0.0
conversion,ipw,response,random,incremental_at_20,2163.455301840608,1786.9320041058825,2537.245036904956,0.0
conversion,ipw,response,random,treated_rate_at_20,0.011394098506907662,0.011088103411945634,0.011743021294278564,0.0
conversion,ipw,response,random,control_rate_at_20,0.007524386811989617,0.006831232211631383,0.008100760180340505,0.0
conversion,ipw,response,random,anyway_share_at_20,-0.030894626308986317,-0.13156970254948613,0.06559585731180728,0.49
conversion,ipw,response,random,uplift_at_30,0.002260299741637836,0.0018647186609528437,0.0026722624606103475,0.0
conversion,ipw,response,random,incremental_at_30,1895.5941567383268,1562.357089656842,2243.0150498211055,0.0
conversion,ipw,response,random,treated_rate_at_30,0.006838453623202113,0.00664164519844605,0.0070359751692233435,0.0
conversion,ipw,response,random,control_rate_at_30,0.004578153881564276,0.004209462013940688,0.004967021367721711,0.0
conversion,ipw,response,random,anyway_share_at_30,0.003526523569547191,-0.07482830564537948,0.06914759250357974,0.9
