model,phase,seconds
response_visit,fit,69.98032116600007
response_visit,predict,30.899067375000413
s_learner_visit,fit,63.82465820800007
s_learner_visit,predict,54.741834208999535
t_learner_visit,fit,60.13754162499936
t_learner_visit,predict,37.75154120799925
x_learner_visit,fit,84.54491258300004
x_learner_visit,predict,42.39296800000011
dr_learner_visit,fit,117.89023541699953
dr_learner_visit,predict,4.078875832999984
class_transformation_visit,fit,18.171185082999727
class_transformation_visit,predict,4.252544832999774
response_conversion,fit,32.22745058300006
response_conversion,predict,11.597962958000608
s_learner_conversion,fit,25.609503333999783
s_learner_conversion,predict,16.92739904100017
t_learner_conversion,fit,23.639238374999877
t_learner_conversion,predict,12.642845584000497
x_learner_conversion,fit,61.866602166999655
x_learner_conversion,predict,38.54076237499976
dr_learner_conversion,fit,55.890957000000526
dr_learner_conversion,predict,0.9697695000004387
class_transformation_conversion,fit,7.1326945000000705
class_transformation_conversion,predict,0.8575300000002244
causal_forest_visit,fit,136.34313937499974
causal_forest_visit,predict,22.317014291000305
causal_forest_conversion,fit,142.45941337500062
causal_forest_conversion,predict,22.41472283300027
