outcome,method,learner,feature,importance,surrogate_r2
visit,causal_forest_split_importance,causal_forest,f0,0.02605168831142151,
visit,causal_forest_split_importance,causal_forest,f1,0.0,
visit,causal_forest_split_importance,causal_forest,f2,0.01599050591839301,
visit,causal_forest_split_importance,causal_forest,f3,0.7138307856050848,
visit,causal_forest_split_importance,causal_forest,f4,0.00037311290077617136,
visit,causal_forest_split_importance,causal_forest,f5,0.00010181018864831766,
visit,causal_forest_split_importance,causal_forest,f6,0.037346371827544994,
visit,causal_forest_split_importance,causal_forest,f7,0.00046967877503020127,
visit,causal_forest_split_importance,causal_forest,f8,0.09395239264691295,
visit,causal_forest_split_importance,causal_forest,f9,0.11061266920756044,
visit,causal_forest_split_importance,causal_forest,f10,0.0012448377759852484,
visit,causal_forest_split_importance,causal_forest,f11,2.6146842642406023e-05,
visit,surrogate_tree_shap,s_learner,f0,0.08440625447174409,0.9823101326974376
visit,surrogate_tree_shap,s_learner,f1,0.0023243870818511667,0.9823101326974376
visit,surrogate_tree_shap,s_learner,f2,0.06885909124149221,0.9823101326974376
visit,surrogate_tree_shap,s_learner,f3,0.25188469785281253,0.9823101326974376
visit,surrogate_tree_shap,s_learner,f4,0.01711572999411189,0.9823101326974376
visit,surrogate_tree_shap,s_learner,f5,0.007590512198377322,0.9823101326974376
visit,surrogate_tree_shap,s_learner,f6,0.17075281860287772,0.9823101326974376
visit,surrogate_tree_shap,s_learner,f7,0.008911499339928798,0.9823101326974376
visit,surrogate_tree_shap,s_learner,f8,0.2123473900633529,0.9823101326974376
visit,surrogate_tree_shap,s_learner,f9,0.16510253910077619,0.9823101326974376
visit,surrogate_tree_shap,s_learner,f10,0.007653878374758697,0.9823101326974376
visit,surrogate_tree_shap,s_learner,f11,0.0030512016779164768,0.9823101326974376
visit,surrogate_tree_shap,t_learner,f0,0.09687854378891253,0.9076763299809765
visit,surrogate_tree_shap,t_learner,f1,0.002120602472647969,0.9076763299809765
visit,surrogate_tree_shap,t_learner,f2,0.07365948660429539,0.9076763299809765
visit,surrogate_tree_shap,t_learner,f3,0.2461379980671735,0.9076763299809765
visit,surrogate_tree_shap,t_learner,f4,0.0269389214499762,0.9076763299809765
visit,surrogate_tree_shap,t_learner,f5,0.0027757540021048463,0.9076763299809765
visit,surrogate_tree_shap,t_learner,f6,0.16795333499834203,0.9076763299809765
visit,surrogate_tree_shap,t_learner,f7,0.016996067683802775,0.9076763299809765
visit,surrogate_tree_shap,t_learner,f8,0.2063844585701709,0.9076763299809765
visit,surrogate_tree_shap,t_learner,f9,0.14051142760591917,0.9076763299809765
visit,surrogate_tree_shap,t_learner,f10,0.015080217517745551,0.9076763299809765
visit,surrogate_tree_shap,t_learner,f11,0.004563187238909093,0.9076763299809765
visit,surrogate_tree_shap,x_learner,f0,0.07298545286755011,0.9956890978013073
visit,surrogate_tree_shap,x_learner,f1,0.0016298835612591715,0.9956890978013073
visit,surrogate_tree_shap,x_learner,f2,0.05597176850302059,0.9956890978013073
visit,surrogate_tree_shap,x_learner,f3,0.2863158728575202,0.9956890978013073
visit,surrogate_tree_shap,x_learner,f4,0.02002676563880713,0.9956890978013073
visit,surrogate_tree_shap,x_learner,f5,0.014485927325909996,0.9956890978013073
visit,surrogate_tree_shap,x_learner,f6,0.15000542788656543,0.9956890978013073
visit,surrogate_tree_shap,x_learner,f7,0.005984531431268957,0.9956890978013073
visit,surrogate_tree_shap,x_learner,f8,0.20744567389287907,0.9956890978013073
visit,surrogate_tree_shap,x_learner,f9,0.17394815386456308,0.9956890978013073
visit,surrogate_tree_shap,x_learner,f10,0.008957835986719578,0.9956890978013073
visit,surrogate_tree_shap,x_learner,f11,0.002242706183936799,0.9956890978013073
visit,surrogate_tree_shap,dr_learner,f0,0.07606261040767721,0.9869995251311023
visit,surrogate_tree_shap,dr_learner,f1,0.0021012668790049587,0.9869995251311023
visit,surrogate_tree_shap,dr_learner,f2,0.040681343937404336,0.9869995251311023
visit,surrogate_tree_shap,dr_learner,f3,0.3067844403975948,0.9869995251311023
visit,surrogate_tree_shap,dr_learner,f4,0.022190266853738646,0.9869995251311023
visit,surrogate_tree_shap,dr_learner,f5,0.01100307504989775,0.9869995251311023
visit,surrogate_tree_shap,dr_learner,f6,0.14385724209811768,0.9869995251311023
visit,surrogate_tree_shap,dr_learner,f7,0.008514903075044222,0.9869995251311023
visit,surrogate_tree_shap,dr_learner,f8,0.18843856268109602,0.9869995251311023
visit,surrogate_tree_shap,dr_learner,f9,0.19389211527359237,0.9869995251311023
visit,surrogate_tree_shap,dr_learner,f10,0.004033635324125911,0.9869995251311023
visit,surrogate_tree_shap,dr_learner,f11,0.0024405380227060032,0.9869995251311023
visit,surrogate_tree_shap,causal_forest,f0,0.0725305155220466,0.9986300738950062
visit,surrogate_tree_shap,causal_forest,f1,1.6839751220360477e-05,0.9986300738950062
visit,surrogate_tree_shap,causal_forest,f2,0.04941562713457298,0.9986300738950062
visit,surrogate_tree_shap,causal_forest,f3,0.33478821808274284,0.9986300738950062
visit,surrogate_tree_shap,causal_forest,f4,0.0005858797559133598,0.9986300738950062
visit,surrogate_tree_shap,causal_forest,f5,0.0004702409423173901,0.9986300738950062
visit,surrogate_tree_shap,causal_forest,f6,0.12399246578606565,0.9986300738950062
visit,surrogate_tree_shap,causal_forest,f7,0.0003219449130438206,0.9986300738950062
visit,surrogate_tree_shap,causal_forest,f8,0.13908669607564467,0.9986300738950062
visit,surrogate_tree_shap,causal_forest,f9,0.2770193483067467,0.9986300738950062
visit,surrogate_tree_shap,causal_forest,f10,0.0017267528105048711,0.9986300738950062
visit,surrogate_tree_shap,causal_forest,f11,4.5470919180804106e-05,0.9986300738950062
visit,surrogate_tree_shap,class_transformation,f0,0.08345854918788759,0.9743614713761024
visit,surrogate_tree_shap,class_transformation,f1,0.0008508800949417634,0.9743614713761024
visit,surrogate_tree_shap,class_transformation,f2,0.02798880386863266,0.9743614713761024
visit,surrogate_tree_shap,class_transformation,f3,0.3029300442786478,0.9743614713761024
visit,surrogate_tree_shap,class_transformation,f4,0.025700755020051938,0.9743614713761024
visit,surrogate_tree_shap,class_transformation,f5,0.016210986074974648,0.9743614713761024
visit,surrogate_tree_shap,class_transformation,f6,0.1478840829661632,0.9743614713761024
visit,surrogate_tree_shap,class_transformation,f7,0.007980493225448615,0.9743614713761024
visit,surrogate_tree_shap,class_transformation,f8,0.1755186218745785,0.9743614713761024
visit,surrogate_tree_shap,class_transformation,f9,0.20200621697707224,0.9743614713761024
visit,surrogate_tree_shap,class_transformation,f10,0.007268338190354017,0.9743614713761024
visit,surrogate_tree_shap,class_transformation,f11,0.0022022282412469322,0.9743614713761024
conversion,causal_forest_split_importance,causal_forest,f0,0.003372292823569687,
conversion,causal_forest_split_importance,causal_forest,f1,0.0003469715803790025,
conversion,causal_forest_split_importance,causal_forest,f2,0.014287938514818257,
conversion,causal_forest_split_importance,causal_forest,f3,0.09582313275987822,
conversion,causal_forest_split_importance,causal_forest,f4,0.23125870723709496,
conversion,causal_forest_split_importance,causal_forest,f5,0.008924486244423494,
conversion,causal_forest_split_importance,causal_forest,f6,0.06172924920659608,
conversion,causal_forest_split_importance,causal_forest,f7,0.019899764192213468,
conversion,causal_forest_split_importance,causal_forest,f8,0.22114848668973186,
conversion,causal_forest_split_importance,causal_forest,f9,0.24548365424710106,
conversion,causal_forest_split_importance,causal_forest,f10,0.0627563451480112,
conversion,causal_forest_split_importance,causal_forest,f11,0.03496897135618278,
conversion,surrogate_tree_shap,s_learner,f0,0.046495965052402916,0.9425154063222018
conversion,surrogate_tree_shap,s_learner,f1,0.0012461409545119592,0.9425154063222018
conversion,surrogate_tree_shap,s_learner,f2,0.10309865732613235,0.9425154063222018
conversion,surrogate_tree_shap,s_learner,f3,0.14919817618754233,0.9425154063222018
conversion,surrogate_tree_shap,s_learner,f4,0.27640051239530306,0.9425154063222018
conversion,surrogate_tree_shap,s_learner,f5,0.0036344213601133524,0.9425154063222018
conversion,surrogate_tree_shap,s_learner,f6,0.09518787105394519,0.9425154063222018
conversion,surrogate_tree_shap,s_learner,f7,0.017410686145487027,0.9425154063222018
conversion,surrogate_tree_shap,s_learner,f8,0.053348144083823226,0.9425154063222018
conversion,surrogate_tree_shap,s_learner,f9,0.17757985188675385,0.9425154063222018
conversion,surrogate_tree_shap,s_learner,f10,0.035576572263279455,0.9425154063222018
conversion,surrogate_tree_shap,s_learner,f11,0.04082300129070521,0.9425154063222018
conversion,surrogate_tree_shap,t_learner,f0,0.05935565608033224,0.7139378574624453
conversion,surrogate_tree_shap,t_learner,f1,0.0027551761872935147,0.7139378574624453
conversion,surrogate_tree_shap,t_learner,f2,0.07831430799983445,0.7139378574624453
conversion,surrogate_tree_shap,t_learner,f3,0.16621639769313976,0.7139378574624453
conversion,surrogate_tree_shap,t_learner,f4,0.22773443321072018,0.7139378574624453
conversion,surrogate_tree_shap,t_learner,f5,0.007978401243006377,0.7139378574624453
conversion,surrogate_tree_shap,t_learner,f6,0.09766859670685688,0.7139378574624453
conversion,surrogate_tree_shap,t_learner,f7,0.020185204081756666,0.7139378574624453
conversion,surrogate_tree_shap,t_learner,f8,0.06405043825450782,0.7139378574624453
conversion,surrogate_tree_shap,t_learner,f9,0.14907202882171325,0.7139378574624453
conversion,surrogate_tree_shap,t_learner,f10,0.059686984160371374,0.7139378574624453
conversion,surrogate_tree_shap,t_learner,f11,0.06698237556046756,0.7139378574624453
conversion,surrogate_tree_shap,x_learner,f0,0.02836506117820945,0.9948386642264032
conversion,surrogate_tree_shap,x_learner,f1,0.00029388383878890844,0.9948386642264032
conversion,surrogate_tree_shap,x_learner,f2,0.0842336543848579,0.9948386642264032
conversion,surrogate_tree_shap,x_learner,f3,0.1723798252283464,0.9948386642264032
conversion,surrogate_tree_shap,x_learner,f4,0.23316775361906397,0.9948386642264032
conversion,surrogate_tree_shap,x_learner,f5,0.002077809891533056,0.9948386642264032
conversion,surrogate_tree_shap,x_learner,f6,0.09946930221808281,0.9948386642264032
conversion,surrogate_tree_shap,x_learner,f7,0.003488610184305203,0.9948386642264032
conversion,surrogate_tree_shap,x_learner,f8,0.09278291753605433,0.9948386642264032
conversion,surrogate_tree_shap,x_learner,f9,0.14231563451799517,0.9948386642264032
conversion,surrogate_tree_shap,x_learner,f10,0.04337908358862606,0.9948386642264032
conversion,surrogate_tree_shap,x_learner,f11,0.09804646381413654,0.9948386642264032
conversion,surrogate_tree_shap,dr_learner,f0,0.044766635965003326,0.9724011566255685
conversion,surrogate_tree_shap,dr_learner,f1,0.0026226318317812687,0.9724011566255685
conversion,surrogate_tree_shap,dr_learner,f2,0.07858940370104082,0.9724011566255685
conversion,surrogate_tree_shap,dr_learner,f3,0.1632267678212413,0.9724011566255685
conversion,surrogate_tree_shap,dr_learner,f4,0.25744953463358367,0.9724011566255685
conversion,surrogate_tree_shap,dr_learner,f5,0.00898073473224292,0.9724011566255685
conversion,surrogate_tree_shap,dr_learner,f6,0.08448720580505421,0.9724011566255685
conversion,surrogate_tree_shap,dr_learner,f7,0.015695112900412457,0.9724011566255685
conversion,surrogate_tree_shap,dr_learner,f8,0.06293423400064806,0.9724011566255685
conversion,surrogate_tree_shap,dr_learner,f9,0.15047502008667185,0.9724011566255685
conversion,surrogate_tree_shap,dr_learner,f10,0.039220557275037315,0.9724011566255685
conversion,surrogate_tree_shap,dr_learner,f11,0.09155216124728292,0.9724011566255685
conversion,surrogate_tree_shap,causal_forest,f0,0.0183354859496068,0.9981926396371379
conversion,surrogate_tree_shap,causal_forest,f1,0.0006926286071675938,0.9981926396371379
conversion,surrogate_tree_shap,causal_forest,f2,0.05608768026129495,0.9981926396371379
conversion,surrogate_tree_shap,causal_forest,f3,0.10509738764749961,0.9981926396371379
conversion,surrogate_tree_shap,causal_forest,f4,0.16252127057531582,0.9981926396371379
conversion,surrogate_tree_shap,causal_forest,f5,0.009127093680856808,0.9981926396371379
conversion,surrogate_tree_shap,causal_forest,f6,0.12304072064685115,0.9981926396371379
conversion,surrogate_tree_shap,causal_forest,f7,0.005601550455127546,0.9981926396371379
conversion,surrogate_tree_shap,causal_forest,f8,0.19730802443403248,0.9981926396371379
conversion,surrogate_tree_shap,causal_forest,f9,0.24894172073289564,0.9981926396371379
conversion,surrogate_tree_shap,causal_forest,f10,0.04678330459393452,0.9981926396371379
conversion,surrogate_tree_shap,causal_forest,f11,0.026463132415416958,0.9981926396371379
conversion,surrogate_tree_shap,class_transformation,f0,0.05024259294615834,0.9582555825298973
conversion,surrogate_tree_shap,class_transformation,f1,0.0018970094795454835,0.9582555825298973
conversion,surrogate_tree_shap,class_transformation,f2,0.05878409060228541,0.9582555825298973
conversion,surrogate_tree_shap,class_transformation,f3,0.17527570484378052,0.9582555825298973
conversion,surrogate_tree_shap,class_transformation,f4,0.25172577446488253,0.9582555825298973
conversion,surrogate_tree_shap,class_transformation,f5,0.0066972043672912695,0.9582555825298973
conversion,surrogate_tree_shap,class_transformation,f6,0.0775512167448394,0.9582555825298973
conversion,surrogate_tree_shap,class_transformation,f7,0.014893455637784284,0.9582555825298973
conversion,surrogate_tree_shap,class_transformation,f8,0.059238018768161954,0.9582555825298973
conversion,surrogate_tree_shap,class_transformation,f9,0.16354146666505326,0.9582555825298973
conversion,surrogate_tree_shap,class_transformation,f10,0.06400088657431297,0.9582555825298973
conversion,surrogate_tree_shap,class_transformation,f11,0.07615257890590452,0.9582555825298973
