scorer,s_learner,t_learner,x_learner,dr_learner,causal_forest,class_transformation,response,outcome
s_learner,1.0,0.7336465744894923,0.8336099742934058,0.7793626981160803,0.6914941398930698,0.7589459014925688,0.87454551858579,visit
t_learner,0.7336465744894923,1.0,0.6086142659172961,0.5415445755606275,0.5339039237482087,0.5405371751453277,0.5955226074478133,visit
x_learner,0.8336099742934058,0.6086142659172961,1.0,0.8617165480538553,0.7210008213319469,0.854267251891099,0.8282435411385938,visit
dr_learner,0.7793626981160803,0.5415445755606275,0.8617165480538553,1.0,0.752466638721476,0.9323392918020728,0.8458033660471672,visit
causal_forest,0.6914941398930698,0.5339039237482087,0.7210008213319469,0.752466638721476,1.0,0.7469408119841001,0.717991255037424,visit
class_transformation,0.7589459014925688,0.5405371751453277,0.854267251891099,0.9323392918020728,0.7469408119841001,1.0,0.8168632593977839,visit
response,0.87454551858579,0.5955226074478133,0.8282435411385938,0.8458033660471672,0.717991255037424,0.8168632593977839,1.0,visit
s_learner,1.0,0.7621318503536666,0.8032150167607537,0.5955348766583249,0.587381924273483,0.5486923765580524,0.8521631956712744,conversion
t_learner,0.7621318503536666,1.0,0.6546713281160113,0.49313667241201153,0.5041486327659147,0.4279392677402306,0.6350912456774913,conversion
x_learner,0.8032150167607537,0.6546713281160113,1.0,0.6299989834580819,0.597155919885363,0.5829157349553903,0.8314350735323262,conversion
dr_learner,0.5955348766583249,0.49313667241201153,0.6299989834580819,1.0,0.6251447699126046,0.8892444926804686,0.6840024721191847,conversion
causal_forest,0.587381924273483,0.5041486327659147,0.597155919885363,0.6251447699126046,1.0,0.6348975543113384,0.6796545670743815,conversion
class_transformation,0.5486923765580524,0.4279392677402306,0.5829157349553903,0.8892444926804686,0.6348975543113384,1.0,0.6671186335748304,conversion
response,0.8521631956712744,0.6350912456774913,0.8314350735323262,0.6840024721191847,0.6796545670743815,0.6671186335748304,1.0,conversion
