outcome,estimator,scorer,metric,estimate,ci_low,ci_high
visit,plain,s_learner,ate,0.010342450850433263,0.009732579486554904,0.010922524650376337
visit,plain,s_learner,qini_coefficient,0.0039318404836506385,0.0037247453622710164,0.004161482031612827
visit,plain,s_learner,auuc,0.009066058994343689,0.008567699361865714,0.009552486625810886
visit,plain,s_learner,auuc_random,0.005171225425216631,0.004866289743277449,0.0054612623251881695
visit,plain,s_learner,qini_normalized,0.09304127701737094,0.08790568061002511,0.09890896204267112
visit,plain,s_learner,auuc_normalized,0.06125417828007121,0.057998190841564344,0.06502229401298391
visit,plain,s_learner,uplift_at_5,0.09770839464910752,0.09076954440162392,0.10520277017740706
visit,plain,s_learner,incremental_at_5,13659.23296752717,12690.374059538477,14698.718850815405
visit,plain,s_learner,treated_rate_at_5,0.3683300576573344,0.36542511962087654,0.37109822252040336
visit,plain,s_learner,control_rate_at_5,0.2706216630082269,0.2638304596240324,0.27671882441253104
visit,plain,s_learner,anyway_share_at_5,0.7347259811741789,0.7149998637523103,0.7529079854922275
visit,plain,s_learner,uplift_at_10,0.06580603756209497,0.061622075225608,0.0703946363099664
visit,plain,s_learner,incremental_at_10,18398.828492853743,17230.291984138086,19685.612543839045
visit,plain,s_learner,treated_rate_at_10,0.2841568541867132,0.28200753879979756,0.2858842861980287
visit,plain,s_learner,control_rate_at_10,0.21835081662461825,0.21393924056972263,0.22202553198689368
visit,plain,s_learner,anyway_share_at_10,0.768416504502632,0.7524146703377886,0.7825407404132676
visit,plain,s_learner,uplift_at_20,0.04078164478202542,0.03821435995035427,0.04350032215945458
visit,plain,s_learner,incremental_at_20,22804.42694313419,21365.142390058758,24317.854140574538
visit,plain,s_learner,treated_rate_at_20,0.19356011975818124,0.1924638639605548,0.19465167116398893
visit,plain,s_learner,control_rate_at_20,0.15277847497615582,0.1503279373168767,0.15520708646205125
visit,plain,s_learner,anyway_share_at_20,0.7893076072024816,0.7755409452201445,0.8023858906144495
visit,plain,s_learner,uplift_at_30,0.030163867023902363,0.028327764108704887,0.03192508528984825
visit,plain,s_learner,incremental_at_30,25300.709628520515,23731.378278956272,26769.173655000064
visit,plain,s_learner,treated_rate_at_30,0.14188387569532246,0.14104985838139938,0.1427664171747325
visit,plain,s_learner,control_rate_at_30,0.1117200086714201,0.11015352736982693,0.11325691975384278
visit,plain,s_learner,anyway_share_at_30,0.7874045456111206,0.7755072925064248,0.799862664067759
visit,plain,t_learner,ate,0.010342450850433263,0.009732579486554904,0.010922524650376337
visit,plain,t_learner,qini_coefficient,0.0037085530544256054,0.003480578249539253,0.003965065062458331
visit,plain,t_learner,auuc,0.008845115305417066,0.008429625917022263,0.009349164142416586
visit,plain,t_learner,auuc_random,0.005171225425216631,0.004866289743277449,0.0054612623251881695
visit,plain,t_learner,qini_normalized,0.08775750529687282,0.08215483576820383,0.0941816234423392
visit,plain,t_learner,auuc_normalized,0.05777938946787524,0.054129927103855856,0.06183104331053534
visit,plain,t_learner,uplift_at_5,0.09219111573276523,0.08563790593529434,0.09961935175018123
visit,plain,t_learner,incremental_at_5,12887.939995866074,11999.952861126345,13898.549426063333
visit,plain,t_learner,treated_rate_at_5,0.3687317682444172,0.36608676111655014,0.3715542680603797
visit,plain,t_learner,control_rate_at_5,0.276540652511652,0.26988249536534437,0.2826856882379503
visit,plain,t_learner,anyway_share_at_5,0.7499778330147688,0.730352982649841,0.767597973793189
visit,plain,t_learner,uplift_at_10,0.06256933472839674,0.05828165438434748,0.06707363470450373
visit,plain,t_learner,incremental_at_10,17493.872921514954,16279.881047121855,18769.958113636076
visit,plain,t_learner,treated_rate_at_10,0.28473692918596955,0.28282509067141126,0.28648944557311995
visit,plain,t_learner,control_rate_at_10,0.2221675944575728,0.21828910433244578,0.22588117813784853
visit,plain,t_learner,anyway_share_at_10,0.7802556383983091,0.765567176161948,0.794653255663008
visit,plain,t_learner,uplift_at_20,0.040190143710076925,0.03811860644000331,0.04273864305718822
visit,plain,t_learner,incremental_at_20,22473.66924431817,21322.40039570276,23943.928772093117
visit,plain,t_learner,treated_rate_at_20,0.18073596858179497,0.17964823814834396,0.18185428091884492
visit,plain,t_learner,control_rate_at_20,0.14054582487171804,0.13820505066271283,0.1425394828429212
visit,plain,t_learner,anyway_share_at_20,0.7776306286709708,0.763961049834178,0.7890494185213524
visit,plain,t_learner,uplift_at_30,0.029724943189193845,0.028189553830856907,0.03168141976047144
visit,plain,t_learner,incremental_at_30,24932.551113493344,23659.60355714596,26539.824442520814
visit,plain,t_learner,treated_rate_at_30,0.1276526115508357,0.12696991680810168,0.12842593652962786
visit,plain,t_learner,control_rate_at_30,0.09792766836164186,0.09625691373488288,0.09938937608296611
visit,plain,t_learner,anyway_share_at_30,0.7671419109404093,0.7529904381591808,0.7790529194498862
visit,plain,x_learner,ate,0.010342450850433263,0.009732579486554904,0.010922524650376337
visit,plain,x_learner,qini_coefficient,0.00396898144679476,0.0037448157641785593,0.004233616388616528
visit,plain,x_learner,auuc,0.009101733668966997,0.008616602956653044,0.00954403562215637
visit,plain,x_learner,auuc_random,0.005171225425216631,0.004866289743277449,0.0054612623251881695
visit,plain,x_learner,qini_normalized,0.09392016380205954,0.08848337589118131,0.10073338839132491
visit,plain,x_learner,auuc_normalized,0.061815235085368646,0.0583181687544756,0.06618464673261425
visit,plain,x_learner,uplift_at_5,0.09666099971446518,0.09033213317153327,0.10386349551604107
visit,plain,x_learner,incremental_at_5,13512.811449983403,12611.105132748702,14495.965656313434
visit,plain,x_learner,treated_rate_at_5,0.3666060995859755,0.36359022455069456,0.36940546133401403
visit,plain,x_learner,control_rate_at_5,0.26994509987151033,0.2637527071537099,0.2760436212790961
visit,plain,x_learner,anyway_share_at_5,0.736335538815015,0.7182310847473823,0.7533243259144743
visit,plain,x_learner,uplift_at_10,0.06471818425804557,0.0607223491851085,0.06928867185185808
visit,plain,x_learner,incremental_at_10,18094.673629438625,16962.332325481966,19385.957280853127
visit,plain,x_learner,treated_rate_at_10,0.2823088025949326,0.280550381174158,0.2840568202596148
visit,plain,x_learner,control_rate_at_10,0.217590618336887,0.2137973245739471,0.22147001175905653
visit,plain,x_learner,anyway_share_at_10,0.7707539273902639,0.7554727096238485,0.7851915979204266
visit,plain,x_learner,uplift_at_20,0.040919968609123974,0.038429650200769015,0.04337448000100343
visit,plain,x_learner,incremental_at_20,22881.775358736937,21530.384712825908,24232.711177981833
visit,plain,x_learner,treated_rate_at_20,0.18795925551701612,0.18687547532376628,0.18906117541025896
visit,plain,x_learner,control_rate_at_20,0.14703928690789214,0.14475748220133972,0.1491792853588841
visit,plain,x_learner,anyway_share_at_20,0.7822934098320077,0.7700203528776366,0.7959284921268795
visit,plain,x_learner,uplift_at_30,0.030134943684635526,0.028495074342292977,0.03180716055415396
visit,plain,x_learner,incremental_at_30,25276.449443057638,23886.115339266737,26690.571800348116
visit,plain,x_learner,treated_rate_at_30,0.13441595136876824,0.13357617768676722,0.1352852883571375
visit,plain,x_learner,control_rate_at_30,0.10428100768413272,0.10270141351156807,0.10567526157564593
visit,plain,x_learner,anyway_share_at_30,0.7758082773824906,0.7636081044232338,0.7886835988060007
visit,plain,dr_learner,ate,0.010342450850433263,0.009732579486554904,0.010922524650376337
visit,plain,dr_learner,qini_coefficient,0.0039029001873510582,0.0036776291947630785,0.004162682336943195
visit,plain,dr_learner,auuc,0.009036695901710612,0.008577223600217086,0.009560494412321216
visit,plain,dr_learner,auuc_random,0.005171225425216631,0.004866289743277449,0.0054612623251881695
visit,plain,dr_learner,qini_normalized,0.09235644706657041,0.08657737028970024,0.09883635988546668
visit,plain,dr_learner,auuc_normalized,0.060792383936595855,0.05713333782587585,0.0649915694826792
visit,plain,dr_learner,uplift_at_5,0.10112599404759343,0.09523989947285878,0.10730441151363831
visit,plain,dr_learner,incremental_at_5,14136.999351277966,13319.090139041196,15021.862517459567
visit,plain,dr_learner,treated_rate_at_5,0.35946905122378947,0.3566083235385247,0.36218455357897067
visit,plain,dr_learner,control_rate_at_5,0.25834305717619604,0.25169944713637044,0.26351728521592394
visit,plain,dr_learner,anyway_share_at_5,0.7186795533487057,0.7018080046173832,0.7346689303318338
visit,plain,dr_learner,uplift_at_10,0.06455642355548155,0.060366631711437295,0.06916485213813098
visit,plain,dr_learner,incremental_at_10,18049.446663439485,16872.693249495926,19350.56263304861
visit,plain,dr_learner,treated_rate_at_10,0.2751340971650747,0.2731567409851799,0.27687434782697556
visit,plain,dr_learner,control_rate_at_10,0.21057767360959315,0.20646418388311386,0.2143519513705703
visit,plain,dr_learner,anyway_share_at_10,0.7653637836216678,0.748691033233424,0.77938450475073
visit,plain,dr_learner,uplift_at_20,0.039531979453545585,0.03698803973077913,0.04221999577500053
visit,plain,dr_learner,incremental_at_20,22105.63458595965,20683.34719601137,23624.70283623045
visit,plain,dr_learner,treated_rate_at_20,0.19454027796644735,0.19332204147397059,0.19564119499607
visit,plain,dr_learner,control_rate_at_20,0.15500829851290177,0.15263503697682138,0.15748995345905806
visit,plain,dr_learner,anyway_share_at_20,0.796792829398734,0.7834331191192299,0.8092029862444127
visit,plain,dr_learner,uplift_at_30,0.02958958963986416,0.027815096474720333,0.03134856087835315
visit,plain,dr_learner,incremental_at_30,24819.01988601292,23358.173777538024,26298.30834547098
visit,plain,dr_learner,treated_rate_at_30,0.14539933491752874,0.14448999659689382,0.14619223811596413
visit,plain,dr_learner,control_rate_at_30,0.11580974527766458,0.1141107410041132,0.11738556079309286
visit,plain,dr_learner,anyway_share_at_30,0.7964943260803254,0.7844891054276443,0.8083265675900597
visit,plain,causal_forest,ate,0.010342450850433263,0.009732579486554904,0.010922524650376337
visit,plain,causal_forest,qini_coefficient,0.0037454163685486366,0.003537077777331362,0.003969576916369324
visit,plain,causal_forest,auuc,0.008878580745443981,0.008381279480894599,0.00941778941027112
visit,plain,causal_forest,auuc_random,0.005171225425216631,0.004866289743277449,0.0054612623251881695
visit,plain,causal_forest,qini_normalized,0.0886298219219651,0.08344342794043365,0.09459579274243421
visit,plain,causal_forest,auuc_normalized,0.058305701566517536,0.055082612033480104,0.06199855885070181
visit,plain,causal_forest,uplift_at_5,0.09980045624774445,0.09342527101519757,0.10684606801245038
visit,plain,causal_forest,incremental_at_5,13951.694601564057,13047.417639559813,14914.110745351803
visit,plain,causal_forest,treated_rate_at_5,0.3495406110000253,0.34644310351775415,0.35195161841463724
visit,plain,causal_forest,control_rate_at_5,0.24974015475228087,0.24314484842050357,0.25563229728211595
visit,plain,causal_forest,anyway_share_at_5,0.7144810842945594,0.6948093620226576,0.7326890269739617
visit,plain,causal_forest,uplift_at_10,0.06666269013765824,0.06278453568279757,0.07137833191752342
visit,plain,causal_forest,incremental_at_10,18638.341528430115,17548.66361877414,19936.512248659674
visit,plain,causal_forest,treated_rate_at_10,0.25675568488838435,0.25494237184695784,0.2585157239956711
visit,plain,causal_forest,control_rate_at_10,0.1900929947507261,0.18602310471457978,0.19355595980577636
visit,plain,causal_forest,anyway_share_at_10,0.7403652808441709,0.7226253583486518,0.7547618052164528
visit,plain,causal_forest,uplift_at_20,0.039137817610386816,0.036622566261819346,0.041953590907418035
visit,plain,causal_forest,incremental_at_20,21885.225747519497,20494.36004694045,23456.239491271896
visit,plain,causal_forest,treated_rate_at_20,0.1916774326002484,0.19045765753001787,0.19276544666062034
visit,plain,causal_forest,control_rate_at_20,0.15253961498986157,0.15029154345523468,0.15475570957249649
visit,plain,causal_forest,anyway_share_at_20,0.7958141598650769,0.7820761395701601,0.8080990517384025
visit,plain,causal_forest,uplift_at_30,0.02896270022734597,0.027255512767144205,0.03098344174071478
visit,plain,causal_forest,incremental_at_30,24293.200468272207,22871.695213792875,26008.846619912274
visit,plain,causal_forest,treated_rate_at_30,0.14424036441316423,0.1433705284636746,0.14500718905557147
visit,plain,causal_forest,control_rate_at_30,0.11527766418581827,0.11361034746895464,0.1169634285561718
visit,plain,causal_forest,anyway_share_at_30,0.7992053032784583,0.7861849799175354,0.8116145982595991
visit,plain,class_transformation,ate,0.010342450850433263,0.009732579486554904,0.010922524650376337
visit,plain,class_transformation,qini_coefficient,0.003800739868991353,0.003561256243433763,0.0040412262863191795
visit,plain,class_transformation,auuc,0.008935231536377982,0.008474113037995595,0.009406186356432544
visit,plain,class_transformation,auuc_random,0.005171225425216631,0.004866289743277449,0.0054612623251881695
visit,plain,class_transformation,qini_normalized,0.08993897196293578,0.083992942510132,0.09615091106783036
visit,plain,class_transformation,auuc_normalized,0.0591966504571414,0.05532420084694036,0.06316407780807108
visit,plain,class_transformation,uplift_at_5,0.09878711433019893,0.09254144832094849,0.10577966344185205
visit,plain,class_transformation,incremental_at_5,13810.033556193057,12923.152085784528,14768.489589521254
visit,plain,class_transformation,treated_rate_at_5,0.3588872424009871,0.3560327943239255,0.36147671643359697
visit,plain,class_transformation,control_rate_at_5,0.2601001280707882,0.25401476134345785,0.26535222689563925
visit,plain,class_transformation,anyway_share_at_5,0.7247405238779053,0.7059322460918619,0.7414585658089231
visit,plain,class_transformation,uplift_at_10,0.06353934977352102,0.059327238239249555,0.06761370688716696
visit,plain,class_transformation,incremental_at_10,17765.081174008334,16568.604572290602,18881.859237244338
visit,plain,class_transformation,treated_rate_at_10,0.27210248088480976,0.2703229857559466,0.2739927501007548
visit,plain,class_transformation,control_rate_at_10,0.20856313111128874,0.20459990353451876,0.21228406819964835
visit,plain,class_transformation,anyway_share_at_10,0.7664874294166418,0.7518436080409375,0.781997091920704
visit,plain,class_transformation,uplift_at_20,0.039819628094084514,0.03744763465978975,0.042265479982402106
visit,plain,class_transformation,incremental_at_20,22266.482988311316,20933.901547722886,23598.40104634213
visit,plain,class_transformation,treated_rate_at_20,0.18369870881448508,0.18256594539984772,0.18479134144767745
visit,plain,class_transformation,control_rate_at_20,0.14387908072040057,0.141651119765597,0.14613265116502264
visit,plain,class_transformation,anyway_share_at_20,0.7832340338641257,0.7711682367104831,0.7959682934042609
visit,plain,class_transformation,uplift_at_30,0.029069604636640045,0.027508714741679135,0.03083644138543332
visit,plain,class_transformation,incremental_at_30,24382.869256939608,23085.152453121835,25904.24344754041
visit,plain,class_transformation,treated_rate_at_30,0.13639931031611494,0.13553220868807359,0.13722777211440185
visit,plain,class_transformation,control_rate_at_30,0.10732970567947489,0.10576485470079557,0.1087608998542851
visit,plain,class_transformation,anyway_share_at_30,0.7868786537903366,0.7738663193674891,0.7978361873048603
visit,plain,response,ate,0.010342450850433263,0.009732579486554904,0.010922524650376337
visit,plain,response,qini_coefficient,0.0036168744079574924,0.003377479311641422,0.003871512774517173
visit,plain,response,auuc,0.008765379562170437,0.008223283725733839,0.00931537535724859
visit,plain,response,auuc_random,0.005171225425216631,0.004866289743277449,0.0054612623251881695
visit,plain,response,qini_normalized,0.0855880636885252,0.07969619506196153,0.09213536364881093
visit,plain,response,auuc_normalized,0.05652538275733494,0.05277731089079636,0.060780238077605804
visit,plain,response,uplift_at_5,0.054642760447072,0.0467885931805661,0.061985820075121004
visit,plain,response,incremental_at_5,7638.833875182832,6550.770925748627,8691.402780408407
visit,plain,response,treated_rate_at_5,0.523564491226563,0.5207140768786926,0.5265950928661195
visit,plain,response,control_rate_at_5,0.468921730779491,0.4617622588144585,0.4765902998596484
visit,plain,response,anyway_share_at_5,0.8956331810832711,0.8815466302121135,0.9105810120828081
visit,plain,response,uplift_at_10,0.05159629223706397,0.046767419001742576,0.05615093578330131
visit,plain,response,incremental_at_10,14425.90021988674,13059.737409514082,15700.003131056748
visit,plain,response,treated_rate_at_10,0.3749231781171413,0.37307170675452883,0.3768182337623582
visit,plain,response,control_rate_at_10,0.32332688588007735,0.3188966718120253,0.32793110425748123
visit,plain,response,anyway_share_at_10,0.8623816951083692,0.850355855472935,0.8750819522277051
visit,plain,response,uplift_at_20,0.03877388721970468,0.036163731684911056,0.04163844144425284
visit,plain,response,incremental_at_20,21681.721841508454,20260.777571697865,23275.988513801844
visit,plain,response,treated_rate_at_20,0.22313393506659462,0.22192226647491747,0.22432569751745354
visit,plain,response,control_rate_at_20,0.18436004784688995,0.18185294761433507,0.1869739747305795
visit,plain,response,anyway_share_at_20,0.8262304332681062,0.8143768204358097,0.8379857386561735
visit,plain,response,uplift_at_30,0.029783705913876857,0.027960895608765437,0.03191371433500351
visit,plain,response,incremental_at_30,24981.839841394427,23458.47886042074,26766.054248879776
visit,plain,response,treated_rate_at_30,0.15542086330333213,0.15455025378727072,0.1562818165296042
visit,plain,response,control_rate_at_30,0.12563715738945527,0.12371038009217823,0.1274848103985284
visit,plain,response,anyway_share_at_30,0.8083673885162475,0.7949578500212272,0.8198247693284576
visit,plain,random,ate,0.010342450850433263,0.009732579486554904,0.010922524650376337
visit,plain,random,qini_coefficient,-2.3358416070457834e-05,-0.00019507101666621965,0.0001387508724098435
visit,plain,random,auuc,0.0051474762421649094,0.00477702554812646,0.005487393760262429
visit,plain,random,auuc_random,0.005171225425216631,0.004866289743277449,0.0054612623251881695
visit,plain,random,qini_normalized,-0.0005527428870361017,-0.004622335888890831,0.0032977669292763743
visit,plain,random,auuc_normalized,-0.0003735041990464902,-0.0030652553642323763,0.0021626940562216434
visit,plain,random,uplift_at_5,0.00957236185836647,0.006516173948527243,0.012307465152987303
visit,plain,random,incremental_at_5,1338.176941116013,913.0837934809565,1723.862535658869
visit,plain,random,treated_rate_at_5,0.04950724023415655,0.04808946238388231,0.05058744579994189
visit,plain,random,control_rate_at_5,0.03993487837579008,0.03739877495964603,0.042376100157779505
visit,plain,random,anyway_share_at_5,0.8066472335542912,0.7533650319300809,0.8642727257781792
visit,plain,random,uplift_at_10,0.010061799189069694,0.008113269765752617,0.011698848292303152
visit,plain,random,incremental_at_10,2813.196546510536,2267.9078150476644,3269.3985243860793
visit,plain,random,treated_rate_at_10,0.048598407777092165,0.04756063537329362,0.04935661731106956
visit,plain,random,control_rate_at_10,0.03853660858802247,0.036845122464020434,0.04022023454248264
visit,plain,random,anyway_share_at_10,0.7929603118846925,0.7620061681582917,0.8329445804480382
visit,plain,random,uplift_at_20,0.0106552003496257,0.009356815936670844,0.011956376873936452
visit,plain,random,incremental_at_20,5958.213290224958,5237.28105748929,6683.959359001365
visit,plain,random,treated_rate_at_20,0.04874349539946197,0.048014903643361743,0.049252531187558055
visit,plain,random,control_rate_at_20,0.03808829504983627,0.03683114706288224,0.039292594231041596
visit,plain,random,anyway_share_at_20,0.7814026207537157,0.7540504033811252,0.8083477274506665
visit,plain,random,uplift_at_30,0.010487462321307817,0.009428127947882716,0.011637724410591514
visit,plain,random,incremental_at_30,8796.625403539892,7903.464861461209,9752.168788191402
visit,plain,random,treated_rate_at_30,0.04875364039337287,0.04820054658791239,0.04922128448744996
visit,plain,random,control_rate_at_30,0.03826617807206505,0.03722233877736083,0.03932899744321446
visit,plain,random,anyway_share_at_30,0.7848886311526926,0.7617853110334064,0.8061789123253009
visit,ipw,s_learner,ate,0.007613811677812652,0.0070135414520846396,0.008198692283378778
visit,ipw,s_learner,qini_coefficient,0.003342673041436098,0.003124611668548858,0.0035757548820580646
visit,ipw,s_learner,auuc,0.007150396160656845,0.006638421731500949,0.007667775622857021
visit,ipw,s_learner,auuc_random,0.0038069058389063257,0.00350677072604232,0.004099346141689388
visit,ipw,s_learner,qini_normalized,0.07769872452018882,0.07228327054786862,0.08360619582017478
visit,ipw,s_learner,auuc_normalized,0.05207532590436022,0.04855705072720418,0.055948606087102074
visit,ipw,s_learner,uplift_at_5,0.0975872601002527,0.09063510699138427,0.10516674876332027
visit,ipw,s_learner,incremental_at_5,13631.394098710633,12644.89103578141,14670.535409983395
visit,ipw,s_learner,treated_rate_at_5,0.36722562197933273,0.3643089096838982,0.3700026747453573
visit,ipw,s_learner,control_rate_at_5,0.26963836187908,0.26311021586704514,0.27577708069726636
visit,ipw,s_learner,anyway_share_at_5,0.73425803032408,0.714639254346337,0.7525465670769085
visit,ipw,s_learner,uplift_at_10,0.0626718351828745,0.05828066552426171,0.06728761720965852
visit,ipw,s_learner,incremental_at_10,17515.619676770417,16246.593040244054,18852.604486507953
visit,ipw,s_learner,treated_rate_at_10,0.2827927012071268,0.2806769128788267,0.2845058271203837
visit,ipw,s_learner,control_rate_at_10,0.2201208660242523,0.21549382381252244,0.22400000955899216
visit,ipw,s_learner,anyway_share_at_10,0.7783824161113283,0.7619140645251279,0.7929309927576524
visit,ipw,s_learner,uplift_at_20,0.036130165969983946,0.03354866971032874,0.0388779032895112
visit,ipw,s_learner,incremental_at_20,20200.728026863086,18764.684729166354,21695.696013297158
visit,ipw,s_learner,treated_rate_at_20,0.19219534056006166,0.1911023684572589,0.19329386405089208
visit,ipw,s_learner,control_rate_at_20,0.1560651745900777,0.15352255207170692,0.15860403752456026
visit,ipw,s_learner,anyway_share_at_20,0.8120133096634923,0.7974634501314803,0.8253907348105634
visit,ipw,s_learner,uplift_at_30,0.024901354996576586,0.0231005224201682,0.026747635937867116
visit,ipw,s_learner,incremental_at_30,20883.82626607532,19354.34535147781,22426.62942478675
visit,ipw,s_learner,treated_rate_at_30,0.14057552571752568,0.139766013588907,0.14145523017733877
visit,ipw,s_learner,control_rate_at_30,0.1156741707209491,0.11415484877861433,0.11730505768840736
visit,ipw,s_learner,anyway_share_at_30,0.8228613774021113,0.809803754408105,0.8352770495434574
visit,ipw,t_learner,ate,0.007613811677812758,0.007013541452084584,0.00819869228337875
visit,ipw,t_learner,qini_coefficient,0.003068546655402003,0.0028282228915923534,0.0033150114169201756
visit,ipw,t_learner,auuc,0.006876528459415844,0.006447958172464821,0.007403811780072675
visit,ipw,t_learner,auuc_random,0.003806905838906381,0.0035067707260422916,0.004099346141689376
visit,ipw,t_learner,qini_normalized,0.0713267969376373,0.06586664529390213,0.077330244481809
visit,ipw,t_learner,auuc_normalized,0.04780979843923536,0.044109588387297394,0.05176968191144475
visit,ipw,t_learner,uplift_at_5,0.09339113983766145,0.08647061996949659,0.10055988364007333
visit,ipw,t_learner,incremental_at_5,13044.73017636387,12081.398411717559,14080.847794121351
visit,ipw,t_learner,treated_rate_at_5,0.3676513091027033,0.36501966846676975,0.3704807003038282
visit,ipw,t_learner,control_rate_at_5,0.2742601692650419,0.2675318151446376,0.2809385200951699
visit,ipw,t_learner,anyway_share_at_5,0.7459790363167926,0.7258143108322986,0.7641038887435886
visit,ipw,t_learner,uplift_at_10,0.059983545600330174,0.05553370664927493,0.06471821406646192
visit,ipw,t_learner,incremental_at_10,16764.65862378446,15499.590646274206,18088.64594107
visit,ipw,t_learner,treated_rate_at_10,0.2833803669661987,0.2814548056311565,0.2850940948801241
visit,ipw,t_learner,control_rate_at_10,0.22339682136586855,0.21940748843998217,0.2271082259046005
visit,ipw,t_learner,anyway_share_at_10,0.7883285061611733,0.7723594636221935,0.8030985966124047
visit,ipw,t_learner,uplift_at_20,0.03461978012320577,0.03235974109165003,0.03715441954028171
visit,ipw,t_learner,incremental_at_20,19355.63714781718,18109.100606807344,20788.417553738356
visit,ipw,t_learner,treated_rate_at_20,0.1792194707561884,0.1781445894074239,0.18029992205759407
visit,ipw,t_learner,control_rate_at_20,0.14459969063298264,0.1423015001297171,0.14693302424792798
visit,ipw,t_learner,anyway_share_at_20,0.8068302513274197,0.792892027399572,0.819400605373543
visit,ipw,t_learner,uplift_at_30,0.02379353670912021,0.02220069032595396,0.02561841388087492
visit,ipw,t_learner,incremental_at_30,19955.237871600577,18619.82734195961,21479.972287651857
visit,ipw,t_learner,treated_rate_at_30,0.12623009057564352,0.1255593515673367,0.1270014135790199
visit,ipw,t_learner,control_rate_at_30,0.10243655386652331,0.1006613236786282,0.10395814306359485
visit,ipw,t_learner,anyway_share_at_30,0.8115066177912476,0.7967123100642204,0.8235370987378006
visit,ipw,x_learner,ate,0.007613811677813136,0.007013541452084799,0.00819869228337901
visit,ipw,x_learner,qini_coefficient,0.003326588139862693,0.003097998741234091,0.0036071991402358626
visit,ipw,x_learner,auuc,0.007133688945401015,0.006631668201187608,0.0076089589147661195
visit,ipw,x_learner,auuc_random,0.003806905838906568,0.0035067707260424,0.004099346141689504
visit,ipw,x_learner,qini_normalized,0.0773248392131923,0.07177785912273112,0.08419107093777553
visit,ipw,x_learner,auuc_normalized,0.05181510870745242,0.04817824679594266,0.0563027992026035
visit,ipw,x_learner,uplift_at_5,0.09753447248224623,0.09036566280958935,0.10451171086721892
visit,ipw,x_learner,incremental_at_5,13624.161566013365,12611.56963749179,14555.305380340329
visit,ipw,x_learner,treated_rate_at_5,0.3656313141546912,0.3626943135842447,0.3684168772505596
visit,ipw,x_learner,control_rate_at_5,0.26809684167244496,0.26184387936164155,0.273853800265418
visit,ipw,x_learner,anyway_share_at_5,0.7332436563653261,0.715400553818976,0.7524197279900269
visit,ipw,x_learner,uplift_at_10,0.0623243022130244,0.058261676670821265,0.06694809798200865
visit,ipw,x_learner,incremental_at_10,17419.503887572064,16305.4262243407,18703.50734634577
visit,ipw,x_learner,treated_rate_at_10,0.28104044010084284,0.27933622639316946,0.28278972897029037
visit,ipw,x_learner,control_rate_at_10,0.21871613788781843,0.21459010120109898,0.22268920980836893
visit,ipw,x_learner,anyway_share_at_10,0.7782372451784476,0.7630628151248786,0.7916665643354638
visit,ipw,x_learner,uplift_at_20,0.03562228602607506,0.03309075467625858,0.038318323719449945
visit,ipw,x_learner,incremental_at_20,19915.533081909467,18534.75456459243,21403.195533772996
visit,ipw,x_learner,treated_rate_at_20,0.18650275001479596,0.18541665467356114,0.18760544220881323
visit,ipw,x_learner,control_rate_at_20,0.1508804639887209,0.14856493176224012,0.15316164050869796
visit,ipw,x_learner,anyway_share_at_20,0.8089986017726333,0.7952709982560887,0.8228091265045833
visit,ipw,x_learner,uplift_at_30,0.024422598819084054,0.02263150977655318,0.02628129425681263
visit,ipw,x_learner,incremental_at_30,20481.122388574782,18977.64001457638,22041.39837699167
visit,ipw,x_learner,treated_rate_at_30,0.1330455473140189,0.1322208891209871,0.13392272275909914
visit,ipw,x_learner,control_rate_at_30,0.10862294849493485,0.10695928381408727,0.11006632037451526
visit,ipw,x_learner,anyway_share_at_30,0.8164343015445609,0.8029905985898574,0.8297374197914366
visit,ipw,dr_learner,ate,0.007613811677777683,0.007013541452073243,0.00819869228336672
visit,ipw,dr_learner,qini_coefficient,0.0033610385510642743,0.003119673376572179,0.0036152848585881696
visit,ipw,dr_learner,auuc,0.0071687813595041755,0.006689600843827879,0.007665074623782139
visit,ipw,dr_learner,auuc_random,0.00380690583888884,0.003506770726036618,0.004099346141683358
visit,ipw,dr_learner,qini_normalized,0.07812562139451174,0.07214057693951569,0.08462666820749198
visit,ipw,dr_learner,auuc_normalized,0.05236167792891176,0.04843459941024445,0.05657983627382745
visit,ipw,dr_learner,uplift_at_5,0.10007146489747593,0.09309726471166327,0.10653492697419426
visit,ipw,dr_learner,incremental_at_5,13978.67762687088,13021.658378608587,14883.877758631756
visit,ipw,dr_learner,treated_rate_at_5,0.35831042269579266,0.35545896690582796,0.3610163256727732
visit,ipw,dr_learner,control_rate_at_5,0.25823895779831674,0.2517484369099757,0.2634849876847575
visit,ipw,dr_learner,anyway_share_at_5,0.7207129389522752,0.7039329932030853,0.73836470351775
visit,ipw,dr_learner,uplift_at_10,0.061481812228486366,0.057286962194347715,0.06602379908977855
visit,ipw,dr_learner,incremental_at_10,17184.437140689624,15996.963508487584,18431.933967942958
visit,ipw,dr_learner,treated_rate_at_10,0.273773183747809,0.2718095550733525,0.27554590530389994
visit,ipw,dr_learner,control_rate_at_10,0.21229137151932265,0.20798588648321567,0.21596575932810783
visit,ipw,dr_learner,anyway_share_at_10,0.7754279239959403,0.7592140703476165,0.7903079713779119
visit,ipw,dr_learner,uplift_at_20,0.035037806562151164,0.03237920237849687,0.037816575859111946
visit,ipw,dr_learner,incremental_at_20,19588.897858347995,18141.83975792694,21129.026875331223
visit,ipw,dr_learner,treated_rate_at_20,0.1931942447456671,0.1920065087967131,0.19429983078449684
visit,ipw,dr_learner,control_rate_at_20,0.15815643818351593,0.15573882318576907,0.1606365578528846
visit,ipw,dr_learner,anyway_share_at_20,0.8186394910041078,0.8048738704697623,0.8316604779213463
visit,ipw,dr_learner,uplift_at_30,0.02453342245318653,0.022797023965292734,0.026428472455727898
visit,ipw,dr_learner,incremental_at_30,20574.360250233036,19105.89151954423,22158.564399776016
visit,ipw,dr_learner,treated_rate_at_30,0.1441207724232769,0.14323544065456645,0.14491461826438756
visit,ipw,dr_learner,control_rate_at_30,0.11958734997009036,0.11778765140378612,0.12120730453049115
visit,ipw,dr_learner,anyway_share_at_30,0.8297717807039442,0.8175318710121396,0.8419003645724288
visit,ipw,causal_forest,ate,0.00761381167781283,0.0070135414520847645,0.008198692283378774
visit,ipw,causal_forest,qini_coefficient,0.003181913267785069,0.002977161846716845,0.0034447770494139573
visit,ipw,causal_forest,auuc,0.006989647836723841,0.00649271386987661,0.007508771842234797
visit,ipw,causal_forest,auuc_random,0.0038069058389064163,0.003506770726042385,0.004099346141689387
visit,ipw,causal_forest,qini_normalized,0.07396194583678135,0.06890031935279738,0.08028176547067807
visit,ipw,causal_forest,auuc_normalized,0.04957164844403102,0.04635633766397858,0.05375113096753475
visit,ipw,causal_forest,uplift_at_5,0.09723092079739842,0.09035576045978491,0.10403699970879329
visit,ipw,causal_forest,incremental_at_5,13582.392460950137,12606.635880365986,14539.305164624566
visit,ipw,causal_forest,treated_rate_at_5,0.3481571802361322,0.34513580113909353,0.3505622861466058
visit,ipw,causal_forest,control_rate_at_5,0.25092625943873376,0.2443170679418544,0.25754196563513254
visit,ipw,causal_forest,anyway_share_at_5,0.7207269408275507,0.7012012310259963,0.7407573329100807
visit,ipw,causal_forest,uplift_at_10,0.06057171120191035,0.05667241503604455,0.06538349525344324
visit,ipw,causal_forest,incremental_at_10,16929.589133469202,15831.141161007024,18280.109345638302
visit,ipw,causal_forest,treated_rate_at_10,0.25496822516306883,0.25313754934462807,0.2566774971586789
visit,ipw,causal_forest,control_rate_at_10,0.19439651396115848,0.190105316183958,0.1976010760093474
visit,ipw,causal_forest,anyway_share_at_10,0.7624342752389213,0.7440166584400992,0.7774433601146717
visit,ipw,causal_forest,uplift_at_20,0.034032201340561674,0.03147826741029732,0.036729123895794455
visit,ipw,causal_forest,incremental_at_20,19026.066503458107,17614.001723541383,20533.65807990043
visit,ipw,causal_forest,treated_rate_at_20,0.19023391953671454,0.18902092103146537,0.1913326688630256
visit,ipw,causal_forest,control_rate_at_20,0.15620171819615286,0.15378953901447154,0.1584061101215797
visit,ipw,causal_forest,anyway_share_at_20,0.821103400363921,0.8079669703138468,0.8333566811498442
visit,ipw,causal_forest,uplift_at_30,0.023747598867238442,0.02199727909894038,0.025711636179018463
visit,ipw,causal_forest,incremental_at_30,19915.667881844114,18458.421841998777,21590.380592835492
visit,ipw,causal_forest,treated_rate_at_30,0.1429328923485798,0.14208627891096026,0.14370512912375633
visit,ipw,causal_forest,control_rate_at_30,0.11918529348134137,0.11750216121802103,0.12087556514284824
visit,ipw,causal_forest,anyway_share_at_30,0.8338549057740774,0.8203885142276951,0.8463332977134228
visit,ipw,class_transformation,ate,0.007613811677777692,0.007013541452073209,0.008198692283366742
visit,ipw,class_transformation,qini_coefficient,0.0032042361500106216,0.0029607296523543472,0.0034459165389278197
visit,ipw,class_transformation,auuc,0.0070122965313975695,0.006520564667889288,0.007515539244840539
visit,ipw,class_transformation,auuc_random,0.0038069058388888466,0.0035067707260366034,0.004099346141683366
visit,ipw,class_transformation,qini_normalized,0.0744808298122822,0.06847536484130487,0.08029122767211773
visit,ipw,class_transformation,auuc_normalized,0.049924405007938225,0.04594547306105788,0.05385863640469496
visit,ipw,class_transformation,uplift_at_5,0.09808272110995997,0.09116318176946446,0.10532451080695587
visit,ipw,class_transformation,incremental_at_5,13700.375145094702,12729.414145520504,14709.551149464362
visit,ipw,class_transformation,treated_rate_at_5,0.3577173908216586,0.35491034071604255,0.36023141379912366
visit,ipw,class_transformation,control_rate_at_5,0.25963466971169863,0.253077934462983,0.26527614790582554
visit,ipw,class_transformation,anyway_share_at_5,0.7258094696355999,0.7067659996278787,0.7433896988690545
visit,ipw,class_transformation,uplift_at_10,0.06013351277764692,0.05581019373397231,0.06442573709533625
visit,ipw,class_transformation,incremental_at_10,16807.46981647935,15604.81567921175,17992.174418364208
visit,ipw,class_transformation,treated_rate_at_10,0.27066912604734106,0.2688907571151357,0.27258802742479854
visit,ipw,class_transformation,control_rate_at_10,0.21053561326969414,0.20672313939279724,0.21439714107245925
visit,ipw,class_transformation,anyway_share_at_10,0.7778338680299676,0.7626638288352556,0.793474532377508
visit,ipw,class_transformation,uplift_at_20,0.0345067629916577,0.03195187681059783,0.03695811840420905
visit,ipw,class_transformation,incremental_at_20,19291.67230014881,17861.73598419109,20661.382909441043
visit,ipw,class_transformation,treated_rate_at_20,0.1822399738743959,0.18110480174888224,0.18334111417385238
visit,ipw,class_transformation,control_rate_at_20,0.1477332108827382,0.145432644043932,0.14995355329692683
visit,ipw,class_transformation,anyway_share_at_20,0.8106520635508838,0.7973725908653806,0.8238928880185182
visit,ipw,class_transformation,uplift_at_30,0.023790536101025897,0.022099776506988234,0.025551212922001656
visit,ipw,class_transformation,incremental_at_30,19951.051043178904,18541.370743252406,21465.115468394342
visit,ipw,class_transformation,treated_rate_at_30,0.135095331929828,0.13423707634324403,0.13592298185909715
visit,ipw,class_transformation,control_rate_at_30,0.11130479582880211,0.10969428649485317,0.11282866325553924
visit,ipw,class_transformation,anyway_share_at_30,0.8238981631624155,0.8111086192843244,0.8357921961449437
visit,ipw,response,ate,0.007613811677812975,0.007013541452084712,0.008198692283378797
visit,ipw,response,qini_coefficient,0.003135706404905039,0.002904040440058875,0.003402599366413764
visit,ipw,response,auuc,0.00694347295301853,0.00641090540737682,0.007463717107496047
visit,ipw,response,auuc_random,0.0038069058389064887,0.0035067707260423545,0.0040993461416893974
visit,ipw,response,qini_normalized,0.07288789095155838,0.06706251656292785,0.07931780910785868
visit,ipw,response,auuc_normalized,0.04885246822032551,0.0450912914890102,0.0530986866098144
visit,ipw,response,uplift_at_5,0.06113436130294697,0.05306073591963265,0.06926134113195782
visit,ipw,response,incremental_at_5,8541.584123485409,7417.504870179169,9674.331826897329
visit,ipw,response,treated_rate_at_5,0.5228103812462801,0.519954270896823,0.5257983824459274
visit,ipw,response,control_rate_at_5,0.4616760199433331,0.45483265208006435,0.46941587539387963
visit,ipw,response,anyway_share_at_5,0.8830659001888709,0.8681345763980594,0.898482962958323
visit,ipw,response,uplift_at_10,0.05208385536256771,0.04756524963471349,0.05662000059815776
visit,ipw,response,incremental_at_10,14557.496324900056,13267.715039487657,15807.095652832415
visit,ipw,response,treated_rate_at_10,0.37382987112327654,0.3720202854104646,0.37570270427722813
visit,ipw,response,control_rate_at_10,0.3217460157607088,0.31720900797720986,0.32636283564942303
visit,ipw,response,anyway_share_at_10,0.8606749770796347,0.8489218171024646,0.8725907573771404
visit,ipw,response,uplift_at_20,0.034646938617942435,0.03208790013839722,0.03733302355288372
visit,ipw,response,incremental_at_20,19370.513413431345,17928.042020029734,20866.475357413314
visit,ipw,response,treated_rate_at_20,0.22180239185997755,0.22061315072161916,0.22297312157771904
visit,ipw,response,control_rate_at_20,0.1871554532420351,0.18455692927621295,0.18978346239141375
visit,ipw,response,anyway_share_at_20,0.8437936654902494,0.831845311784097,0.8553618061475229
visit,ipw,response,uplift_at_30,0.024727169320170217,0.022918059053434504,0.026731257577213906
visit,ipw,response,incremental_at_30,20738.70637511735,19236.56459904653,22417.733458406197
visit,ipw,response,treated_rate_at_30,0.15411909997888038,0.15326814869975874,0.15496143379457594
visit,ipw,response,control_rate_at_30,0.12939193065871016,0.12735478021149368,0.13120034945360884
visit,ipw,response,anyway_share_at_30,0.8395580474869196,0.8265578930243754,0.8511463172344814
visit,ipw,random,ate,0.007613811677812892,0.007013541452084595,0.00819869228337873
visit,ipw,random,qini_coefficient,-2.499608355500081e-05,-0.0002022623582518235,0.00014093918136307517
visit,ipw,random,auuc,0.0037817280944255982,0.003428990827327822,0.004157036828052745
visit,ipw,random,auuc_random,0.0038069058389064467,0.0035067707260422946,0.004099346141689368
visit,ipw,random,qini_normalized,-0.0005810211726209473,-0.004704964220651227,0.0032792827125757403
visit,ipw,random,auuc_normalized,-0.0003921468654619666,-0.003139955668386071,0.0022043592593876038
visit,ipw,random,uplift_at_5,0.006823821936324546,0.0037477944422750595,0.009702018544727612
visit,ipw,random,incremental_at_5,954.0178233656007,522.914891650933,1357.8360689625156
visit,ipw,random,treated_rate_at_5,0.04888435380863321,0.04748095230749524,0.049968516600678484
visit,ipw,random,control_rate_at_5,0.04206053187230866,0.03919032137371485,0.044515468734280805
visit,ipw,random,anyway_share_at_5,0.8604088751374795,0.803299222285861,0.9209356676747659
visit,ipw,random,uplift_at_10,0.0074479518852019685,0.005454566602338088,0.009180588882794034
visit,ipw,random,incremental_at_10,2082.426827187264,1524.1989835424333,2578.1480745514036
visit,ipw,random,treated_rate_at_10,0.04799335868125695,0.046971302864415594,0.04874034882526963
visit,ipw,random,control_rate_at_10,0.04054540679605498,0.038568669006764054,0.0423857949358197
visit,ipw,random,anyway_share_at_10,0.8448128639075504,0.8088733571712807,0.8859941473576339
visit,ipw,random,uplift_at_20,0.008167208638768568,0.006809103287345659,0.0096077098097643
visit,ipw,random,incremental_at_20,4567.026432193551,3806.8692808802434,5372.343334639097
visit,ipw,random,treated_rate_at_20,0.04813149363084057,0.04740919373968842,0.04863259174988856
visit,ipw,random,control_rate_at_20,0.039964284992072004,0.03863897513883744,0.041246358875585934
visit,ipw,random,anyway_share_at_20,0.8303146646266681,0.8010003392516317,0.8593508642057806
visit,ipw,random,uplift_at_30,0.007826561839558245,0.006764398814224118,0.009026275826777539
visit,ipw,random,incremental_at_30,6564.64611239295,5671.333394101151,7556.893275126009
visit,ipw,random,treated_rate_at_30,0.048140280674987504,0.04759218246721996,0.04860523045953441
visit,ipw,random,control_rate_at_30,0.04031371883542926,0.03928208355810273,0.04137317564703221
visit,ipw,random,anyway_share_at_30,0.8374217655190214,0.8133145120171401,0.8598049688767941
conversion,plain,s_learner,ate,0.001150833274829165,0.001000613641861098,0.0012888966295943867
conversion,plain,s_learner,qini_coefficient,0.00045687363420872677,0.00039309570962073765,0.0005281367382395988
conversion,plain,s_learner,auuc,0.001028508341706376,0.0008998868955555866,0.0011639906965777947
conversion,plain,s_learner,auuc_random,0.0005754166374145826,0.0005003068209305491,0.0006444483147971931
conversion,plain,s_learner,qini_normalized,0.18210865191885486,0.1529881409654898,0.21656336870728946
conversion,plain,s_learner,auuc_normalized,0.029187562587592267,0.025103900898520003,0.03393793393551311
conversion,plain,s_learner,uplift_at_5,0.012195781196645508,0.00946850421680978,0.014826398565728068
conversion,plain,s_learner,incremental_at_5,1704.9202085881357,1328.8045745041793,2066.107045317152
conversion,plain,s_learner,treated_rate_at_5,0.04624685221185947,0.04523790422967929,0.04738360562027056
conversion,plain,s_learner,control_rate_at_5,0.034051071015213964,0.03125574251202326,0.03691043501053863
conversion,plain,s_learner,anyway_share_at_5,0.7362894853734923,0.6811546156305581,0.797861417766806
conversion,plain,s_learner,uplift_at_10,0.008276950114588656,0.006829627794752653,0.009713141537490361
conversion,plain,s_learner,incremental_at_10,2314.1673810480484,1905.3850737536839,2714.7946569816777
conversion,plain,s_learner,treated_rate_at_10,0.02591229417412432,0.025317480362280324,0.02653317285592827
conversion,plain,s_learner,control_rate_at_10,0.017635344059535665,0.016237828971245066,0.019107676578388376
conversion,plain,s_learner,anyway_share_at_10,0.6805782591472,0.6232504603182973,0.7340025138480335
conversion,plain,s_learner,uplift_at_20,0.004938856506781485,0.004261674910232475,0.005660898313108062
conversion,plain,s_learner,incremental_at_20,2761.727561345495,2379.771752619474,3169.68203688229
conversion,plain,s_learner,treated_rate_at_20,0.014073669879549259,0.013762251557782216,0.014381592869060343
conversion,plain,s_learner,control_rate_at_20,0.009134813372767774,0.008425989560342562,0.009868178701291848
conversion,plain,s_learner,anyway_share_at_20,0.6490711698475861,0.5994994975669571,0.6969656148297774
conversion,plain,s_learner,uplift_at_30,0.003506906676683204,0.0030776090076555904,0.003991073621570409
conversion,plain,s_learner,incremental_at_30,2941.507050497625,2578.463591162803,3345.646378625688
conversion,plain,s_learner,treated_rate_at_30,0.009675269575243376,0.009466676606257243,0.009901965520769366
conversion,plain,s_learner,control_rate_at_30,0.006168362898560172,0.005697759136064487,0.006606545152832548
conversion,plain,s_learner,anyway_share_at_30,0.6375391249400935,0.587314180019914,0.6829261372872087
conversion,plain,t_learner,ate,0.001150833274829165,0.001000613641861098,0.0012888966295943867
conversion,plain,t_learner,qini_coefficient,0.00035645944510114577,0.0002847093362692249,0.0004258121913551721
conversion,plain,t_learner,auuc,0.0009287099706113152,0.0007970063249243052,0.0010497511836506427
conversion,plain,t_learner,auuc_random,0.0005754166374145826,0.0005003068209305491,0.0006444483147971931
conversion,plain,t_learner,qini_normalized,0.14208381519660207,0.11184007669133435,0.17297761502867265
conversion,plain,t_learner,auuc_normalized,0.022758684780107757,0.018119432113459438,0.027145915182808306
conversion,plain,t_learner,uplift_at_5,0.01215338360154905,0.009767526457055755,0.014574354704440644
conversion,plain,t_learner,incremental_at_5,1698.993198623791,1368.6422833296472,2043.1879962563705
conversion,plain,t_learner,treated_rate_at_5,0.040272021140755565,0.039164106745022624,0.041338431903447444
conversion,plain,t_learner,control_rate_at_5,0.028118637539206515,0.02563280706593041,0.030422337190084497
conversion,plain,t_learner,anyway_share_at_5,0.6982176891725521,0.6360596704002082,0.7571181560618153
conversion,plain,t_learner,uplift_at_10,0.007775267189905337,0.0065003661452702815,0.008996317225130137
conversion,plain,t_learner,incremental_at_10,2173.900949106575,1814.3522370580706,2516.393495404196
conversion,plain,t_learner,treated_rate_at_10,0.02262251928225369,0.02208050150955266,0.023200281168442787
conversion,plain,t_learner,control_rate_at_10,0.014847252092348353,0.013590201505951634,0.01595290325151878
conversion,plain,t_learner,anyway_share_at_10,0.656304097130125,0.6050880726490968,0.7089266421190844
conversion,plain,t_learner,uplift_at_20,0.004521458346587267,0.003882446466103582,0.005124548758155847
conversion,plain,t_learner,incremental_at_20,2528.3253554947155,2171.5512261113795,2866.6304188939216
conversion,plain,t_learner,treated_rate_at_20,0.01233079627861499,0.012042761132730274,0.012617314418001744
conversion,plain,t_learner,control_rate_at_20,0.007809337932027724,0.007207389292705006,0.008443832762721029
conversion,plain,t_learner,anyway_share_at_20,0.6333198404689626,0.5844309305312784,0.6835047607678895
conversion,plain,t_learner,uplift_at_30,0.0031351911471634315,0.002681402995772735,0.0035558955344194743
conversion,plain,t_learner,incremental_at_30,2629.7212085384663,2250.59908373066,2983.48430921308
conversion,plain,t_learner,treated_rate_at_30,0.008423423256995093,0.008227274463181618,0.008624452764918689
conversion,plain,t_learner,control_rate_at_30,0.0052882321098316615,0.004850658857846865,0.005701351987570308
conversion,plain,t_learner,anyway_share_at_30,0.6278008297208781,0.5778049082330199,0.6765896625517287
conversion,plain,x_learner,ate,0.001150833274829165,0.001000613641861098,0.0012888966295943867
conversion,plain,x_learner,qini_coefficient,0.0004559510170567278,0.0003792535209285606,0.0005287328340827151
conversion,plain,x_learner,auuc,0.001027611211076054,0.000883292285848215,0.0011642951699320442
conversion,plain,x_learner,auuc_random,0.0005754166374145826,0.0005003068209305491,0.0006444483147971931
conversion,plain,x_learner,qini_normalized,0.18174089910230473,0.14943249903740885,0.2165551445897829
conversion,plain,x_learner,auuc_normalized,0.02912977063030474,0.024231910946087933,0.03397279495443833
conversion,plain,x_learner,uplift_at_5,0.012926531888337499,0.010136181563169184,0.015672702066203244
conversion,plain,x_learner,incremental_at_5,1807.0761592088402,1419.1090392456279,2190.147141471721
conversion,plain,x_learner,treated_rate_at_5,0.046150599892115486,0.04498573777624054,0.04730211249565531
conversion,plain,x_learner,control_rate_at_5,0.03322406800377799,0.030301986350106735,0.03594519587726385
conversion,plain,x_learner,anyway_share_at_5,0.7199054417807057,0.6592213159867981,0.7789902532933383
conversion,plain,x_learner,uplift_at_10,0.008327544970001745,0.006874385407413114,0.009895613583553592
conversion,plain,x_learner,incremental_at_10,2328.313287743734,1922.2340383242547,2767.820188649639
conversion,plain,x_learner,treated_rate_at_10,0.02606259330259284,0.025430866831417664,0.026645766247134807
conversion,plain,x_learner,control_rate_at_10,0.017735048332591097,0.016284312060087885,0.019151414561339578
conversion,plain,x_learner,anyway_share_at_10,0.6804790347101308,0.6218950725090534,0.733571033863704
conversion,plain,x_learner,uplift_at_20,0.004895587888164042,0.0041116031400108355,0.00564669461881609
conversion,plain,x_learner,incremental_at_20,2737.5324594199665,2298.3599916348644,3156.6765936705037
conversion,plain,x_learner,treated_rate_at_20,0.014124205343862932,0.013821321860906186,0.01446621056756862
conversion,plain,x_learner,control_rate_at_20,0.00922861745569889,0.008509128620071308,0.009926119122186416
conversion,plain,x_learner,anyway_share_at_20,0.6533902071672153,0.5987833568558942,0.7046957467312897
conversion,plain,x_learner,uplift_at_30,0.003478113234809511,0.003024400833208823,0.003953715858824768
conversion,plain,x_learner,incremental_at_30,2917.3558197726416,2533.067437633393,3313.527487255048
conversion,plain,x_learner,treated_rate_at_30,0.009683917732070708,0.009476708176592236,0.009901006390442918
conversion,plain,x_learner,control_rate_at_30,0.006205804497261197,0.0057582619971081874,0.0066208447884605354
conversion,plain,x_learner,anyway_share_at_30,0.6408361438996046,0.590783302515928,0.6862235797892421
conversion,plain,dr_learner,ate,0.001150833274829165,0.001000613641861098,0.0012888966295943867
conversion,plain,dr_learner,qini_coefficient,0.00044410961650393106,0.00036350323601698167,0.0005148148792956381
conversion,plain,dr_learner,auuc,0.0010153971758946538,0.00087559891711427,0.0011391077793148445
conversion,plain,dr_learner,auuc_random,0.0005754166374145826,0.0005003068209305491,0.0006444483147971931
conversion,plain,dr_learner,qini_normalized,0.17702094739129,0.14296703678263903,0.2102791597801786
conversion,plain,dr_learner,auuc_normalized,0.028342958793037932,0.023193024019845302,0.03294406541902421
conversion,plain,dr_learner,uplift_at_5,0.012979003918789644,0.010273238761447768,0.01563200309280185
conversion,plain,dr_learner,incremental_at_5,1814.4115339307252,1435.4395427004958,2182.8542300334993
conversion,plain,dr_learner,treated_rate_at_5,0.046161607952246865,0.045099499235580744,0.04726796492206135
conversion,plain,dr_learner,control_rate_at_5,0.03318260403345722,0.030492826479395854,0.03590309779633387
conversion,plain,dr_learner,anyway_share_at_5,0.7188355325010314,0.6616461147340211,0.7778655321258677
conversion,plain,dr_learner,uplift_at_10,0.008385256867074687,0.006878413766281574,0.009712010189388026
conversion,plain,dr_learner,incremental_at_10,2344.4490609277723,1924.4859564277174,2714.756429067703
conversion,plain,dr_learner,treated_rate_at_10,0.025746919616844686,0.025143036391663934,0.02633800698641341
conversion,plain,dr_learner,control_rate_at_10,0.01736166274977,0.01599380181676897,0.0187985777054843
conversion,plain,dr_learner,anyway_share_at_10,0.6743199966496688,0.6252743048626187,0.7299007390423885
conversion,plain,dr_learner,uplift_at_20,0.004798435799945615,0.004012803218916748,0.005507977016220431
conversion,plain,dr_learner,incremental_at_20,2683.206604982469,2245.650397915527,3078.540462889383
conversion,plain,dr_learner,treated_rate_at_20,0.013933516709938955,0.013638051289421908,0.014255918344973481
conversion,plain,dr_learner,control_rate_at_20,0.00913508090999334,0.008482660891966873,0.00981108712305922
conversion,plain,dr_learner,anyway_share_at_20,0.6556191879023026,0.6087115644553965,0.7112862060783819
conversion,plain,dr_learner,uplift_at_30,0.003423395429401863,0.002917677156573001,0.003862245796302162
conversion,plain,dr_learner,incremental_at_30,2871.4598706547195,2447.4688980740816,3240.2151709455748
conversion,plain,dr_learner,treated_rate_at_30,0.009514110791027201,0.009307531011571333,0.009724670159637532
conversion,plain,dr_learner,control_rate_at_30,0.006090715361625338,0.00564382813882964,0.0065546365394736255
conversion,plain,dr_learner,anyway_share_at_30,0.6401770481135787,0.5934960231915734,0.6930608676089322
conversion,plain,causal_forest,ate,0.001150833274829165,0.001000613641861098,0.0012888966295943867
conversion,plain,causal_forest,qini_coefficient,0.00045383666143639046,0.0003855759852689295,0.0005246902400592895
conversion,plain,causal_forest,auuc,0.0010254582726510427,0.0008853010475423629,0.0011546647777222017
conversion,plain,causal_forest,auuc_random,0.0005754166374145826,0.0005003068209305491,0.0006444483147971931
conversion,plain,causal_forest,qini_normalized,0.1808981224068109,0.1512506765096055,0.2158153246032518
conversion,plain,causal_forest,auuc_normalized,0.028991081211734448,0.024692444749817702,0.033771086558681024
conversion,plain,causal_forest,uplift_at_5,0.01303127095164186,0.0100264139495099,0.015658244418535125
conversion,plain,causal_forest,incremental_at_5,1821.7182508286303,1403.3361125489018,2192.749281292004
conversion,plain,causal_forest,treated_rate_at_5,0.046946427823051494,0.0458749833703227,0.048150749288046954
conversion,plain,causal_forest,control_rate_at_5,0.033915156871409634,0.03108035825000306,0.036751123679683785
conversion,plain,causal_forest,anyway_share_at_5,0.7224225238018368,0.6632370879629796,0.7839343033889801
conversion,plain,causal_forest,uplift_at_10,0.008094494877386473,0.006552931196823695,0.009555610434001154
conversion,plain,causal_forest,incremental_at_10,2263.154392859263,1827.9078066965487,2667.2432739973747
conversion,plain,causal_forest,treated_rate_at_10,0.02636770289874885,0.02574626983632059,0.026982346648349313
conversion,plain,causal_forest,control_rate_at_10,0.018273208021362376,0.016879197379860326,0.01965346533601848
conversion,plain,causal_forest,anyway_share_at_10,0.6930147875046575,0.638448983153059,0.7456079212283543
conversion,plain,causal_forest,uplift_at_20,0.0048254256523792005,0.004084907471581176,0.005551793981090696
conversion,plain,causal_forest,incremental_at_20,2698.2988878297497,2277.540554694631,3105.398738809459
conversion,plain,causal_forest,treated_rate_at_20,0.014366287334926436,0.014046481874716093,0.014704251081795369
conversion,plain,causal_forest,control_rate_at_20,0.009540861682547235,0.008874455324497278,0.01019706943508084
conversion,plain,causal_forest,anyway_share_at_20,0.6641146358914929,0.6151436915977233,0.7114096160324029
conversion,plain,causal_forest,uplift_at_30,0.0034780407673366447,0.003011839699179914,0.003945351163426462
conversion,plain,causal_forest,incremental_at_30,2917.2950358391013,2529.821047237644,3307.8524440793894
conversion,plain,causal_forest,treated_rate_at_30,0.009827609845424919,0.00960581414176217,0.010067190825876548
conversion,plain,causal_forest,control_rate_at_30,0.006349569078088274,0.005892696359764879,0.00678265320338186
conversion,plain,causal_forest,anyway_share_at_30,0.6460949486150196,0.5987928387678798,0.6899891834314862
conversion,plain,class_transformation,ate,0.001150833274829165,0.001000613641861098,0.0012888966295943867
conversion,plain,class_transformation,qini_coefficient,0.00045658294435878483,0.00038884403446040686,0.0005309063407215124
conversion,plain,class_transformation,auuc,0.0010279354054107542,0.0008955535100431512,0.0011548222529995354
conversion,plain,class_transformation,auuc_random,0.0005754166374145826,0.0005003068209305491,0.0006444483147971931
conversion,plain,class_transformation,qini_normalized,0.18199278369461142,0.15221795031568522,0.21562945815129306
conversion,plain,class_transformation,auuc_normalized,0.02915065479645692,0.024753584652735625,0.03403893322459684
conversion,plain,class_transformation,uplift_at_5,0.013485421283556898,0.01072328162256743,0.016303650803272448
conversion,plain,class_transformation,incremental_at_5,1885.2066052139917,1499.3631629370263,2268.6937176468628
conversion,plain,class_transformation,treated_rate_at_5,0.045750175930521636,0.04472347565108983,0.04679562791888181
conversion,plain,class_transformation,control_rate_at_5,0.03226475464696474,0.02952178280320376,0.03475952487397527
conversion,plain,class_transformation,anyway_share_at_5,0.7052378267564153,0.6473267248344733,0.7668885961700922
conversion,plain,class_transformation,uplift_at_10,0.008405785698553839,0.0070026886260980995,0.009722093274736112
conversion,plain,class_transformation,incremental_at_10,2350.188753872925,1958.4252527834822,2712.993911712173
conversion,plain,class_transformation,treated_rate_at_10,0.02548994198981086,0.024914540527936808,0.02607673001040978
conversion,plain,class_transformation,control_rate_at_10,0.01708415629125702,0.015652461528098818,0.018386918700053812
conversion,plain,class_transformation,anyway_share_at_10,0.6702312738917218,0.6186200939069301,0.7217773125820166
conversion,plain,class_transformation,uplift_at_20,0.004917674054028013,0.004219155378682019,0.005593764048384601
conversion,plain,class_transformation,incremental_at_20,2749.882681157979,2360.628972189237,3134.5920426011626
conversion,plain,class_transformation,treated_rate_at_20,0.013828085835521935,0.013514159326143632,0.014136087272450703
conversion,plain,class_transformation,control_rate_at_20,0.008910411781493922,0.008234260114285154,0.009588386634340076
conversion,plain,class_transformation,anyway_share_at_20,0.6443705866074848,0.5955841784459726,0.69118370107022
conversion,plain,class_transformation,uplift_at_30,0.003437880774834719,0.0029859268337141826,0.0038574159112613844
conversion,plain,class_transformation,incremental_at_30,2883.609822064301,2499.617742633836,3238.4483693560037
conversion,plain,class_transformation,treated_rate_at_30,0.009391631757766493,0.0091836493995977,0.009606094097960607
conversion,plain,class_transformation,control_rate_at_30,0.005953750982931774,0.005510727801868702,0.006397269244097927
conversion,plain,class_transformation,anyway_share_at_30,0.6339421238495927,0.5864899991630697,0.6766280767125659
conversion,plain,response,ate,0.001150833274829165,0.001000613641861098,0.0012888966295943867
conversion,plain,response,qini_coefficient,0.00047809801664465694,0.00040869862357267124,0.0005456017734705055
conversion,plain,response,auuc,0.001049886325396085,0.0009097681046079053,0.001181539997286422
conversion,plain,response,auuc_random,0.0005754166374145826,0.0005003068209305491,0.0006444483147971931
conversion,plain,response,qini_normalized,0.19056863600156873,0.160454844926082,0.22259095981357369
conversion,plain,response,auuc_normalized,0.030564703751355594,0.026103111989400376,0.03509358319795336
conversion,plain,response,uplift_at_5,0.01375395151610457,0.010834924344012708,0.016419525273488
conversion,plain,response,incremental_at_5,1922.7460307502026,1508.4919469364397,2299.368557783695
conversion,plain,response,treated_rate_at_5,0.048852107375711946,0.04774656597521507,0.0499773210351494
conversion,plain,response,control_rate_at_5,0.03509815585960738,0.032435606029374196,0.03779061040911094
conversion,plain,response,anyway_share_at_5,0.7184573551694375,0.6589699860924193,0.775507932102584
conversion,plain,response,uplift_at_10,0.008458724236262392,0.006970604189558687,0.009848313024854088
conversion,plain,response,incremental_at_10,2364.9899349202274,1954.2016818820427,2755.497048461841
conversion,plain,response,treated_rate_at_10,0.026862352827055364,0.026308073325897335,0.02750219082250079
conversion,plain,response,control_rate_at_10,0.018403628590792972,0.017009631438383507,0.019892128883994633
conversion,plain,response,anyway_share_at_10,0.6851085870727269,0.6346287319584556,0.7391525614364537
conversion,plain,response,uplift_at_20,0.00496656372388306,0.004230606681831336,0.005676215519385906
conversion,plain,response,incremental_at_20,2777.220982750335,2362.4314015847367,3172.8722197402826
conversion,plain,response,treated_rate_at_20,0.014571518716422241,0.014259472017439536,0.014893628706101548
conversion,plain,response,control_rate_at_20,0.009604954992539182,0.008926894963645808,0.010303352081143136
conversion,plain,response,anyway_share_at_20,0.6591595000810935,0.6111698094059499,0.7080980603748038
conversion,plain,response,uplift_at_30,0.0035424329829857664,0.00308529740735293,0.004024561042490595
conversion,plain,response,incremental_at_30,2971.30564227708,2583.8229794574986,3373.6941119175417
conversion,plain,response,treated_rate_at_30,0.00997248433992734,0.0097536896355474,0.010187339018378646
conversion,plain,response,control_rate_at_30,0.0064300513569415735,0.0059829101279492425,0.006892216058401681
conversion,plain,response,anyway_share_at_30,0.6447792884664909,0.5989461862700244,0.6879859113620752
conversion,plain,random,ate,0.001150833274829165,0.001000613641861098,0.0012888966295943867
conversion,plain,random,qini_coefficient,1.2779418633629804e-05,-2.671785271284087e-05,4.991261979042039e-05
conversion,plain,random,auuc,0.0005881512929533156,0.0005065411705611173,0.000658848981297297
conversion,plain,random,auuc_random,0.0005754166374145826,0.0005003068209305491,0.0006444483147971931
conversion,plain,random,qini_normalized,0.005093843298065645,-0.010500107703494488,0.02029193043475545
conversion,plain,random,auuc_normalized,0.0008203495055138399,-0.001718455051205446,0.003234986696431313
conversion,plain,random,uplift_at_5,0.0012770396380003754,0.0007408838261929244,0.0019418974788303414
conversion,plain,random,incremental_at_5,178.52490552993666,103.47833985004273,272.61276500079697
conversion,plain,random,treated_rate_at_5,0.0032881486209538325,0.0030033705279774174,0.0035329031072828775
conversion,plain,random,control_rate_at_5,0.002011108982953457,0.001385778289810548,0.00254821887624626
conversion,plain,random,anyway_share_at_5,0.6116235045270157,0.4376512441822802,0.7682719996934798
conversion,plain,random,uplift_at_10,0.001258277259430738,0.0007418870255749777,0.00169680044857637
conversion,plain,random,incremental_at_10,351.804003863307,207.75236349386773,474.8212782284092
conversion,plain,random,treated_rate_at_10,0.0031862978249834373,0.002991776537854936,0.00337643835890397
conversion,plain,random,control_rate_at_10,0.0019280205655526992,0.0015194487074178312,0.002322271960570322
conversion,plain,random,anyway_share_at_10,0.605097411307658,0.47504950277971236,0.759643791804773
conversion,plain,random,uplift_at_20,0.0010751137499541755,0.0007644690143285426,0.001378422255702034
conversion,plain,random,incremental_at_20,601.1859771088757,428.58665530265597,771.1273184843585
conversion,plain,random,treated_rate_at_20,0.003118759326835883,0.002952558034278337,0.003270790751338054
conversion,plain,random,control_rate_at_20,0.0020436455768817075,0.0017678638072549829,0.0023445228499003982
conversion,plain,random,anyway_share_at_20,0.6552751792345178,0.5664508540685387,0.7497868683528809
conversion,plain,random,uplift_at_30,0.001153615449144575,0.0008782499049343755,0.0014223134199914506
conversion,plain,random,incremental_at_30,967.6242598024206,736.3605232885594,1193.0426255929476
conversion,plain,random,treated_rate_at_30,0.003077257969593213,0.0029459325641010797,0.0032008363157133663
conversion,plain,random,control_rate_at_30,0.001923642520448638,0.001683544605274792,0.0021413814357987243
conversion,plain,random,anyway_share_at_30,0.625115781470517,0.539505246407042,0.7059958891803597
conversion,ipw,s_learner,ate,0.0010044611251524692,0.0008525754186263559,0.0011441856311699848
conversion,ipw,s_learner,qini_coefficient,0.00044092534126422727,0.00037650884500198896,0.0005129677987681432
conversion,ipw,s_learner,auuc,0.0009433479759290896,0.0007972687955606795,0.001083395202921277
conversion,ipw,s_learner,auuc_random,0.0005022305625762345,0.0004262877093131778,0.0005720928155849922
conversion,ipw,s_learner,qini_normalized,0.17374626214579278,0.14405455246995721,0.20816149542397885
conversion,ipw,s_learner,auuc_normalized,0.028409062019853302,0.02429572381620076,0.03320807317640853
conversion,ipw,s_learner,uplift_at_5,0.015399336642447203,0.013057199546035519,0.017866174765580563
conversion,ipw,s_learner,incremental_at_5,2151.401101045106,1820.3064810143076,2496.4427721186057
conversion,ipw,s_learner,treated_rate_at_5,0.04658124681868976,0.045535381208806104,0.04770977602770832
conversion,ipw,s_learner,control_rate_at_5,0.03118191017624256,0.028610252160317214,0.03375556734283892
conversion,ipw,s_learner,anyway_share_at_5,0.6694090928397276,0.6159626553553571,0.725233593612872
conversion,ipw,s_learner,uplift_at_10,0.008875118458005263,0.0073522705593197235,0.010385307595227542
conversion,ipw,s_learner,incremental_at_10,2480.463741993596,2053.734642769705,2902.6790371926527
conversion,ipw,s_learner,treated_rate_at_10,0.0259053069834074,0.02531538661513659,0.026534632545397955
conversion,ipw,s_learner,control_rate_at_10,0.017030188525402137,0.0155417046927938,0.018296771401642136
conversion,ipw,s_learner,anyway_share_at_10,0.6574015330646396,0.5997993412018668,0.707870771229686
conversion,ipw,s_learner,uplift_at_20,0.004754092907688979,0.004078184507928664,0.005483028297212552
conversion,ipw,s_learner,incremental_at_20,2657.9803320514366,2280.1100917877225,3069.64579067148
conversion,ipw,s_learner,treated_rate_at_20,0.013971411300232859,0.013665655967452494,0.014277441482130981
conversion,ipw,s_learner,control_rate_at_20,0.00921731839254388,0.008467468716906955,0.009834593905565715
conversion,ipw,s_learner,anyway_share_at_20,0.659727080856195,0.6064893300834222,0.7091348144469313
conversion,ipw,s_learner,uplift_at_30,0.0032301831449573345,0.00275700974454874,0.0037368829489017896
conversion,ipw,s_learner,incremental_at_30,2709.002319394316,2314.9804765643435,3134.5474926332067
conversion,ipw,s_learner,treated_rate_at_30,0.009574443361411883,0.009370393100721805,0.009801252396719527
conversion,ipw,s_learner,control_rate_at_30,0.006344260216454549,0.005840443482938881,0.006796484230774995
conversion,ipw,s_learner,anyway_share_at_30,0.6626244447822396,0.6080428103141621,0.7106180675624493
conversion,ipw,t_learner,ate,0.0010044611251523847,0.0008525754186263143,0.0011441856311699477
conversion,ipw,t_learner,qini_coefficient,0.0003398897495378207,0.00027014382515997386,0.00040798136684458674
conversion,ipw,t_learner,auuc,0.000842454459987396,0.0007110621328763883,0.0009702874376841341
conversion,ipw,t_learner,auuc_random,0.0005022305625761922,0.0004262877093131572,0.000572092815584974
conversion,ipw,t_learner,qini_normalized,0.13393327168391808,0.10396064005005193,0.1639853932727972
conversion,ipw,t_learner,auuc_normalized,0.021911267861147873,0.01736463892162553,0.02628924431181195
conversion,ipw,t_learner,uplift_at_5,0.014232803981937246,0.011935527851716825,0.016684474829156342
conversion,ipw,t_learner,incremental_at_5,1988.4341263520048,1659.603669744625,2333.220860546348
conversion,ipw,t_learner,treated_rate_at_5,0.040446224933038975,0.0393338766238681,0.04153388082043143
conversion,ipw,t_learner,control_rate_at_5,0.02621342095110173,0.023869125140312936,0.0284278929188047
conversion,ipw,t_learner,anyway_share_at_5,0.6481055029115705,0.5876507731023832,0.7056159196141263
conversion,ipw,t_learner,uplift_at_10,0.008052646949682855,0.00685843797736584,0.00927795853843612
conversion,ipw,t_learner,incremental_at_10,2250.904108992907,1920.9646280864474,2589.917348515256
conversion,ipw,t_learner,treated_rate_at_10,0.022564384674330078,0.022029779794768535,0.023135576513079008
conversion,ipw,t_learner,control_rate_at_10,0.014511737724647223,0.013191476597851534,0.015685994190252257
conversion,ipw,t_learner,anyway_share_at_10,0.6431257902262326,0.5880930086315361,0.6937583455278197
conversion,ipw,t_learner,uplift_at_20,0.004283614144446151,0.0036279783180469486,0.004889284643845654
conversion,ipw,t_learner,incremental_at_20,2394.9595651566706,2026.3256954174149,2735.600203969963
conversion,ipw,t_learner,treated_rate_at_20,0.012222914207131366,0.01194080460513081,0.012505195761375657
conversion,ipw,t_learner,control_rate_at_20,0.007939300062685214,0.007320687711344224,0.00858727710383831
conversion,ipw,t_learner,anyway_share_at_20,0.64954232093465,0.5973408413516631,0.6976468834407518
conversion,ipw,t_learner,uplift_at_30,0.002860858084460546,0.002416360196447031,0.003299329944877407
conversion,ipw,t_learner,incremental_at_30,2399.1234347325058,2026.0553763839507,2770.4012996803085
conversion,ipw,t_learner,treated_rate_at_30,0.008326761877824496,0.008131509723599935,0.008524071119502458
conversion,ipw,t_learner,control_rate_at_30,0.0054659037933639494,0.005035160717761741,0.005878528923661476
conversion,ipw,t_learner,anyway_share_at_30,0.6564260961899883,0.6037953372743885,0.708312600168522
conversion,ipw,x_learner,ate,0.0010044611251524356,0.0008525754186263379,0.001144185631169974
conversion,ipw,x_learner,qini_coefficient,0.000439784968379415,0.00036324694529059977,0.0005157058687319465
conversion,ipw,x_learner,auuc,0.0009422018664305884,0.0007920837976489587,0.0010868903728881748
conversion,ipw,x_learner,auuc_random,0.0005022305625762178,0.00042628770931316893,0.0005720928155849869
conversion,ipw,x_learner,qini_normalized,0.17329689916379573,0.14300310595754484,0.20765138698328106
conversion,ipw,x_learner,auuc_normalized,0.02833524970857657,0.023427593581253927,0.03331985958824795
conversion,ipw,x_learner,uplift_at_5,0.01585468763990054,0.013408364231554943,0.018361976728700685
conversion,ipw,x_learner,incremental_at_5,2214.7264152311495,1872.7625404315838,2556.7209788558675
conversion,ipw,x_learner,treated_rate_at_5,0.046467292500338896,0.04529399822292741,0.04763193742977664
conversion,ipw,x_learner,control_rate_at_5,0.030612604860438354,0.027895340871860255,0.03306206883429594
conversion,ipw,x_learner,anyway_share_at_5,0.6587989790929843,0.6059962776129377,0.709687484427679
conversion,ipw,x_learner,uplift_at_10,0.00888761459315491,0.0074467948742517305,0.01046309004337123
conversion,ipw,x_learner,incremental_at_10,2484.0363661741226,2079.716615514156,2925.2915880426376
conversion,ipw,x_learner,treated_rate_at_10,0.02605016419378597,0.025421094820191982,0.02663482949868713
conversion,ipw,x_learner,control_rate_at_10,0.01716254960063106,0.015731035885759324,0.018508577724595424
conversion,ipw,x_learner,anyway_share_at_10,0.6588269261168431,0.601863056519092,0.7096101977036188
conversion,ipw,x_learner,uplift_at_20,0.004701872406909287,0.003899135356811423,0.005476357589861446
conversion,ipw,x_learner,incremental_at_20,2628.7818841455783,2177.205310967389,3063.551294460789
conversion,ipw,x_learner,treated_rate_at_20,0.014019319166240477,0.013721664531440598,0.014349114012133932
conversion,ipw,x_learner,control_rate_at_20,0.00931744675933119,0.008586537964663483,0.010024088284776307
conversion,ipw,x_learner,anyway_share_at_20,0.6646147825615004,0.6107084049873475,0.7193519650437238
conversion,ipw,x_learner,uplift_at_30,0.003185769766744038,0.002699190797371553,0.003698303862515151
conversion,ipw,x_learner,incremental_at_30,2671.87704816322,2262.279988807764,3103.1581037063725
conversion,ipw,x_learner,treated_rate_at_30,0.009579422083803317,0.00937631157138232,0.009787385418196543
conversion,ipw,x_learner,control_rate_at_30,0.0063936523170592795,0.005936995597707488,0.006822340149097752
conversion,ipw,x_learner,anyway_share_at_30,0.6674361210024904,0.6133408014466314,0.7163293526834674
conversion,ipw,dr_learner,ate,0.001004461125149376,0.0008525754186241278,0.0011441856311677134
conversion,ipw,dr_learner,qini_coefficient,0.0004299961754021705,0.0003502716408773186,0.0005011789883681858
conversion,ipw,dr_learner,auuc,0.0009323502180868474,0.0007782564308840753,0.0010644295631135705
conversion,ipw,dr_learner,auuc_random,0.000502230562574688,0.00042628770931206386,0.0005720928155838567
conversion,ipw,dr_learner,qini_normalized,0.16943963347378402,0.13601036309271622,0.20323318922594966
conversion,ipw,dr_learner,auuc_normalized,0.027700778975207927,0.022554352925031843,0.0325015818475283
conversion,ipw,dr_learner,uplift_at_5,0.01539130201371031,0.012985982881566917,0.01793137940473645
conversion,ipw,dr_learner,incremental_at_5,2150.2977382066815,1808.2951508362123,2497.521254287948
conversion,ipw,dr_learner,treated_rate_at_5,0.046384686379842756,0.045331291679028225,0.047470344411584285
conversion,ipw,dr_learner,control_rate_at_5,0.030993384366132446,0.028360978397168023,0.03336879317098751
conversion,ipw,dr_learner,anyway_share_at_5,0.668181393150502,0.6151463650539484,0.7180964768606665
conversion,ipw,dr_learner,uplift_at_10,0.00876002639384986,0.007330244861463607,0.010081802338531705
conversion,ipw,dr_learner,incremental_at_10,2448.499971906431,2050.76258037656,2817.011582730242
conversion,ipw,dr_learner,treated_rate_at_10,0.025695383021770792,0.025095300451851425,0.026288307993318116
conversion,ipw,dr_learner,control_rate_at_10,0.016935356627920933,0.01551869110925651,0.01831236529101748
conversion,ipw,dr_learner,anyway_share_at_10,0.6590816962554013,0.604942242890605,0.7114546973192436
conversion,ipw,dr_learner,uplift_at_20,0.004580634520057551,0.0038294524893134874,0.005325385834507833
conversion,ipw,dr_learner,incremental_at_20,2561.0120010270825,2137.388996267417,2973.9758278012287
conversion,ipw,dr_learner,treated_rate_at_20,0.013823689799401635,0.013529031806568403,0.014139628290440437
conversion,ipw,dr_learner,control_rate_at_20,0.009243055279344084,0.008544063364073816,0.00993821798049622
conversion,ipw,dr_learner,anyway_share_at_20,0.6686387942345302,0.6191760614516998,0.7241259032052499
conversion,ipw,dr_learner,uplift_at_30,0.0031846670415530453,0.002674970617283954,0.003634792205608035
conversion,ipw,dr_learner,incremental_at_30,2670.6674202509594,2242.4711396491884,3048.813995164383
conversion,ipw,dr_learner,treated_rate_at_30,0.009421481337421336,0.009218468095156748,0.009623576156506636
conversion,ipw,dr_learner,control_rate_at_30,0.006236814295868291,0.005768520295054565,0.006715725503131205
conversion,ipw,dr_learner,anyway_share_at_30,0.6619780979766087,0.6117671267560774,0.7164886993122406
conversion,ipw,causal_forest,ate,0.0010044611251523849,0.0008525754186263147,0.0011441856311699438
conversion,ipw,causal_forest,qini_coefficient,0.0004406420008808284,0.0003696736463187081,0.0005138592016265862
conversion,ipw,causal_forest,auuc,0.0009431397472043144,0.0007986432007491014,0.0010833578255361937
conversion,ipw,causal_forest,auuc_random,0.0005022305625761924,0.0004262877093131573,0.0005720928155849719
conversion,ipw,causal_forest,qini_normalized,0.17363461210456502,0.14455630315884582,0.2093776377955102
conversion,ipw,causal_forest,auuc_normalized,0.028395651570444165,0.023695203500053122,0.033340072891246436
conversion,ipw,causal_forest,uplift_at_5,0.015931601794056754,0.013358918155604967,0.018526264032986035
conversion,ipw,causal_forest,incremental_at_5,2225.8564265766026,1867.8938091025002,2593.498234225776
conversion,ipw,causal_forest,treated_rate_at_5,0.047246522636849475,0.04617121462987329,0.04846108370752547
conversion,ipw,causal_forest,control_rate_at_5,0.03131492084279272,0.028614138791666896,0.03387219625553389
conversion,ipw,causal_forest,anyway_share_at_5,0.6627984261082729,0.6091757376378372,0.7166349647430187
conversion,ipw,causal_forest,uplift_at_10,0.008680095090715854,0.007194482387082919,0.010100362708704416
conversion,ipw,causal_forest,incremental_at_10,2426.0452289568802,2007.0885022517962,2819.643131186481
conversion,ipw,causal_forest,treated_rate_at_10,0.02635547239459221,0.02574043623259064,0.02697142536894832
conversion,ipw,causal_forest,control_rate_at_10,0.017675377303876357,0.016305139565984852,0.018954872503663758
conversion,ipw,causal_forest,anyway_share_at_10,0.670653025650305,0.6194752748678836,0.7212636100940827
conversion,ipw,causal_forest,uplift_at_20,0.004666609339389482,0.003925817246605737,0.005420961694453436
conversion,ipw,causal_forest,incremental_at_20,2609.1417124633704,2192.342763691337,3033.237332963484
conversion,ipw,causal_forest,treated_rate_at_20,0.01426637592195988,0.013951439458953722,0.014596868762614346
conversion,ipw,causal_forest,control_rate_at_20,0.009599766582570397,0.00887767002719277,0.010282772950510928
conversion,ipw,causal_forest,anyway_share_at_20,0.6728945483480296,0.621997790981712,0.7199000435040466
conversion,ipw,causal_forest,uplift_at_30,0.003215916566183462,0.0027310932663718772,0.003735172974521891
conversion,ipw,causal_forest,incremental_at_30,2697.148018945063,2292.7645826961943,3131.1993066889804
conversion,ipw,causal_forest,treated_rate_at_30,0.009728783293067757,0.009511691703710747,0.00996478186611021
conversion,ipw,causal_forest,control_rate_at_30,0.006512866726884295,0.006015735766722169,0.0069670303183581766
conversion,ipw,causal_forest,anyway_share_at_30,0.6694430876597937,0.6202830471635904,0.716434152544386
conversion,ipw,class_transformation,ate,0.001004461125149765,0.0008525754186243893,0.001144185631167934
conversion,ipw,class_transformation,qini_coefficient,0.00043756187394054173,0.00037061646257967405,0.0005089354008325508
conversion,ipw,class_transformation,auuc,0.0009397554908532986,0.0008044098351635006,0.0010735861190092225
conversion,ipw,class_transformation,auuc_random,0.0005022305625748825,0.00042628770931219467,0.0005720928155839669
conversion,ipw,class_transformation,qini_normalized,0.1724208906584922,0.14293192319217052,0.2036352728111197
conversion,ipw,class_transformation,auuc_normalized,0.028177697017711577,0.023758551107051912,0.03269704341224363
conversion,ipw,class_transformation,uplift_at_5,0.01566185360682729,0.013263883856753369,0.018044262336516768
conversion,ipw,class_transformation,incremental_at_5,2188.2759248094176,1846.8883107248491,2516.3430067936897
conversion,ipw,class_transformation,treated_rate_at_5,0.04593965582934598,0.04491724618021971,0.046992002359526684
conversion,ipw,class_transformation,control_rate_at_5,0.030277802222518687,0.027665396729117935,0.032497892658116076
conversion,ipw,class_transformation,anyway_share_at_5,0.6590776895454539,0.6042195169481093,0.7106269675528858
conversion,ipw,class_transformation,uplift_at_10,0.00869264754805094,0.007337638447279508,0.010055702796622126
conversion,ipw,class_transformation,incremental_at_10,2429.716696675505,2054.312108321582,2806.751302851256
conversion,ipw,class_transformation,treated_rate_at_10,0.025423020009580542,0.024855897128018434,0.026010926428062933
conversion,ipw,class_transformation,control_rate_at_10,0.016730372461529603,0.01537393823083677,0.018045373599193004
conversion,ipw,class_transformation,anyway_share_at_10,0.6580796638332048,0.605237458076342,0.708813501041814
conversion,ipw,class_transformation,uplift_at_20,0.00470237032168138,0.00401137793579084,0.005376516243842027
conversion,ipw,class_transformation,incremental_at_20,2629.0843465975763,2244.4680375271905,3004.700203799504
conversion,ipw,class_transformation,treated_rate_at_20,0.013720280812450915,0.013411656880751075,0.014028798947315667
conversion,ipw,class_transformation,control_rate_at_20,0.009017910490769535,0.008355574538350004,0.009731437196630492
conversion,ipw,class_transformation,anyway_share_at_20,0.6572686531740618,0.608654988950964,0.7072187805403346
conversion,ipw,class_transformation,uplift_at_30,0.0031596685073822005,0.0026824279006546024,0.003604807550172167
conversion,ipw,class_transformation,incremental_at_30,2649.89905635957,2250.5473579982063,3026.500033998461
conversion,ipw,class_transformation,treated_rate_at_30,0.009290848749641239,0.009085968664157524,0.009504972028444386
conversion,ipw,class_transformation,control_rate_at_30,0.006131180242259038,0.005662469579375735,0.006596079329920429
conversion,ipw,class_transformation,anyway_share_at_30,0.6599160536862458,0.6121839323175581,0.7085398184779996
conversion,ipw,response,ate,0.0010044611251523383,0.0008525754186263073,0.001144185631169942
conversion,ipw,response,qini_coefficient,0.0004606649224201234,0.00038559942334968797,0.0005302227652316545
conversion,ipw,response,auuc,0.0009631317520892145,0.0008139666507693491,0.0011027688940394062
conversion,ipw,response,auuc_random,0.0005022305625761692,0.00042628770931315375,0.0005720928155849709
conversion,ipw,response,qini_normalized,0.1815246275995153,0.15130427105558128,0.21506871072625
conversion,ipw,response,auuc_normalized,0.0296831865656285,0.024887105574403292,0.03439279319524813
conversion,ipw,response,uplift_at_5,0.01623244326010067,0.013555251814275525,0.018773638814212786
conversion,ipw,response,incremental_at_5,2267.524875282104,1893.0067376253749,2628.8189856489307
conversion,ipw,response,treated_rate_at_5,0.049080433627635874,0.0479831791987833,0.05020259787694342
conversion,ipw,response,control_rate_at_5,0.032847990367535204,0.030231485318557787,0.03545452519851327
conversion,ipw,response,anyway_share_at_5,0.6692685442990745,0.611693619811914,0.7220370020856263
conversion,ipw,response,uplift_at_10,0.008952541014655244,0.007620649095719399,0.010421570456500833
conversion,ipw,response,incremental_at_10,2502.034068466109,2135.3158186365226,2915.582497189712
conversion,ipw,response,treated_rate_at_10,0.02683305712294169,0.026285889494595455,0.027475609897789
conversion,ipw,response,control_rate_at_10,0.017880516108286445,0.01644435370440968,0.01921715724631274
conversion,ipw,response,anyway_share_at_10,0.6663614968045883,0.6142324210107603,0.7146561704060117
conversion,ipw,response,uplift_at_20,0.004793745894352787,0.004076978189334838,0.005535513331753487
conversion,ipw,response,incremental_at_20,2680.1665553081784,2276.5040212410267,3092.7245327557625
conversion,ipw,response,treated_rate_at_20,0.014470225938942496,0.01416265761720515,0.014792382841014263
conversion,ipw,response,control_rate_at_20,0.00967648004458971,0.008946305200045506,0.01035909956424744
conversion,ipw,response,anyway_share_at_20,0.6687165829628283,0.6191571741932261,0.7147800624842301
conversion,ipw,response,uplift_at_30,0.0032789914870263925,0.0028080558243607223,0.0037735342646549822
conversion,ipw,response,incremental_at_30,2750.03713478924,2353.830757797147,3166.4270215823803
conversion,ipw,response,treated_rate_at_30,0.009873709920767028,0.00965793405826475,0.01008793542063011
conversion,ipw,response,control_rate_at_30,0.006594718433740636,0.0061253604503724935,0.00705590811172466
conversion,ipw,response,anyway_share_at_30,0.6679068442015088,0.6193223108158046,0.7144245696992262
conversion,ipw,random,ate,0.0010044611251523905,0.0008525754186263175,0.0011441856311699542
conversion,ipw,random,qini_coefficient,1.2249846624660119e-05,-2.9326965105194787e-05,5.7429886720592963e-05
conversion,ipw,random,auuc,0.0005144557239860168,0.00042681859362171887,0.0005920331176352446
conversion,ipw,random,auuc_random,0.0005022305625761953,0.00042628770931315874,0.0005720928155849773
conversion,ipw,random,qini_normalized,0.004827041822525949,-0.011376498590255305,0.021690957649897848
conversion,ipw,random,auuc_normalized,0.000787330896902325,-0.0018915486312188808,0.0036734355907196287
conversion,ipw,random,uplift_at_5,0.0010394907408553117,0.00045268277916861194,0.0018147633544593267
conversion,ipw,random,incremental_at_5,145.32804391048145,63.342299383463875,254.53482312401195
conversion,ipw,random,treated_rate_at_5,0.0032428148124261577,0.0029681877160618467,0.0034779391182186187
conversion,ipw,random,control_rate_at_5,0.002203324071570846,0.001501472444344349,0.0027883634636605478
conversion,ipw,random,anyway_share_at_5,0.6794480101447415,0.45424886164897776,0.8552084439658295
conversion,ipw,random,uplift_at_10,0.0010892530467004414,0.000517786594880192,0.0015587901807240137
conversion,ipw,random,incremental_at_10,304.5521508471655,145.01498916988444,436.25045054662445
conversion,ipw,random,treated_rate_at_10,0.003142488991562784,0.002949734273375526,0.0033272690152251023
conversion,ipw,random,control_rate_at_10,0.0020532359448623425,0.0016252817971718894,0.002464195585370623
conversion,ipw,random,anyway_share_at_10,0.6533788822729503,0.5066435458110169,0.826946663004737
conversion,ipw,random,uplift_at_20,0.0009240341994347424,0.0006122034214882043,0.0012707704736713364
conversion,ipw,random,incremental_at_20,516.7112534675703,342.64211295816193,710.8799222585334
conversion,ipw,random,treated_rate_at_20,0.003076127432034835,0.002913057368400195,0.003225495029664373
conversion,ipw,random,control_rate_at_20,0.0021520932326000927,0.001810248948364082,0.0024509126613053104
conversion,ipw,random,anyway_share_at_20,0.6996112092718146,0.600931572974597,0.7988455853397741
conversion,ipw,random,uplift_at_30,0.0010186917453885564,0.0007361548730452292,0.001311679501807921
conversion,ipw,random,incremental_at_30,854.4429780509133,616.7859776634631,1101.864015358163
conversion,ipw,random,treated_rate_at_30,0.0030352562975649155,0.00290629860251612,0.0031572928036262206
conversion,ipw,random,control_rate_at_30,0.002016564552176359,0.0017526393405912996,0.002256060787930784
conversion,ipw,random,anyway_share_at_30,0.6643803206319616,0.5711620372121401,0.7530812781474754
