outcome,feature,segment,n,share,observed,ci_low,ci_high,observed_dim,ci_low_dim,ci_high_dim,mean_predicted,learner
visit,f3,#1 (82%),2288575,0.8185415309032669,0.0017984720245422837,0.0011970338508147903,0.0023999101982697772,0.0018660711897975982,0.0012657609368391099,0.0024663814427560863,0.001900365904663456,x_learner
visit,f3,other,287125,0.10269435655838262,0.05098709030263433,0.04732674618847612,0.05464743441679255,0.06342748415107502,0.060045355237056695,0.06680961306509334,0.04591466856501693,x_learner
visit,f3,#3 (2%),62302,0.02228320000801168,0.012651228014165988,0.006595037387928799,0.01870741864040318,0.016987221053426843,0.011148599894989444,0.02282584221186424,0.014542913416170838,x_learner
visit,f3,#2 (4%),114698,0.041023377652706555,0.012528217940126748,0.008675775760731964,0.016380660119521533,0.014590135575033025,0.01082676475730217,0.018353506392763883,0.009252190056304819,x_learner
visit,f3,#4 (2%),43218,0.01545753487763232,0.010182117698584722,0.002288717523414023,0.01807551787375542,0.016981736048555976,0.009487335900326965,0.024476136196784987,0.020233983438692878,x_learner
visit,f8,#2 (7%),191493,0.06849020607900518,0.0014884834234756734,0.00037070421200781443,0.0026062626349435325,0.0015347596863056583,0.000418483342844839,0.0026510360297664773,0.002051326258999324,x_learner
visit,f8,#3 (6%),166692,0.059619774256612676,0.0018293465456545848,0.0006408422009326262,0.003017850890376543,0.001980291945414374,0.0008083510671684432,0.0031522328236603045,0.002334993721038276,x_learner
visit,f8,#4 (4%),106738,0.038176369979377074,0.0027173331339900436,0.0009890042792649089,0.004445661988715178,0.0028787081330994817,0.0011661822634520052,0.0045912340027469585,0.0029871481914619745,x_learner
visit,f8,#1 (52%),1461553,0.5227453022585069,0.0005332751984701411,0.0003875131898006598,0.0006790372071396224,0.0005519301965988559,0.0004080162810908084,0.0006958441121069033,0.0008591326192155744,x_learner
visit,f8,other,869442,0.3109683474264982,0.022716359609091866,0.020698108433958494,0.024734610784225237,0.028704880837822036,0.026756245011898844,0.030653516663745228,0.020723133022843263,x_learner
visit,f9,#1 (80%),2223650,0.7953201774873226,0.0019599918505533833,0.0016798403006272685,0.002240143400479498,0.0021275172934567847,0.001852841632238202,0.0024021929546753674,0.0020214781600741936,x_learner
visit,f9,#2 (3%),90743,0.03245552981167545,0.0132971500704362,0.009589103916542354,0.017005196224330044,0.01416381133316344,0.010494501012068062,0.017833121654258818,0.011044955944496993,x_learner
visit,f9,other,373842,0.13370992997648715,0.037327982754844474,0.033300407519480116,0.04135555799020883,0.04383016596680253,0.03988573042311093,0.04777460151049413,0.036279584909204354,x_learner
visit,f9,#3 (2%),67902,0.024286119979198245,0.011641189603791631,0.007159337627108177,0.016123041580475086,0.013055602752465381,0.008663354682095463,0.0174478508228353,0.010787994008918897,x_learner
visit,f9,#4 (1%),39781,0.014228242745316566,0.01539478597606253,0.008234581518485485,0.022554990433639576,0.017673093323414962,0.010695869360428847,0.024650317286401078,0.014616032684963937,x_learner
conversion,f9,#1 (80%),2223650,0.7953201774873226,0.00016229618496732036,0.00010536503164165146,0.00021922733829298925,0.00017006626198058764,0.00011426043582351967,0.0002258720881376556,0.00021514195414178673,causal_forest
conversion,f9,#2 (3%),90743,0.03245552981167545,0.0007753917766213785,0.00018144067321477337,0.0013693428800279836,0.0007996108459094296,0.00020904841590001048,0.0013901732759188487,0.000624941571805479,causal_forest
conversion,f9,other,373842,0.13370992997648715,0.0062854312813349755,0.005191639390129429,0.007379223172540522,0.006609815329454578,0.005535158232808115,0.007684472426101041,0.005605660693778016,causal_forest
conversion,f9,#3 (2%),67902,0.024286119979198245,0.00016029725918819716,-0.00071731096803571,0.0010379054864121044,0.00018758807530871958,-0.0006856974833526152,0.0010608736339700543,0.0009202441741621383,causal_forest
conversion,f9,#4 (1%),39781,0.014228242745316566,-0.00015451474663057217,-0.0017070620971602155,0.0013980326038990712,-5.15410925187843e-05,-0.0015559833403753394,0.0014529011553377708,0.0012017787029311915,causal_forest
conversion,f8,#2 (7%),191493,0.06849020607900518,0.00015827712822780434,-3.1108097784204414e-07,0.0003168653374334507,0.00016036203734329972,3.0699107374023977e-06,0.00031765416394919705,0.00015306270211625804,causal_forest
conversion,f8,#3 (6%),166692,0.059619774256612676,0.00010405948012194225,-0.00012475260739468143,0.0003328715676385659,0.00010918432385740673,-0.00011766928658078662,0.00033603793429560005,0.00015578589598438028,causal_forest
conversion,f8,#4 (4%),106738,0.038176369979377074,0.00019886398112882865,-0.0001366379675052543,0.0005343659297629116,0.00020127572626358746,-0.00013504141171256256,0.0005375928642397374,0.0002572857577160303,causal_forest
conversion,f8,#1 (52%),1461553,0.5227453022585069,3.6734813523407125e-05,1.4645509669653615e-06,7.20050760798489e-05,3.734740285184446e-05,2.2103594358377634e-06,7.248444626785116e-05,8.135582406270368e-05,causal_forest
conversion,f8,other,869442,0.3109683474264982,0.003096534393684882,0.0025991664140195304,0.003593902373350234,0.0034168997899552064,0.0029356415466731786,0.0038981580332372342,0.0029207106954036795,causal_forest
conversion,f4,#1 (96%),2674705,0.9566464395593862,0.00033897081420619375,0.000255756029777743,0.0004221855986346445,0.00038465428903517677,0.00030545499336276523,0.0004638535847075883,0.0005146740108970661,causal_forest
conversion,f4,#3 (<1%),19694,0.0070438403415264686,0.01707423521587701,0.010665774272811922,0.0234826961589421,0.01816629424029264,0.011985052493739809,0.02434753598684547,0.010420650284717912,causal_forest
conversion,f4,#2 (2%),69437,0.024835134649871707,0.008199974139574781,0.0061495916175886844,0.010250356661560878,0.008820373077304372,0.0068678854627709845,0.01077286069183776,0.0053982687353168295,causal_forest
conversion,f4,#4 (<1%),9039,0.0032329274320634584,0.02121807090826893,0.009211546640408335,0.03322459517612952,0.02195041806165949,0.010018283965817464,0.033882552157501515,0.01613836738055502,causal_forest
conversion,f4,other,23043,0.008241658017152148,0.037452563752231244,0.025067027482102735,0.04983810002235975,0.03872240675142383,0.026459801003532714,0.05098501249931494,0.02770887197872023,causal_forest
