outcome,learner,share_predicted_negative,n_predicted_negative,mean_predicted,observed,ci_low,ci_high,observed_dim,ci_low_dim,ci_high_dim,treated_rate,control_rate,bottom_decile_mean_predicted,bottom_decile_observed,bottom_decile_ci_low,bottom_decile_ci_high
visit,s_learner,0.0220138788047432,61549,-0.0021052621467404155,0.001355035126015508,-0.0061606372223390405,0.008870707474370056,0.0009739266404519831,-0.006552477122842088,0.008500330403746054,0.13609960342861716,0.13474456830260165,-0.00043116208827055505,5.9217060913319824e-05,-0.0017264504756436827,0.0018448845974703223
visit,t_learner,0.23140664354247872,646994,-0.0026481904307298163,0.0012893692689719405,2.8224522228909076e-05,0.002550514015714972,0.0014043456818893657,0.0001465904224893979,0.0026621009412893335,0.03670315894001177,0.03541378967103983,-0.006018697258576914,0.0027709109426999334,-3.284578125988978e-05,0.005574667666659757
visit,x_learner,0.018750907573111944,52426,-0.006949142357842471,0.001790458191535449,-0.008763917250203394,0.012344833633274292,0.0013809790502488095,-0.009178408783147454,0.011940366883645073,0.2737556745453402,0.2719652163538048,-0.00091007710462296,0.00012696140657236787,-0.0022016012071992552,0.002455524020343991
visit,dr_learner,0.003354175623176359,9378,-0.006220044495588373,0.005161880541707187,-0.022674926692433692,0.032998687775848065,0.00808086201373076,-0.019737085671981933,0.03589880969944345,0.4796860126359717,0.47452413209426453,0.0004916549690031863,-0.0003513713014654356,-0.0018055192102695411,0.00110277660733867
visit,causal_forest,0.08583620835804197,239991,-0.0007333692560857537,0.0008922607485083549,-0.0003842552931468733,0.002168776790163583,0.0007522236042356127,-0.0005330313578044764,0.002037478566275702,0.014248234771055879,0.013355974022547524,-0.0006252977345197234,0.0009170207436427959,-0.0001984792941439606,0.0020325207814295525
visit,class_transformation,0.006677592118223782,18670,-0.01138524626027942,0.012210855022483647,-0.007891957902542518,0.03231366794750981,0.015262604567625793,-0.004814674207217189,0.03533988334246878,0.5000488262865925,0.4878379712641089,-4.859339632230086e-06,0.0013073350863003833,-0.0006799984942414288,0.0032946686668421953
conversion,s_learner,0.03235180717031043,90453,-0.000240198962985131,0.0007102264193814141,-0.00012679215642151618,0.0015472449951843444,0.0007040403896747425,-0.0001346725390764463,0.0015427533184259315,0.0027380447095117846,0.0020278182901303705,-6.964063045975744e-05,0.000216422992114191,-6.938015473461641e-05,0.0005022261389629984
conversion,t_learner,0.23269888458817461,650607,-0.0005963365879488443,0.0005641525302447687,0.0002904046228294344,0.000837900437660103,0.0006164393324101327,0.0003482867089886365,0.0008845919558316289,0.002069897659813991,0.0015057451295692223,-0.0013774475001958521,0.0012728246952069186,0.0006465460554780752,0.001899103334935762
conversion,x_learner,0.01565997286043439,43784,-0.0004377456859150863,0.0010503635860355212,-0.0003494937675157055,0.002450220939586748,0.00102643991077133,-0.0003810187387221775,0.0024338985602648374,0.0037667741367957293,0.002716410550760208,3.857920078131466e-05,0.0002470864787032685,-2.3451735409119523e-06,0.000496518130947449
conversion,dr_learner,0.0009563942862415851,2674,-0.003763533989569632,0.028429963625535064,0.006717561309219466,0.05014236594185066,0.027769757591244837,0.005809029375130361,0.04973048580735931,0.06814774843616102,0.039717784810625954,0.0002897270304017181,0.00033206222416454895,6.865220029541957e-05,0.0005954722480336783
conversion,causal_forest,0.1598415976434216,446904,-0.00019683053350306456,0.00010617152355453874,-3.493697723066838e-06,0.00021583674483214432,0.00010653405846160243,-2.735432746664139e-06,0.000215803549669869,0.0002692879142528527,0.00016311639069831394,-0.0003142952453274523,0.00015176318904705266,-1.5073601558789702e-05,0.000318599979652895
conversion,class_transformation,0.0009388687364937027,2625,-0.0046224473213117,0.003608029767868115,-0.025267263720045015,0.032483323255781245,0.0029914065049494176,-0.026024903908237678,0.03200771691813652,0.0844071000634036,0.08079907029553549,0.0004096177327725568,0.0001586111481539584,-0.00016771607279375783,0.00048493836910167465
