decile,n,treated_share,ci_low,ci_high,outcome_rate,outcome
1,279591,0.8498270688255345,0.8485028627180625,0.8511512749330065,0.0004613882421107976,visit
2,279592,0.8482896506337807,0.8469598902525135,0.8496194110150479,0.0005078829151048671,visit
3,279592,0.850120890440356,0.8487977541008969,0.8514440267798151,0.0007117514091962574,visit
4,279592,0.8478211107613952,0.8464896664114174,0.849152555111373,0.0010622621534235601,visit
5,279592,0.848311110475264,0.84698142732774,0.849640793622788,0.0020816046238805114,visit
6,279591,0.846904943292166,0.8455702164467487,0.8482396701375834,0.004224027239789549,visit
7,279592,0.8481000887006781,0.8467696464892914,0.8494305309120648,0.007693353171764571,visit
8,279592,0.8476744685112593,0.8463424980203655,0.849006439002153,0.018040573406964435,visit
9,279592,0.8516373859051761,0.8503197867778621,0.8529549850324901,0.06736959569658646,visit
10,279592,0.8613157744141463,0.8600346584753841,0.8625968903529085,0.3677680334201265,visit
1,279591,0.8497448058056232,0.8484203011657934,0.851069310445453,6.0803101673515954e-05,conversion
2,279592,0.8496058542447567,0.8482808480316242,0.8509308604578891,7.153280494434748e-05,conversion
3,279592,0.8480678989384531,0.8467373410161527,0.8493984568607535,6.79561646971301e-05,conversion
4,279592,0.8484863658473776,0.8471573137882918,0.8498154179064633,5.007296346104324e-05,conversion
5,279592,0.8476708918710121,0.8463389085527806,0.8490028751892436,0.00010729920741652122,conversion
6,279591,0.8476560404304859,0.8463240014693544,0.8489880793916175,0.00013591281550550625,conversion
7,279592,0.8476494320295287,0.8463173717526352,0.8489814923064222,0.00031116770150791154,conversion
8,279592,0.8478497238833729,0.8465183822451575,0.8491810655215882,0.0006437952444991273,conversion
9,279592,0.8504785544650777,0.8491567198275198,0.8518003891026356,0.002017225099430599,conversion
10,279592,0.8627929268362471,0.8615175596491532,0.864068294023341,0.025701736816504048,conversion
