seed,outcome,estimator,estimate,se,ci_low,ci_high,n,benchmark_dim,covers_dim,benchmark_aipw,covers_aipw
0,visit,naive_dim,0.021657531013117213,0.0005377969779344464,0.020603468305371214,0.02271159372086321,862617,0.010342403129198284,False,0.00746115646659985,False
0,visit,lin,0.007845847337925687,0.0006492610594148866,0.006573319044908189,0.009118375630943185,862617,0.010342403129198284,False,0.00746115646659985,True
0,visit,ipw_hajek_known_selection,0.010710146290625,0.0007276450559599624,0.00928398818741484,0.01213630439383516,862617,0.010342403129198284,True,0.00746115646659985,False
0,visit,ipw_hajek_lgbm,0.008593931147681574,0.0007540174367535518,0.007116084127929405,0.010071778167433744,862617,0.010342403129198284,False,0.00746115646659985,True
0,visit,aipw_lgbm,0.007860331843735368,0.0006221027983834571,0.00664103276422221,0.009079630923248526,862617,0.010342403129198284,False,0.00746115646659985,True
0,conversion,naive_dim,0.0016187015696235184,0.0001314247708938879,0.0013611137519950701,0.0018762893872519668,862617,0.0011518730521316279,False,0.0009995824385001337,False
0,conversion,lin,0.0008674832963974479,0.00017328865228153218,0.0005278437789961602,0.0012071228137987356,862617,0.0011518730521316279,True,0.0009995824385001337,True
0,conversion,ipw_hajek_known_selection,0.0009690354976904349,0.00017376767990732057,0.0006284571033950022,0.0013096138919858676,862617,0.0011518730521316279,True,0.0009995824385001337,True
0,conversion,ipw_hajek_lgbm,0.000836899113014068,0.00018391479504056255,0.0004764327385104997,0.0011973654875176364,862617,0.0011518730521316279,True,0.0009995824385001337,True
0,conversion,aipw_lgbm,0.00084823548241307,0.0001738094428621205,0.0005075752342303414,0.0011888957305957986,862617,0.0011518730521316279,True,0.0009995824385001337,True
1,visit,naive_dim,0.022274145011264446,0.000536509538192892,0.021222605639044163,0.02332568438348473,863454,0.010342403129198284,False,0.00746115646659985,False
1,visit,lin,0.007284662038188383,0.0006575701663629051,0.005995848194809077,0.00857347588156769,863454,0.010342403129198284,False,0.00746115646659985,True
1,visit,ipw_hajek_known_selection,0.010530193280552769,0.0007382220092943256,0.009083304729741098,0.01197708183136444,863454,0.010342403129198284,True,0.00746115646659985,False
1,visit,ipw_hajek_lgbm,0.007645446769190996,0.0007724917306068793,0.006131390798846495,0.009159502739535497,863454,0.010342403129198284,False,0.00746115646659985,True
1,visit,aipw_lgbm,0.007203036672302978,0.0006420080869743639,0.005944723944049766,0.00846134940055619,863454,0.010342403129198284,False,0.00746115646659985,True
1,conversion,naive_dim,0.001903873730708367,0.00012253847235290145,0.001663702738176123,0.002144044723240611,863454,0.0011518730521316279,False,0.0009995824385001337,False
1,conversion,lin,0.0010724391584758242,0.00016741875610358625,0.0007443044261762998,0.0014005738907753485,863454,0.0011518730521316279,True,0.0009995824385001337,True
1,conversion,ipw_hajek_known_selection,0.0012765292122675531,0.00016462168103854725,0.0009538766463575601,0.0015991817781775461,863454,0.0011518730521316279,True,0.0009995824385001337,True
1,conversion,ipw_hajek_lgbm,0.0010889603682727456,0.00017698100729330793,0.0007420839680302414,0.0014358367685152497,863454,0.0011518730521316279,True,0.0009995824385001337,True
1,conversion,aipw_lgbm,0.0011192475432563861,0.00016717175125134258,0.000791596931571266,0.0014468981549415063,863454,0.0011518730521316279,True,0.0009995824385001337,True
2,visit,naive_dim,0.02251223990284373,0.0005330466331499187,0.021467487699789557,0.023556992105897904,862740,0.010342403129198284,False,0.00746115646659985,False
2,visit,lin,0.009014978574574437,0.0006490878105336904,0.007742789843124445,0.010287167306024428,862740,0.010342403129198284,False,0.00746115646659985,False
2,visit,ipw_hajek_known_selection,0.011456301951723293,0.0007241503988021921,0.010036993250680679,0.012875610652765906,862740,0.010342403129198284,True,0.00746115646659985,False
2,visit,ipw_hajek_lgbm,0.00918392116872118,0.0007536647089404875,0.007706765482778963,0.010661076854663398,862740,0.010342403129198284,True,0.00746115646659985,False
2,visit,aipw_lgbm,0.008942800924949606,0.0006350944039638896,0.00769803876639745,0.010187563083501761,862740,0.010342403129198284,False,0.00746115646659985,False
2,conversion,naive_dim,0.001913472513857695,0.00012319720367915527,0.001672010431650505,0.002154934596064885,862740,0.0011518730521316279,False,0.0009995824385001337,False
2,conversion,lin,0.0012287167882698141,0.00015695880322676509,0.0009210831868888454,0.001536350389650783,862740,0.0011518730521316279,True,0.0009995824385001337,True
2,conversion,ipw_hajek_known_selection,0.0013912505288806176,0.0001567124911173999,0.0010840996903629606,0.0016984013673982746,862740,0.0011518730521316279,True,0.0009995824385001337,False
2,conversion,ipw_hajek_lgbm,0.001254642777491215,0.00016748674062750732,0.0009263747979732991,0.0015829107570091306,862740,0.0011518730521316279,True,0.0009995824385001337,True
2,conversion,aipw_lgbm,0.0012545478797619852,0.0001536084406263556,0.000953480868412969,0.0015556148911110015,862740,0.0011518730521316279,True,0.0009995824385001337,True
3,visit,naive_dim,0.021987536693880098,0.0005343297195940047,0.020940269687606462,0.023034803700153733,862954,0.010342403129198284,False,0.00746115646659985,False
3,visit,lin,0.0075192803403555455,0.000657153750320736,0.006231282657421476,0.008807278023289615,862954,0.010342403129198284,False,0.00746115646659985,True
3,visit,ipw_hajek_known_selection,0.010758126831791948,0.0007286434259275498,0.00933001195940207,0.012186241704181824,862954,0.010342403129198284,True,0.00746115646659985,False
3,visit,ipw_hajek_lgbm,0.008148191505641167,0.0007584913836434278,0.006661575711116095,0.009634807300166238,862954,0.010342403129198284,False,0.00746115646659985,True
3,visit,aipw_lgbm,0.007657285520910572,0.0006324908064218251,0.006417626319771099,0.008896944722050045,862954,0.010342403129198284,False,0.00746115646659985,True
3,conversion,naive_dim,0.0020159989873418903,0.0001232810666011438,0.0017743725368279646,0.002257625437855816,862954,0.0011518730521316279,False,0.0009995824385001337,False
3,conversion,lin,0.001179149121230047,0.00016895606521390006,0.0008480013184412023,0.0015102969240188917,862954,0.0011518730521316279,True,0.0009995824385001337,True
3,conversion,ipw_hajek_known_selection,0.0013762169413515646,0.00016602073470571948,0.0010508222806414754,0.0017016116020616538,862954,0.0011518730521316279,True,0.0009995824385001337,False
3,conversion,ipw_hajek_lgbm,0.0011885124400457265,0.00017600517132046703,0.0008435486431648091,0.0015334762369266439,862954,0.0011518730521316279,True,0.0009995824385001337,True
3,conversion,aipw_lgbm,0.001178092552112253,0.00016652968720136992,0.0008517003628408472,0.0015044847413836588,862954,0.0011518730521316279,True,0.0009995824385001337,True
4,visit,naive_dim,0.021919654548803874,0.0005376307217012345,0.020865917697287177,0.02297339140032057,862122,0.010342403129198284,False,0.00746115646659985,False
4,visit,lin,0.0070192508895505,0.0006606152799178719,0.005724468733274625,0.008314033045826376,862122,0.010342403129198284,False,0.00746115646659985,True
4,visit,ipw_hajek_known_selection,0.010360882039481892,0.0007358951376727379,0.008918554073245181,0.011803210005718602,862122,0.010342403129198284,True,0.00746115646659985,False
4,visit,ipw_hajek_lgbm,0.007487251623362258,0.000776924466591692,0.0059645076501345495,0.009009995596589966,862122,0.010342403129198284,False,0.00746115646659985,True
4,visit,aipw_lgbm,0.007398645274132563,0.0006517193628566847,0.00612129879490607,0.008675991753359057,862122,0.010342403129198284,False,0.00746115646659985,True
4,conversion,naive_dim,0.001851537227063037,0.00012573339348709878,0.0016051043041743205,0.0020979701499517535,862122,0.0011518730521316279,False,0.0009995824385001337,False
4,conversion,lin,0.0011897831730337332,0.00016048500259358245,0.0008752383478914944,0.001504327998175972,862122,0.0011518730521316279,True,0.0009995824385001337,True
4,conversion,ipw_hajek_known_selection,0.0012612301276174753,0.00016441151684696193,0.0009389894759538296,0.001583470779281121,862122,0.0011518730521316279,True,0.0009995824385001337,True
4,conversion,ipw_hajek_lgbm,0.0011667939973783687,0.00017334183251696442,0.0008270502486309444,0.001506537746125793,862122,0.0011518730521316279,True,0.0009995824385001337,True
4,conversion,aipw_lgbm,0.0011455034772983393,0.00016261835612139464,0.0008267773560752972,0.0014642295985213814,862122,0.0011518730521316279,True,0.0009995824385001337,True
5,visit,naive_dim,0.020654945699938167,0.0005439395171087783,0.01958884383663685,0.021721047563239483,862743,0.010342403129198284,False,0.00746115646659985,False
5,visit,lin,0.005693663969128089,0.000669082628402845,0.004382286114777117,0.007005041823479062,862743,0.010342403129198284,False,0.00746115646659985,False
5,visit,ipw_hajek_known_selection,0.008368479314840103,0.0007526298506247182,0.006893351913925895,0.009843606715754311,862743,0.010342403129198284,False,0.00746115646659985,True
5,visit,ipw_hajek_lgbm,0.005678998924830474,0.0007880191137620328,0.004134509842727717,0.00722348800693323,862743,0.010342403129198284,False,0.00746115646659985,False
5,visit,aipw_lgbm,0.005197272556863103,0.0006521550095606086,0.003919072225786935,0.00647547288793927,862743,0.010342403129198284,False,0.00746115646659985,False
5,conversion,naive_dim,0.0016890449219530807,0.00012626227139131424,0.0014415754174198828,0.0019365144264862787,862743,0.0011518730521316279,False,0.0009995824385001337,False
5,conversion,lin,0.0009479510018359044,0.00017036997988329584,0.0006140319772178311,0.0012818700264539777,862743,0.0011518730521316279,True,0.0009995824385001337,True
5,conversion,ipw_hajek_known_selection,0.001090709744639124,0.00016475519894649019,0.0007677954884382718,0.0014136240008399764,862743,0.0011518730521316279,True,0.0009995824385001337,True
5,conversion,ipw_hajek_lgbm,0.0009064138327505872,0.00018056980991974593,0.0005525035086126418,0.0012603241568885327,862743,0.0011518730521316279,True,0.0009995824385001337,True
5,conversion,aipw_lgbm,0.0009643049187340078,0.00017097191924829257,0.000629206114639664,0.0012994037228283516,862743,0.0011518730521316279,True,0.0009995824385001337,True
6,visit,naive_dim,0.022120828405257115,0.0005365508372584436,0.021069208088355752,0.023172448722158477,862173,0.010342403129198284,False,0.00746115646659985,False
6,visit,lin,0.007509905247124895,0.0006618181566937535,0.0062127654956904525,0.008807044998559338,862173,0.010342403129198284,False,0.00746115646659985,True
6,visit,ipw_hajek_known_selection,0.01093166141293684,0.000729234537154569,0.009502387983831148,0.012360934842042532,862173,0.010342403129198284,True,0.00746115646659985,False
6,visit,ipw_hajek_lgbm,0.008063474383908996,0.0007667518753988882,0.006560668323048632,0.00956628044476936,862173,0.010342403129198284,False,0.00746115646659985,True
6,visit,aipw_lgbm,0.007222977507137533,0.0006346624836407366,0.0059790618968629475,0.008466893117412118,862173,0.010342403129198284,False,0.00746115646659985,True
6,conversion,naive_dim,0.0018809008076551587,0.00012351354884684876,0.0016388187003126063,0.002122982914997711,862173,0.0011518730521316279,False,0.0009995824385001337,False
6,conversion,lin,0.001123764518472425,0.0001629167310789584,0.0008044535930786692,0.0014430754438661806,862173,0.0011518730521316279,True,0.0009995824385001337,True
6,conversion,ipw_hajek_known_selection,0.0013971813643804721,0.00015491716262848904,0.001093549305041499,0.0017008134237194452,862173,0.0011518730521316279,True,0.0009995824385001337,False
6,conversion,ipw_hajek_lgbm,0.0012014195428440258,0.00016997303760666105,0.000868278510792098,0.0015345605748959537,862173,0.0011518730521316279,True,0.0009995824385001337,True
6,conversion,aipw_lgbm,0.001156369497242183,0.00015959131236915685,0.0008435762727531539,0.001469162721731212,862173,0.0011518730521316279,True,0.0009995824385001337,True
7,visit,naive_dim,0.0228088710049774,0.0005323409561154438,0.02176550190349551,0.023852240106459286,862287,0.010342403129198284,False,0.00746115646659985,False
7,visit,lin,0.008023260223850954,0.0006619574946519747,0.006725847375036719,0.00932067307266519,862287,0.010342403129198284,False,0.00746115646659985,True
7,visit,ipw_hajek_known_selection,0.011523442377326353,0.0007294842755583137,0.010093679469943766,0.01295320528470894,862287,0.010342403129198284,True,0.00746115646659985,False
7,visit,ipw_hajek_lgbm,0.007686234875200849,0.0007903547619644274,0.006137168006740844,0.009235301743660855,862287,0.010342403129198284,False,0.00746115646659985,True
7,visit,aipw_lgbm,0.00804433085800628,0.0006614395015549999,0.006747933257006355,0.009340728459006204,862287,0.010342403129198284,False,0.00746115646659985,True
7,conversion,naive_dim,0.0017631069002033075,0.00012920454134816706,0.0015098706525218837,0.0020163431478847312,862287,0.0011518730521316279,False,0.0009995824385001337,False
7,conversion,lin,0.0008069413211651087,0.00018191734116114808,0.00045038988432597246,0.0011634927580042448,862287,0.0011518730521316279,True,0.0009995824385001337,True
7,conversion,ipw_hajek_known_selection,0.001023948102462655,0.00017864674903218325,0.00067380690840441,0.0013740892965208998,862287,0.0011518730521316279,True,0.0009995824385001337,True
7,conversion,ipw_hajek_lgbm,0.0006344624810077372,0.00020689312265115734,0.00022895941196244082,0.0010399655500530336,862287,0.0011518730521316279,False,0.0009995824385001337,True
7,conversion,aipw_lgbm,0.0007312102389001242,0.00019491953938247892,0.0003491749618273289,0.0011132455159729195,862287,0.0011518730521316279,False,0.0009995824385001337,True
8,visit,naive_dim,0.021963936364820698,0.0005390282078168861,0.02090746049084843,0.023020412238792965,862729,0.010342403129198284,False,0.00746115646659985,False
8,visit,lin,0.00803955235816326,0.0006528574174175684,0.006759975332984993,0.009319129383341526,862729,0.010342403129198284,False,0.00746115646659985,True
8,visit,ipw_hajek_known_selection,0.010531679992761452,0.0007345856156099023,0.009091918642604859,0.011971441342918044,862729,0.010342403129198284,True,0.00746115646659985,False
8,visit,ipw_hajek_lgbm,0.008525501976143518,0.0007568085092305194,0.007042184554858251,0.010008819397428785,862729,0.010342403129198284,False,0.00746115646659985,True
8,visit,aipw_lgbm,0.007904412249790526,0.0006282921855764549,0.006672982194292718,0.009135842305288334,862729,0.010342403129198284,False,0.00746115646659985,True
8,conversion,naive_dim,0.0018335481000638066,0.00012373941285565907,0.0015910233073985823,0.002076072892729031,862729,0.0011518730521316279,False,0.0009995824385001337,False
8,conversion,lin,0.0010263336156988712,0.0001628261895378273,0.0007072001484648371,0.0013454670829329053,862729,0.0011518730521316279,True,0.0009995824385001337,True
8,conversion,ipw_hajek_known_selection,0.0011928137360955242,0.00016628257742270852,0.0008669058730905224,0.001518721599100526,862729,0.0011518730521316279,True,0.0009995824385001337,True
8,conversion,ipw_hajek_lgbm,0.0009975236180037599,0.00018119490406079696,0.0006423881318624075,0.0013526591041451122,862729,0.0011518730521316279,True,0.0009995824385001337,True
8,conversion,aipw_lgbm,0.0010135430653339,0.0001655582157580316,0.0006890549251034465,0.0013380312055643535,862729,0.0011518730521316279,True,0.0009995824385001337,True
9,visit,naive_dim,0.021336878706682307,0.0005419408451308843,0.020274694168474574,0.02239906324489004,862564,0.010342403129198284,False,0.00746115646659985,False
9,visit,lin,0.0074113992843762065,0.0006537214156419914,0.006130128853795365,0.008692669714957049,862564,0.010342403129198284,False,0.00746115646659985,True
9,visit,ipw_hajek_known_selection,0.009658037248244523,0.0007428428389356406,0.00820209203775718,0.011113982458731866,862564,0.010342403129198284,True,0.00746115646659985,False
9,visit,ipw_hajek_lgbm,0.007615011246392876,0.0007685525864277454,0.006108675856769388,0.009121346636016364,862564,0.010342403129198284,False,0.00746115646659985,True
9,visit,aipw_lgbm,0.00776057393683204,0.0006413207024502036,0.006503608457489712,0.009017539416174367,862564,0.010342403129198284,False,0.00746115646659985,True
9,conversion,naive_dim,0.0017032604709362378,0.00012681709928533873,0.0014547035237131335,0.001951817418159342,862564,0.0011518730521316279,False,0.0009995824385001337,False
9,conversion,lin,0.0008984579342905708,0.0001684998957148221,0.0005682042072907645,0.001228711661290377,862564,0.0011518730521316279,True,0.0009995824385001337,True
9,conversion,ipw_hajek_known_selection,0.0011163800732503662,0.00016371724701434232,0.0007955001654542076,0.0014372599810465248,862564,0.0011518730521316279,True,0.0009995824385001337,True
9,conversion,ipw_hajek_lgbm,0.0008904463330966371,0.00018126170586241853,0.000535179917830004,0.0012457127483632702,862564,0.0011518730521316279,True,0.0009995824385001337,True
9,conversion,aipw_lgbm,0.0009650989382642496,0.00016898845051182643,0.0006338876614578405,0.0012963102150706585,862564,0.0011518730521316279,True,0.0009995824385001337,True
10,visit,naive_dim,0.021794494251844817,0.0005401162324751264,0.020735885888728108,0.022853102614961526,863461,0.010342403129198284,False,0.00746115646659985,False
10,visit,lin,0.006767494947478003,0.0006615545497326022,0.005470871856193491,0.008064118038762516,863461,0.010342403129198284,False,0.00746115646659985,True
10,visit,ipw_hajek_known_selection,0.009561257165245647,0.0007492582495721129,0.008092737980964783,0.011029776349526512,863461,0.010342403129198284,True,0.00746115646659985,False
10,visit,ipw_hajek_lgbm,0.007155656731153058,0.0007767888563700465,0.00563317854907571,0.008678134913230407,863461,0.010342403129198284,False,0.00746115646659985,True
10,visit,aipw_lgbm,0.007008435689269414,0.0006370973525957427,0.005759747823535942,0.008257123555002886,863461,0.010342403129198284,False,0.00746115646659985,True
10,conversion,naive_dim,0.0015816699907736857,0.00012659108348948102,0.0013335560263703999,0.0018297839551769716,863461,0.0011518730521316279,False,0.0009995824385001337,False
10,conversion,lin,0.0008105500352833616,0.0001709394455573852,0.0004755148784536412,0.001145585192113082,863461,0.0011518730521316279,False,0.0009995824385001337,True
10,conversion,ipw_hajek_known_selection,0.0009536070761479343,0.00016958314753682524,0.0006212302145908145,0.001285983937705054,863461,0.0011518730521316279,True,0.0009995824385001337,True
10,conversion,ipw_hajek_lgbm,0.0007584302571461837,0.00018190835797390756,0.00040189642703050536,0.0011149640872618622,863461,0.0011518730521316279,False,0.0009995824385001337,True
10,conversion,aipw_lgbm,0.0008195874669694584,0.00017081271490403054,0.00048480069765605046,0.0011543742362828664,863461,0.0011518730521316279,True,0.0009995824385001337,True
11,visit,naive_dim,0.021745303275574987,0.0005396510102754128,0.020687606731214524,0.02280299981993545,862210,0.010342403129198284,False,0.00746115646659985,False
11,visit,lin,0.007734208480301364,0.0006586534527235518,0.006443271434670247,0.00902514552593248,862210,0.010342403129198284,False,0.00746115646659985,True
11,visit,ipw_hajek_known_selection,0.010427683468354418,0.0007337510373984773,0.0089895578614345,0.011865809075274335,862210,0.010342403129198284,True,0.00746115646659985,False
11,visit,ipw_hajek_lgbm,0.008204276953424253,0.0007620877899211348,0.006710612332121102,0.009697941574727404,862210,0.010342403129198284,False,0.00746115646659985,True
11,visit,aipw_lgbm,0.007973989766698877,0.0006447546196288249,0.006710293933360558,0.009237685600037196,862210,0.010342403129198284,False,0.00746115646659985,True
11,conversion,naive_dim,0.0018265691485334075,0.0001240331603988503,0.0015834686212629811,0.0020696696758038336,862210,0.0011518730521316279,False,0.0009995824385001337,False
11,conversion,lin,0.0011422026949645882,0.00015808820908283828,0.0008323554987817873,0.0014520498911473891,862210,0.0011518730521316279,True,0.0009995824385001337,True
11,conversion,ipw_hajek_known_selection,0.0012169358382714704,0.00016308532313553503,0.0008972944785187449,0.001536577198024196,862210,0.0011518730521316279,True,0.0009995824385001337,True
11,conversion,ipw_hajek_lgbm,0.0011751461126297883,0.00016545413687578855,0.0008508619632600822,0.0014994302619994943,862210,0.0011518730521316279,True,0.0009995824385001337,True
11,conversion,aipw_lgbm,0.0011814804776428935,0.00015404495120182647,0.0008795579212870835,0.0014834030339987035,862210,0.0011518730521316279,True,0.0009995824385001337,True
12,visit,naive_dim,0.021926915716516615,0.0005377584810072432,0.02087292846136145,0.02298090297167178,861561,0.010342403129198284,False,0.00746115646659985,False
12,visit,lin,0.007681230661214676,0.0006553707398019887,0.006396727614681407,0.008965733707747944,861561,0.010342403129198284,False,0.00746115646659985,True
12,visit,ipw_hajek_known_selection,0.010447949487874898,0.0007349034718859564,0.009007565150864979,0.011888333824884818,861561,0.010342403129198284,True,0.00746115646659985,False
12,visit,ipw_hajek_lgbm,0.007802937166162462,0.0007725096279179009,0.006288846117732938,0.009317028214591985,861561,0.010342403129198284,False,0.00746115646659985,True
12,visit,aipw_lgbm,0.0076868470178822895,0.00063842558502805,0.006435555864418398,0.008938138171346182,861561,0.010342403129198284,False,0.00746115646659985,True
12,conversion,naive_dim,0.001509296388038573,0.00013225628337957895,0.001250078835885475,0.0017685139401916712,861561,0.0011518730521316279,False,0.0009995824385001337,False
12,conversion,lin,0.0007690872064662798,0.00017051878684212779,0.0004348765255682469,0.0011032978873643127,861561,0.0011518730521316279,False,0.0009995824385001337,True
12,conversion,ipw_hajek_known_selection,0.0009045809178442384,0.00016860484148960265,0.0005741215009055326,0.0012350403347829442,861561,0.0011518730521316279,True,0.0009995824385001337,True
12,conversion,ipw_hajek_lgbm,0.0006762828265482711,0.00018894216247701814,0.00030596299293220034,0.0010466026601643418,861561,0.0011518730521316279,False,0.0009995824385001337,True
12,conversion,aipw_lgbm,0.0007323979979050304,0.00017993001963723595,0.00037974163967846326,0.0010850543561315975,861561,0.0011518730521316279,False,0.0009995824385001337,True
13,visit,naive_dim,0.021882341186149127,0.0005382463700643615,0.02082739768601356,0.022937284686284694,863509,0.010342403129198284,False,0.00746115646659985,False
13,visit,lin,0.007524068075622832,0.0006504787285986442,0.006249153194860085,0.008798982956385579,863509,0.010342403129198284,False,0.00746115646659985,True
13,visit,ipw_hajek_known_selection,0.009774487543264987,0.0007444179768862587,0.00831545511912375,0.011233519967406224,863509,0.010342403129198284,True,0.00746115646659985,False
13,visit,ipw_hajek_lgbm,0.00781125334899694,0.0007648422585915796,0.006312190068303173,0.009310316629690707,863509,0.010342403129198284,False,0.00746115646659985,True
13,visit,aipw_lgbm,0.007455951438211773,0.0006257849965876368,0.006229435382834484,0.008682467493589061,863509,0.010342403129198284,False,0.00746115646659985,True
13,conversion,naive_dim,0.001827518589304837,0.00012665174074151042,0.0015792857388721721,0.0020757514397375014,863509,0.0011518730521316279,False,0.0009995824385001337,False
13,conversion,lin,0.0010063383983997662,0.00017113871004760433,0.0006709126903458186,0.0013417641064537137,863509,0.0011518730521316279,True,0.0009995824385001337,True
13,conversion,ipw_hajek_known_selection,0.001185112742667998,0.00016832918804205623,0.0008551935965586974,0.0015150318887772985,863509,0.0011518730521316279,True,0.0009995824385001337,True
13,conversion,ipw_hajek_lgbm,0.0010363571296094867,0.0001764575261577876,0.0006905067335391885,0.0013822075256797847,863509,0.0011518730521316279,True,0.0009995824385001337,True
13,conversion,aipw_lgbm,0.0010285565539329344,0.00016475413335767744,0.0007056443862477775,0.0013514687216180912,863509,0.0011518730521316279,True,0.0009995824385001337,True
14,visit,naive_dim,0.021559029786355374,0.0005415071105636492,0.020497695352278272,0.022620364220432475,862670,0.010342403129198284,False,0.00746115646659985,False
14,visit,lin,0.007609064024119136,0.0006521177879583663,0.00633093664604281,0.008887191402195462,862670,0.010342403129198284,False,0.00746115646659985,True
14,visit,ipw_hajek_known_selection,0.010085668011882182,0.0007386427065117276,0.008637954909676006,0.011533381114088357,862670,0.010342403129198284,True,0.00746115646659985,False
14,visit,ipw_hajek_lgbm,0.007989309533852386,0.0007662328114053771,0.0064875208197249755,0.009491098247979796,862670,0.010342403129198284,False,0.00746115646659985,True
14,visit,aipw_lgbm,0.007703221071320329,0.0006346846412982649,0.006459262032835007,0.008947180109805651,862670,0.010342403129198284,False,0.00746115646659985,True
14,conversion,naive_dim,0.0019256628957398843,0.00011988909489364548,0.0016906845876092343,0.002160641203870534,862670,0.0011518730521316279,False,0.0009995824385001337,False
14,conversion,lin,0.0011759777843528614,0.00016094357750288574,0.0008605341689041745,0.0014914213998015484,862670,0.0011518730521316279,True,0.0009995824385001337,True
14,conversion,ipw_hajek_known_selection,0.0013786165950533226,0.00015559360250555428,0.0010736587379175952,0.00168357445218905,862670,0.0011518730521316279,True,0.0009995824385001337,False
14,conversion,ipw_hajek_lgbm,0.0011594590239847353,0.00017281600175540906,0.0008207458845919228,0.0014981721633775477,862670,0.0011518730521316279,True,0.0009995824385001337,True
14,conversion,aipw_lgbm,0.0011487986182067355,0.00016186414242872288,0.000831550728657977,0.001466046507755494,862670,0.0011518730521316279,True,0.0009995824385001337,True
15,visit,naive_dim,0.021702321200202424,0.0005396153985413559,0.02064469445355814,0.022759947946846708,863137,0.010342403129198284,False,0.00746115646659985,False
15,visit,lin,0.006994447871629537,0.0006570131737152759,0.005706725713779238,0.008282170029479835,863137,0.010342403129198284,False,0.00746115646659985,True
15,visit,ipw_hajek_known_selection,0.009825362549118637,0.000741226734958861,0.008372584844221053,0.01127814025401622,863137,0.010342403129198284,True,0.00746115646659985,False
15,visit,ipw_hajek_lgbm,0.007511930384037968,0.0007698178916134044,0.006003115041821137,0.0090207457262548,863137,0.010342403129198284,False,0.00746115646659985,True
15,visit,aipw_lgbm,0.00687526185089998,0.0006377157071374173,0.00562536203253515,0.00812516166926481,863137,0.010342403129198284,False,0.00746115646659985,True
15,conversion,naive_dim,0.0017336850512916313,0.0001302751611472739,0.0014783504273628227,0.0019890196752204397,863137,0.0011518730521316279,False,0.0009995824385001337,False
15,conversion,lin,0.0009380999187144765,0.00017277767570296815,0.0005994618970041178,0.0012767379404248352,863137,0.0011518730521316279,True,0.0009995824385001337,True
15,conversion,ipw_hajek_known_selection,0.001010560541274564,0.00017759447437073754,0.0006624817676545967,0.0013586393148945313,863137,0.0011518730521316279,True,0.0009995824385001337,True
15,conversion,ipw_hajek_lgbm,0.0009628652073340785,0.00017955204330790536,0.000610949669100008,0.001314780745568149,863137,0.0011518730521316279,True,0.0009995824385001337,True
15,conversion,aipw_lgbm,0.0009745587353712799,0.00016987580847594493,0.0006416082689138038,0.001307509201828756,863137,0.0011518730521316279,True,0.0009995824385001337,True
