estimator,label,outcome,estimate,se,ci_low,ci_high,n,sample,se_method
dim,Difference in means,visit,0.010342403129198284,0.00014631645066032718,0.010055628155558312,0.010629178102838257,13979592,"all rows (n=13,979,592)",Neyman sqrt(s1^2/n1 + s0^2/n0)
ipw_ht_design,"IPW Horvitz-Thompson, design e = 0.85",visit,0.010342443274088543,0.00014931527648908072,0.010049790709828305,0.010635095838348782,13979592,"all rows (n=13,979,592)","influence function, e fixed"
ipw_hajek_design,"IPW Hajek, design e = 0.85",visit,0.010342403129198312,0.0001463164262218645,0.010055628203456846,0.010629178054939778,13979592,"all rows (n=13,979,592)","linearized influence function, e fixed"
lin,Lin regression adjustment,visit,0.00751850983979689,0.0001298460221330939,0.007264016312880235,0.007773003366713545,13979592,"all rows (n=13,979,592)",HC2 sandwich (HC0/HC1 also reported)
ipw_ht_logistic,"IPW Horvitz-Thompson, logistic e",visit,0.0077163086382980575,0.00015660978867633937,0.007409359092866004,0.008023258183730111,13979592,"all rows (n=13,979,592)","influence function, e treated as fixed (conservative)"
ipw_hajek_logistic,"IPW Hajek, logistic e",visit,0.007685948647575838,0.00015323105679557636,0.007385621294943497,0.00798627600020818,13979592,"all rows (n=13,979,592)","linearized influence function, e treated as fixed (conservative)"
ipw_ht_lgbm,"IPW Horvitz-Thompson, LightGBM e",visit,0.007621482882970201,0.00015758205301492,0.007312627734451077,0.007930338031489325,13979592,"all rows (n=13,979,592)","influence function, e treated as fixed (conservative)"
ipw_hajek_lgbm,"IPW Hajek, LightGBM e",visit,0.007609215699114366,0.00015413708807558702,0.007307112557804338,0.007911318840424396,13979592,"all rows (n=13,979,592)","linearized influence function, e treated as fixed (conservative)"
ipw_hajek_lgbm_overfit,"IPW Hajek, LightGBM e without early stopping",visit,0.0073077826514382285,0.0001561216822331483,0.007001789777055451,0.007613775525821006,13979592,"all rows (n=13,979,592)","linearized influence function, e treated as fixed"
aipw_lgbm,"AIPW, LightGBM mu + LightGBM e",visit,0.00746115646659985,0.00012760940915320182,0.007211046620571138,0.0077112663126285615,13979592,"all rows (n=13,979,592)",efficient influence function
aipw_design,"AIPW, LightGBM mu + design e",visit,0.007415184182148911,0.00012137529011951674,0.007177292984901558,0.007653075379396265,13979592,"all rows (n=13,979,592)",efficient influence function
g_comp_s_lgbm,g-computation (S-learner LightGBM),visit,0.007326539809052517,,,,13979592,"all rows (n=13,979,592)",none (plug-in ML estimator; fold spread reported as descriptive only)
dim,Difference in means,conversion,0.0011518730521316279,3.4371690289992735e-05,0.001084505777075477,0.0012192403271877787,13979592,"all rows (n=13,979,592)",Neyman sqrt(s1^2/n1 + s0^2/n0)
ipw_ht_design,"IPW Horvitz-Thompson, design e = 0.85",conversion,0.0011518751833414892,3.4407991781068585e-05,0.0010844367586702447,0.0012193136080127338,13979592,"all rows (n=13,979,592)","influence function, e fixed"
ipw_hajek_design,"IPW Hajek, design e = 0.85",conversion,0.0011518730521316292,3.4371684804427256e-05,0.0010845057878269891,0.0012192403164362692,13979592,"all rows (n=13,979,592)","linearized influence function, e fixed"
lin,Lin regression adjustment,conversion,0.0009895980828081227,3.402981584090045e-05,0.0009229008693594273,0.0010562952962568182,13979592,"all rows (n=13,979,592)",HC2 sandwich (HC0/HC1 also reported)
ipw_ht_logistic,"IPW Horvitz-Thompson, logistic e",conversion,0.0009693107437379337,3.694076305127812e-05,0.0008969081785960006,0.0010417133088798667,13979592,"all rows (n=13,979,592)","influence function, e treated as fixed (conservative)"
ipw_hajek_logistic,"IPW Hajek, logistic e",conversion,0.0009676104490063601,3.690961998332044e-05,0.0008952689231559922,0.001039951974856728,13979592,"all rows (n=13,979,592)","linearized influence function, e treated as fixed (conservative)"
ipw_ht_lgbm,"IPW Horvitz-Thompson, LightGBM e",conversion,0.0010075924277146945,3.654527184965584e-05,0.0009359650110841436,0.0010792198443452454,13979592,"all rows (n=13,979,592)","influence function, e treated as fixed (conservative)"
ipw_hajek_lgbm,"IPW Hajek, LightGBM e",conversion,0.0010069818211475962,3.6512355048490525e-05,0.0009354189202618156,0.001078544722033377,13979592,"all rows (n=13,979,592)","linearized influence function, e treated as fixed (conservative)"
ipw_hajek_lgbm_overfit,"IPW Hajek, LightGBM e without early stopping",conversion,0.0009726795941036159,3.7980550002716635e-05,0.0008982390839852686,0.0010471201042219632,13979592,"all rows (n=13,979,592)","linearized influence function, e treated as fixed"
aipw_lgbm,"AIPW, LightGBM mu + LightGBM e",conversion,0.0009995824385001337,3.444580930950269e-05,0.000932069892835174,0.0010670949841650936,13979592,"all rows (n=13,979,592)",efficient influence function
aipw_design,"AIPW, LightGBM mu + design e",conversion,0.0010012202554268463,3.247823289478186e-05,0.0009375640886715698,0.0010648764221821228,13979592,"all rows (n=13,979,592)",efficient influence function
g_comp_s_lgbm,g-computation (S-learner LightGBM),conversion,0.0009772411158589765,,,,13979592,"all rows (n=13,979,592)",none (plug-in ML estimator; fold spread reported as descriptive only)
