feature_a,feature_b,agreement,jaccard
f2,f8,1.0,1.0
f0,f6,1.0,1.0
f5,f7,1.0,1.0
f4,f10,1.0,1.0
f1,f11,0.9764379389613087,0.97639999891095
f10,f11,0.9710641769802724,0.9706391121683162
f4,f11,0.9710641769802724,0.9706391121683162
f1,f7,0.9592625450013134,0.9587552313421799
f1,f5,0.9592625450013134,0.9587552313421799
f1,f4,0.949959841460323,0.9498174992013954
f1,f10,0.949959841460323,0.9498174992013954
f5,f11,0.9384227379454279,0.9382393857408009
f7,f11,0.9384227379454279,0.9382393857408009
f4,f5,0.9197351396235313,0.9190802668626888
f5,f10,0.9197351396235313,0.9190802668626888
f7,f10,0.9197351396235313,0.9190802668626888
f4,f7,0.9197351396235313,0.9190802668626888
f1,f3,0.830043180087087,0.8280031493185573
f3,f11,0.8205676531904508,0.8190820117367756
f3,f5,0.8224946765256096,0.8172957659950472
f3,f7,0.8224946765256096,0.8172957659950472
f3,f10,0.8131955496269133,0.8095787756661589
f3,f4,0.8131955496269133,0.8095787756661589
f4,f9,0.8128902474406978,0.8069705319376448
f9,f10,0.8128902474406978,0.8069705319376448
f9,f11,0.8094457263130426,0.8066465000232994
f1,f9,0.8009218723979927,0.7990882041327738
f7,f9,0.7830139820961871,0.7784632822661866
f5,f9,0.7830139820961871,0.7784632822661866
f3,f9,0.7553168933685618,0.7366553878489024
f2,f9,0.7274665812850618,0.6571770760082369
f8,f9,0.7274665812850618,0.6571770760082369
f2,f10,0.565848130617832,0.5461448870253902
f8,f10,0.565848130617832,0.5461448870253902
f4,f8,0.565848130617832,0.5461448870253902
f2,f4,0.565848130617832,0.5461448870253902
f2,f11,0.5369123075981045,0.5301095882575901
f8,f11,0.5369123075981045,0.5301095882575901
f1,f8,0.5306569032915982,0.5257910655480124
f1,f2,0.5306569032915982,0.5257910655480124
f2,f7,0.5403601192366702,0.5234515645624626
f5,f8,0.5403601192366702,0.5234515645624626
f7,f8,0.5403601192366702,0.5234515645624626
f2,f5,0.5403601192366702,0.5234515645624626
f2,f3,0.5580194328990431,0.504238523650601
f3,f8,0.5580194328990431,0.504238523650601
f0,f3,0.44644664880062307,0.3237982015895673
f3,f6,0.44644664880062307,0.3237982015895673
f5,f6,0.3140639583758954,0.277188536452994
f0,f7,0.3140639583758954,0.277188536452994
f0,f5,0.3140639583758954,0.277188536452994
f6,f7,0.3140639583758954,0.277188536452994
f0,f1,0.2766277442145665,0.2678938504800396
f1,f6,0.2766277442145665,0.2678938504800396
f6,f11,0.27071784355366024,0.2633041376310806
f0,f11,0.27071784355366024,0.2633041376310806
f6,f10,0.28153396751493176,0.25935961748097547
f0,f4,0.28153396751493176,0.25935961748097547
f4,f6,0.28153396751493176,0.25935961748097547
f0,f10,0.28153396751493176,0.25935961748097547
f6,f9,0.26665256038945917,0.1821635531214867
f0,f9,0.26665256038945917,0.1821635531214867
f6,f8,0.21541730259366654,0.0018577502420699347
f0,f8,0.21541730259366654,0.0018577502420699347
f0,f2,0.21541730259366654,0.0018577502420699347
f2,f6,0.21541730259366654,0.0018577502420699347
