metric,value
rows,13979592
n_features,12
n_continuous_features,4
n_categorical_features,8
feature_dtypes,float64
label_dtypes,int8
missing_values_total,0
duplicate_rows_features_and_labels,1259545
duplicate_rows_features_only,1626259
control_exposed,0
conversion_without_visit,0
treatment_share,0.8500001287591226
exposure_rate_overall,0.03063122299992732
visit_rate_overall,0.046992000911042324
conversion_rate_overall,0.002916680257907384
exposure_rate_treated,0.036036727482199896
exposure_rate_control,0.0
visit_rate_treated,0.048543360048743316
visit_rate_control,0.03820095691954503
conversion_rate_treated,0.0030894610674129645
conversion_rate_control,0.0019375880152813366
conversions,40774
conversions_control,4063
visits,656929
