,f0,f1 (freq),f2,f3 (freq),f4 (freq),f5 (freq),f6 (freq),f7,f8 (freq),f9 (freq),f10,f11 (freq),treatment,exposure,visit,conversion
f0,1.0,0.0672345287447646,-0.59295123341104,0.239076481800491,0.10545010648693509,0.025052559889955493,-0.47584974383095585,-0.021589083077679087,0.5656263445252236,0.35833321002221324,-0.10484740119996758,0.0777509504419771,-0.0006872849651120698,-0.08834346141547957,-0.11770784094873629,-0.029500449863345525
f1 (freq),0.0672345287447646,1.0,-0.0312152467768174,0.25160583795778807,0.10489238550178329,0.4785690241711123,0.14029660399148183,-0.4528213493994996,0.11523046135359216,0.1576112195814155,-0.10172803633339836,0.10974288839599956,-0.008003411347615931,-0.1916632097223358,-0.11444175750000612,-0.07031666124318728
f2,-0.59295123341104,-0.0312152467768174,1.0,-0.04113471815132648,-0.13539198393632074,-0.057904067001352935,0.337585980281526,0.05725930009673233,-0.8185993914288922,-0.23091319478782288,0.13724121651437157,-0.04184656265674289,0.00012272567342611263,0.05600166325951644,0.08873812447534839,0.017733033170740826
f3 (freq),0.239076481800491,0.25160583795778807,-0.04113471815132648,1.0,0.15456292600556856,0.23881969301316786,0.4164803482831078,-0.2321856577915686,0.19620921823386184,0.24464867691550127,-0.15175534325323714,0.1345850180211152,-0.01102186533476641,-0.31377242935049876,-0.18494157761838445,-0.0777694396169637
f4 (freq),0.10545010648693509,0.10489238550178329,-0.13539198393632074,0.15456292600556856,1.0,0.1312869827832079,0.07748713576380206,-0.12732202204740975,0.3334209544509497,0.29720698812594065,-0.9992335166516872,0.5752896914234564,-0.004958302355687425,-0.1424130737012853,-0.27247132238294836,-0.19033055870570656
f5 (freq),0.025052559889955493,0.4785690241711123,-0.057904067001352935,0.23881969301316786,0.1312869827832079,1.0,0.27169951844466245,-0.9989158552531706,0.13965143121638046,0.11741649935368535,-0.12918325237837142,0.08468189953108768,-0.009597103861073604,-0.20442838606101343,-0.1232068154855469,-0.0679593714820152
f6 (freq),-0.47584974383095585,0.14029660399148183,0.337585980281526,0.4164803482831078,0.07748713576380206,0.27169951844466245,1.0,-0.26995808150465106,-0.1930187859817568,-0.06990037137436822,-0.07609897506162115,0.04727939204216362,-0.00967994494486978,-0.19836376304117592,-0.08125093142296308,-0.04567620417152157
f7,-0.021589083077679087,-0.4528213493994996,0.05725930009673233,-0.2321856577915686,-0.12732202204740975,-0.9989158552531706,-0.26995808150465106,1.0,-0.13607760420766496,-0.11249958902156754,0.1253599419470258,-0.08077043931070792,0.009326383253595742,0.19821714947396823,0.1194837704226683,0.06513627984700389
f8 (freq),0.5656263445252236,0.11523046135359216,-0.8185993914288922,0.19620921823386184,0.3334209544509497,0.13965143121638046,-0.1930187859817568,-0.13607760420766496,1.0,0.6285824833773853,-0.3325559089027598,0.19711714269312341,-0.0054263791784763685,-0.16404729227016018,-0.33648898612152806,-0.08722403501593098
f9 (freq),0.35833321002221324,0.1576112195814155,-0.23091319478782288,0.24464867691550127,0.29720698812594065,0.11741649935368535,-0.06990037137436822,-0.11249958902156754,0.6285824833773853,1.0,-0.29267901594609774,0.2765752654243172,-0.00653896221729141,-0.18487450135345893,-0.4097616419798335,-0.11003005235907558
f10,-0.10484740119996758,-0.10172803633339836,0.13724121651437157,-0.15175534325323714,-0.9992335166516872,-0.12918325237837142,-0.07609897506162115,0.1253599419470258,-0.3325559089027598,-0.29267901594609774,1.0,-0.5532465854345189,0.005016036457271363,0.13906373493673269,0.2676714887300497,0.1811879402649638
f11 (freq),0.0777509504419771,0.10974288839599956,-0.04184656265674289,0.1345850180211152,0.5752896914234564,0.08468189953108768,0.04727939204216362,-0.08077043931070792,0.19711714269312341,0.2765752654243172,-0.5532465854345189,1.0,-0.0017451353793584224,-0.12757089356960616,-0.2315452522413015,-0.2377307206557773
treatment,-0.0006872849651120698,-0.008003411347615931,0.00012272567342611263,-0.01102186533476641,-0.004958302355687425,-0.009597103861073604,-0.00967994494486978,0.009326383253595742,-0.0054263791784763685,-0.00653896221729141,0.005016036457271363,-0.0017451353793584224,1.0,0.07451777880937746,0.018562088186119624,0.007632401833299688
exposure,-0.08834346141547957,-0.1916632097223358,0.05600166325951644,-0.31377242935049876,-0.1424130737012853,-0.20442838606101343,-0.19836376304117592,0.19821714947396823,-0.16404729227016018,-0.18487450135345893,0.13906373493673269,-0.12757089356960616,0.07451777880937746,1.0,0.31209421503790263,0.17043396543451828
visit,-0.11770784094873629,-0.11444175750000612,0.08873812447534839,-0.18494157761838445,-0.27247132238294836,-0.1232068154855469,-0.08125093142296308,0.1194837704226683,-0.33648898612152806,-0.4097616419798335,0.2676714887300497,-0.2315452522413015,0.018562088186119624,0.31209421503790263,1.0,0.24435667055400095
conversion,-0.029500449863345525,-0.07031666124318728,0.017733033170740826,-0.0777694396169637,-0.19033055870570656,-0.0679593714820152,-0.04567620417152157,0.06513627984700389,-0.08722403501593098,-0.11003005235907558,0.1811879402649638,-0.2377307206557773,0.007632401833299688,0.17043396543451828,0.24435667055400095,1.0
