bin,treatment,n,visit_count,visit_rate,visit_ci_low,visit_ci_high,conversion_count,conversion_rate,conversion_ci_low,conversion_ci_high,feature,type,bin_label,arm
0,0,571784,29526,0.05163838092706337,0.05106779214837892,0.05221499418745787,851,0.001488324262308844,0.0013916964949653929,0.0015916503605195474,f0,continuous,mode,control
0,1,3133761,167136,0.05333399707252723,0.053085764073340196,0.05358332514370829,5859,0.0018696384312651795,0.0018224165927182982,0.0019180815147797675,f0,continuous,mode,treatment
1,0,135317,13525,0.0999504866350865,0.09836374897590008,0.10155993733263807,1441,0.010649068483634724,0.010115897752018583,0.011210022392358293,f0,continuous,12.6-14.8,control
1,1,892086,147493,0.1653349564952258,0.16456552429972213,0.16610727091609204,15452,0.017321199973993538,0.017052539108922193,0.017594017798706726,f0,continuous,12.6-14.8,treatment
2,0,148883,12616,0.08473767992316114,0.0833337622281938,0.08616302614850405,804,0.0054002135905375365,0.005040493440960898,0.005785456273786051,f0,continuous,14.8-18.8,control
2,1,878521,101279,0.11528352765614026,0.11461739186047566,0.11595302789277774,7693,0.008756762786546935,0.008564079218315312,0.008953742398732343,f0,continuous,14.8-18.8,treatment
3,0,153522,9036,0.058858013835150665,0.05769169858908232,0.060046405218471606,432,0.0028139289482940555,0.0025611042156426875,0.0030916344410835163,f0,continuous,18.8-21.8,control
3,1,873885,64782,0.07413103554815564,0.07358362313101374,0.07468219205267423,3791,0.004338099406672503,0.004202468487790079,0.004478088007424255,f0,continuous,18.8-21.8,treatment
4,0,154978,2153,0.013892294390171507,0.013321502875552031,0.014487183730909776,82,0.0005291073571732762,0.0004263308511625511,0.0006566441428162776,f0,continuous,21.8-22.4,control
4,1,872420,14282,0.016370555466403796,0.016106400609304166,0.016638969360240768,664,0.0007611013044175971,0.0007053895829815847,0.0008212095257654434,f0,continuous,21.8-22.4,treatment
5,0,154030,2750,0.017853664870479777,0.017204290061171145,0.018527088230086284,107,0.0006946698695059404,0.0005749576518774054,0.000839286495756423,f0,continuous,22.4-23.1,control
5,1,873378,18099,0.0207229859236207,0.02042632480059442,0.021023863124485752,771,0.0008827792777010642,0.0008226513595956059,0.0009472978028905934,f0,continuous,22.4-23.1,treatment
6,0,155595,3068,0.01971785725762396,0.019038816015160224,0.020420613124905746,115,0.0007390983000739098,0.0006158311560936434,0.0008870171725205539,f0,continuous,23.1-24.1,control
6,1,871810,18949,0.021735240476709376,0.021431252355083984,0.022043443338435758,852,0.0009772771590140054,0.0009138498819903105,0.0010451021070753074,f0,continuous,23.1-24.1,treatment
7,0,155261,1675,0.010788285532104005,0.010286401468775078,0.011314377093255005,64,0.0004122091188386008,0.00032284849940050856,0.0005262906719788736,f0,continuous,24.1-24.6,control
7,1,872141,10723,0.012295030276067745,0.012065891579453673,0.012528465274095945,440,0.0005045055787997583,0.0004595265340098747,0.0005538847903549048,f0,continuous,24.1-24.6,treatment
8,0,157114,3082,0.019616329544152652,0.01894226133645613,0.02031388807059408,87,0.0005537380500782871,0.0004489866483108553,0.0006829119137458602,f0,continuous,24.6-25.6,control
8,1,870296,18534,0.02129620267127506,0.020994995748880727,0.021601635541640764,608,0.0006986128857308318,0.0006452619001741778,0.0007563716526666019,f0,continuous,24.6-25.6,treatment
9,0,155057,1462,0.00942879070277382,0.008959765302718505,0.009922122808266869,42,0.00027086813236422734,0.0002004117321773029,0.0003660849925552406,f0,continuous,25.6-26.2,control
9,1,872342,8508,0.009753055567655804,0.009548975963857759,0.009961452870603668,305,0.00034963351529560655,0.0003125406745990674,0.00039112687288894417,f0,continuous,25.6-26.2,treatment
10,0,155396,1212,0.007799428556719607,0.007374051493825014,0.008249139855852431,38,0.0002445365389070504,0.0001781754618546926,0.0003356053636029142,f0,continuous,26.2-26.7,control
10,1,872015,7039,0.008072108851338567,0.007886453413510392,0.008262098417391393,276,0.00031650831694408926,0.0002813103274727988,0.00035610876531975353,f0,continuous,26.2-26.7,treatment
0,0,2075890,76385,0.036796265698086125,0.036541023257440554,0.03705322246345811,3441,0.001657602281431097,0.0016031785315895153,0.0017138704047769582,f1,categorical,L1,control
0,1,11731752,535963,0.04568482184076172,0.045565489614790754,0.04580445158963923,30915,0.002635156283562762,0.0026059829659787746,0.002664655316511408,f1,categorical,L1,treatment
1,0,15407,2407,0.1562276887129227,0.1505804714471422,0.1620462901540622,335,0.021743363406243915,0.019556861618123443,0.024168295156817482,f1,categorical,L2,control
1,1,107829,25845,0.23968505689564032,0.23714636994069935,0.24224229087430463,3059,0.028368991644177353,0.02739471562510722,0.02937687061894542,f1,categorical,L2,treatment
2,0,3183,659,0.20703738611372918,0.19331854066972237,0.22146251320480825,111,0.034872761545711596,0.029039332678370375,0.04182753087256004,f1,categorical,L3,control
2,1,23585,7357,0.31193555225779096,0.3060539992054678,0.3178783581556937,1127,0.047784608861564555,0.04513514187827439,0.05058136301079502,f1,categorical,L3,treatment
3,0,1079,259,0.24003707136237257,0.21550353989706972,0.2664150776159904,62,0.057460611677479144,0.0450807382301269,0.0729803664489683,f1,categorical,L4,control
3,1,8461,3029,0.3579955088051058,0.34784690971512555,0.36827299498834887,537,0.06346767521569555,0.0584683086628667,0.06886325024040627,f1,categorical,L4,treatment
4,0,516,120,0.23255813953488372,0.19816444998231827,0.2709044453187026,29,0.0562015503875969,0.03941305968053295,0.0795490926668133,f1,categorical,L5,control
4,1,4123,1589,0.3853989813242784,0.3706564823862574,0.4003548323372193,312,0.0756730536017463,0.06798932138484148,0.08414675291933327,f1,categorical,L5,treatment
5,0,264,79,0.29924242424242425,0.24720529944865988,0.3570381941959835,22,0.08333333333333333,0.05567443332790838,0.12294413838738935,f1,categorical,L6,control
5,1,2176,871,0.40027573529411764,0.37988277173650037,0.42102018006128933,176,0.08088235294117647,0.07015129275530617,0.09309060604462137,f1,categorical,L6,treatment
6,0,155,45,0.2903225806451613,0.22462255964412303,0.3661643766973879,16,0.1032258064516129,0.06454294737589386,0.16110002447034963,f1,categorical,L7,control
6,1,1368,586,0.4283625730994152,0.4023768242228881,0.45474952318427375,125,0.09137426900584796,0.07722806827726345,0.10780895417787459,f1,categorical,L7,treatment
7,0,116,33,0.28448275862068967,0.21032013962697085,0.37246197524356317,6,0.05172413793103448,0.02391865346304596,0.1082681454676646,f1,categorical,L8,control
7,1,853,395,0.4630715123094959,0.42984945390271895,0.4966246921000789,96,0.11254396248534584,0.0930490435471012,0.13551302800606424,f1,categorical,L8,treatment
8,0,327,118,0.36085626911314983,0.310697372771818,0.41424641050015937,41,0.12538226299694188,0.09378455346636079,0.16567947841973224,f1,categorical,rest,control
8,1,2508,1189,0.4740829346092504,0.45459542941519804,0.49364971179644723,364,0.14513556618819776,0.13189271702973296,0.159463831868179,f1,categorical,rest,treatment
0,0,1100773,1055,0.0009584174030431343,0.0009023274263711268,0.0010179904611484676,65,5.904941345763386e-05,4.6333779717340124e-05,7.525440580745595e-05,f2,continuous,mode,control
0,1,6202656,9282,0.0014964557118756867,0.0014663424156844422,0.0015271864789217903,583,9.39919931074688e-05,8.666602761851513e-05,0.00010193716661139055,f2,continuous,mode,treatment
1,0,94519,32599,0.3448936192723156,0.341869668125975,0.34793017763116046,2142,0.022662110263544897,0.02173256021648599,0.02363045884477141,f2,continuous,8.21-8.31,control
1,1,573095,228736,0.39912405447613397,0.3978568459814097,0.40039261530578796,18969,0.03309922438688176,0.032639181145069356,0.03356552686348272,f2,continuous,8.21-8.31,treatment
2,0,96375,19953,0.2070350194552529,0.2044886367315175,0.20960475612040605,844,0.00875745784695201,0.008188496769972742,0.009365578722245731,f2,continuous,8.31-8.42,control
2,1,571243,141074,0.2469597001626278,0.2458431004496206,0.24807970311157873,7854,0.013748964976376078,0.013450246378943272,0.014054223350283772,f2,continuous,8.31-8.42,treatment
3,0,97974,11407,0.11642884847000225,0.11443550032267799,0.11845227429124686,447,0.004562434931716578,0.004159435198088443,0.005004284327188604,f2,continuous,8.42-8.55,control
3,1,569635,82805,0.14536501443907063,0.144452092081766,0.1462827198820579,4064,0.007134393076268137,0.006919130844935383,0.007356302757863538,f2,continuous,8.42-8.55,treatment
4,0,100244,6037,0.06022305574398468,0.058767145060916695,0.06171267059458517,219,0.0021846694066477794,0.0019140962290983593,0.002493394769121204,f2,continuous,8.55-8.65,control
4,1,567378,44617,0.07863716957654333,0.07793962705713804,0.07934041777012911,1908,0.0033628374734304117,0.003215525364366249,0.0035168745464228056,f2,continuous,8.55-8.65,treatment
5,0,99887,3454,0.034579074354020044,0.033463778313214565,0.03573016737669188,111,0.0011112557189624276,0.0009229426516672379,0.0013379398829322501,f2,continuous,8.65-8.74,control
5,1,567731,26920,0.047416822403567885,0.04686704445932857,0.04797272496624777,1246,0.002194701363850133,0.00207629634119924,0.0023198429769506115,f2,continuous,8.65-8.74,treatment
6,0,100333,2158,0.02150837710424287,0.020628873553817494,0.0224245193576347,88,0.0008770793258449363,0.0007120276454961559,0.001080349473475672,f2,continuous,8.74-8.83,control
6,1,567281,17308,0.0305104524917986,0.030066068536711763,0.03096119489199693,835,0.0014719336625058834,0.0013754889043202899,0.0015751301436279508,f2,continuous,8.74-8.83,treatment
7,0,101572,1383,0.013615957153546254,0.01292142531001814,0.014347277750084993,67,0.0006596306068601583,0.0005194977182404592,0.0008375322294422847,f2,continuous,8.83-8.89,control
7,1,566047,10357,0.01829706720466675,0.01795117969396776,0.018649492792317878,497,0.0008780189630896374,0.0008041737908969737,0.0009586386381934359,f2,continuous,8.83-8.89,treatment
8,0,101396,925,0.009122647836206556,0.008555754963661084,0.009726733767581697,38,0.00037476823543335043,0.00027306961448637386,0.0005143227292493744,f2,continuous,8.89-8.95,control
8,1,566216,7062,0.012472272065784083,0.012186490748003436,0.012764668544509925,346,0.0006110742190259548,0.0005500051984945244,0.000678919342595229,f2,continuous,8.89-8.95,treatment
9,0,101953,647,0.006346061420458447,0.005876879190508097,0.006852442748568241,24,0.0002354025874667739,0.00015820212717769576,0.0003502626122055103,f2,continuous,8.95-9.01,control
9,1,565663,5072,0.008966469434981606,0.008724128103599188,0.009215480010339437,244,0.0004313522362254558,0.0003805270119081925,0.0004889626289416488,f2,continuous,8.95-9.01,treatment
10,0,101911,487,0.004778679435978452,0.004373541955809529,0.005221149502507629,18,0.00017662470194581547,0.00011173127917432642,0.000279197640013487,f2,continuous,9.01-9.05,control
10,1,565710,3591,0.00634777536193456,0.006144144511773963,0.006558110466273565,165,0.0002916688762793658,0.0002504358663815393,0.00033968838788773695,f2,continuous,9.01-9.05,treatment
0,0,1741185,48934,0.028103848815605466,0.027859406661097975,0.02835037319070759,1596,0.0009166171314363494,0.00087275574145761,0.0009626807044497286,f3,categorical,L1,control
0,1,9702810,290607,0.029950808064880173,0.029843743237942522,0.03005824508789291,11363,0.0011711040409943098,0.0011497806140253447,0.0011928224524891471,f3,categorical,L1,treatment
1,0,85648,4897,0.057175882682607884,0.055640719755893776,0.05875076666102414,229,0.002673734354567532,0.0023494948409488172,0.0030425837291626744,f3,categorical,L2,control
1,1,487748,34552,0.07083985992766757,0.07012323154932043,0.07156324830511851,1963,0.004024619270606953,0.0038508038766955585,0.004206247116832013,f3,categorical,L2,treatment
2,0,45339,3241,0.07148371159487417,0.06914840752106928,0.07389162371982648,170,0.0037495313085864268,0.0032274480268800576,0.00435569956066059,f3,categorical,L3,control
2,1,263727,23777,0.09015762511991567,0.08907049852808958,0.09125669110113867,1419,0.00538056399231023,0.005108479074963366,0.005667057995714897,f3,categorical,L3,treatment
3,0,31293,2431,0.07768510529511392,0.07477093102317237,0.0807029517078694,107,0.0034192950500111846,0.0028306517904949954,0.004129841622468814,f3,categorical,L4,control
3,1,183421,18878,0.10292169380823352,0.10153943159047554,0.10432058801487257,1229,0.006700432338718031,0.0063372753954038,0.007084251586661948,f3,categorical,L4,treatment
4,0,23103,1904,0.08241353936718175,0.0789365940713056,0.08602933022491971,99,0.004285157771717959,0.003521320755713005,0.005213817674193182,f3,categorical,L5,control
4,1,138662,15276,0.1101671690874212,0.10852998467165215,0.11182595257548017,1037,0.007478617068843663,0.007038590995569385,0.007945931774861763,f3,categorical,L5,treatment
5,0,17777,1512,0.08505372110029814,0.08104208104153468,0.08924465515331773,99,0.005568993643471902,0.004576785026767834,0.006774840782851257,f3,categorical,L6,control
5,1,105861,12749,0.12043150924325295,0.11848468771836435,0.12240587715099696,859,0.008114414184638347,0.007591548072527557,0.00867297785594565,f3,categorical,L6,treatment
6,0,14428,1328,0.09204324923759356,0.08743413323080977,0.0968695446061587,77,0.00533684502356529,0.004272556955978648,0.006664471369275158,f3,categorical,L7,control
6,1,88292,11101,0.1257305305123907,0.12355989303481588,0.1279337344332119,747,0.008460562678385358,0.007877436507927452,0.00908645934575503,f3,categorical,L7,treatment
7,0,11932,1091,0.0914347971840429,0.08639384725532039,0.09673873425239875,72,0.006034193764666443,0.004794739999612385,0.007591605724797178,f3,categorical,L8,control
7,1,73205,9649,0.13180793661635135,0.1293767351647276,0.13427777806340216,693,0.009466566491359879,0.008790383288749763,0.01019422883084603,f3,categorical,L8,treatment
8,0,126232,14767,0.11698301540021548,0.11522165730376457,0.11876768453031522,1614,0.012785981367640534,0.01218086195161616,0.013420753417462286,f3,categorical,rest,control
8,1,838929,160235,0.19099947671376244,0.1901597374611297,0.19184204578238792,17401,0.020741922141206227,0.020439138440826024,0.021049094870313395,f3,categorical,rest,treatment
0,0,2010202,56100,0.027907643112483223,0.027680853895803752,0.02813623664522939,946,0.0004705994720928544,0.000441557508700329,0.0005015506147169567,f4,categorical,L1,control
0,1,11362493,409574,0.03604613881830334,0.03593791067907213,0.036154680666691495,9949,0.0008756000993795992,0.0008585701773338062,0.0008929675116540585,f4,categorical,L1,treatment
1,0,49367,10534,0.21338140863329755,0.2097897653500528,0.21701765449909696,440,0.008912836510219378,0.008121124683606477,0.009780969603319742,f4,categorical,L2,control
1,1,297883,76577,0.2570707291117654,0.25550449908311507,0.2586432246255637,4865,0.01633191555073636,0.01588294880176082,0.016793356775054266,f4,categorical,L2,treatment
2,0,14007,4178,0.2982794317127151,0.2907590643659192,0.30591041358022203,348,0.024844720496894408,0.022394377560849527,0.027555617296889767,f4,categorical,L3,control
2,1,84880,29608,0.34882186616399624,0.34562252469219307,0.3520348909132229,3349,0.03945570216776626,0.038166746823670356,0.04078634181655015,f4,categorical,L3,treatment
3,0,6535,2104,0.3219586840091813,0.31073811988326067,0.3333884406619641,271,0.041469013006886,0.03689849273679964,0.04657829168414253,f4,categorical,L4,control
3,1,39075,14807,0.37893793985924507,0.3741400058775718,0.38375967469587813,2466,0.06310940499040307,0.06074112702769886,0.06556357583873167,f4,categorical,L4,treatment
4,0,3771,1311,0.34765314240254575,0.33261552151516377,0.36300083415584733,199,0.05277114823654203,0.046079547679513,0.06037299164017389,f4,categorical,L5,control
4,1,22296,8794,0.3944205238607822,0.3880241897411443,0.4008532330560589,1898,0.08512737710800143,0.08153535648289621,0.08886233292837394,f4,categorical,L5,treatment
5,0,2525,934,0.3699009900990099,0.3512812713835832,0.3889159649008982,165,0.06534653465346535,0.05635203121929975,0.07566156641302416,f4,categorical,L6,control
5,1,14746,6037,0.4093991590939916,0.4014872087824283,0.4173583016957816,1482,0.1005018310050183,0.09575252934955253,0.1054592238144699,f4,categorical,L6,treatment
6,0,1779,664,0.3732433951658235,0.35106377344729855,0.3959692575781716,139,0.07813378302417089,0.06655174553584763,0.09153379674626046,f4,categorical,L7,control
6,1,10223,4400,0.4304020346278001,0.42083195477682833,0.44002439997064313,1238,0.12109948156118557,0.11491727513029389,0.12756633711753468,f4,categorical,L7,treatment
7,0,1358,555,0.40868924889543445,0.3828366020732298,0.4350570312908484,141,0.10382916053019146,0.08870724814401872,0.12118609661303002,f4,categorical,L8,control
7,1,7912,3600,0.455005055611729,0.4440569383817107,0.46599684380885953,1144,0.14459049544994945,0.13701364310867878,0.15251229936290453,f4,categorical,L8,treatment
8,0,7393,3725,0.5038549979710537,0.4924588431460519,0.5152471487042976,1414,0.19126200459894493,0.18245812001463266,0.20038656776000366,f4,categorical,rest,control
8,1,43147,23427,0.5429577954434839,0.5382537879296863,0.547654154411082,10320,0.2391823301735926,0.23518055253541356,0.24323054585582712,f4,categorical,rest,treatment
0,0,1996591,69560,0.03483938372956705,0.03458592337538238,0.03509463402662376,2870,0.001437450133752982,0.0013858488708679046,0.0014909698704967337,f5,categorical,L1,control
0,1,11241558,471705,0.041960820733211536,0.04184377154313742,0.04207818296495553,24689,0.002196225825637336,0.0021690303821511473,0.0022237614874537253,f5,categorical,L1,treatment
1,0,67528,5651,0.0836838052363464,0.08161883955500643,0.08579613410174963,461,0.006826797772775737,0.0062331847861845325,0.0074765177603579045,f5,categorical,L2,control
1,1,416114,52091,0.1251844446473803,0.1241824190537296,0.12619339058127013,4860,0.011679491677761382,0.011357530494899536,0.01201046887934256,f5,categorical,L2,treatment
2,0,16701,1981,0.1186156517573798,0.11379935994442138,0.12360735047524572,211,0.012633974013532124,0.011048646977255494,0.014443451218973485,f5,categorical,L3,control
2,1,108696,20482,0.18843379701184956,0.18612003836659288,0.190769577193157,2287,0.02104033267093545,0.02020390796556086,0.02191061030220441,f5,categorical,L3,treatment
3,0,6544,996,0.152200488997555,0.1437014537592196,0.16110761520992384,131,0.020018337408312957,0.016895747589010246,0.023704114288001933,f5,categorical,L4,control
3,1,45126,10439,0.23133005362762044,0.22746238477622588,0.23524346093064635,1281,0.028387182555511235,0.02689457056391908,0.029960082053505446,f5,categorical,L4,treatment
4,0,3120,472,0.15128205128205127,0.13913808501183436,0.16428367032222832,86,0.027564102564102563,0.022374504030282474,0.0339156314131076,f5,categorical,L5,control
4,1,22962,6135,0.26718055918474,0.26149657976654384,0.27294242525874635,818,0.03562407455796533,0.03330330500049282,0.038100194921817473,f5,categorical,L5,treatment
5,0,1960,385,0.19642857142857142,0.17944083001116962,0.21460394144680411,69,0.03520408163265306,0.02791174963246172,0.04431478280151148,f5,categorical,L6,control
5,1,13574,3937,0.29003978193605423,0.28246624729510417,0.29773212095900015,558,0.041108000589362016,0.03789581345885493,0.044579848244589215,f5,categorical,L6,treatment
6,0,1109,224,0.20198376916140667,0.1794018403395776,0.22662316460544105,36,0.032461677186654644,0.02353885101870864,0.04461232920517088,f5,categorical,L7,control
6,1,8723,2662,0.3051702395964691,0.29559444820557174,0.3149175547867085,385,0.044136191677175286,0.040022806469373604,0.04865090926984503,f5,categorical,L7,treatment
7,0,840,170,0.20238095238095238,0.1765938082124151,0.23087782668595536,41,0.04880952380952381,0.03618115223254064,0.06554584627338889,f5,categorical,L8,control
7,1,5769,1774,0.30750563355867566,0.29572917370938734,0.3195382789232514,301,0.05217542035014734,0.04672914140955439,0.05821769684026282,f5,categorical,L8,treatment
8,0,2544,666,0.2617924528301887,0.24507797824621935,0.2792252330842879,158,0.06210691823899371,0.05337242746555544,0.07216185870966733,f5,categorical,rest,control
8,1,20133,7599,0.3774400238414543,0.3707681105521559,0.3841586980989455,1532,0.07609397506581235,0.07251175502207617,0.07983793025971685,f5,categorical,rest,treatment
0,0,571784,29526,0.05163838092706337,0.05106779214837892,0.05221499418745787,851,0.001488324262308844,0.0013916964949653929,0.0015916503605195474,f6,categorical,L1,control
0,1,3133761,167136,0.05333399707252723,0.053085764073340196,0.05358332514370829,5859,0.0018696384312651795,0.0018224165927182982,0.0019180815147797675,f6,categorical,L1,treatment
1,0,338394,3775,0.01115563514719528,0.010807269586257608,0.011515099333876044,163,0.00048168702754776974,0.0004132118158606542,0.000561503204184272,f6,categorical,L2,control
1,1,1894088,23249,0.012274508892934225,0.012118687103987343,0.012432309020363831,1187,0.0006266868276447557,0.0005920453117054344,0.0006633539285918532,f6,categorical,L2,treatment
2,0,184930,2734,0.014783972313848483,0.014243910148589271,0.015344192362324673,124,0.0006705239820472611,0.0005624629309958078,0.0007993292474074717,f6,categorical,L3,control
2,1,1040328,17224,0.016556316853915305,0.016312896451619537,0.01680330751894248,820,0.0007882129482240217,0.0007360970084720938,0.000844015599170092,f6,categorical,L3,treatment
3,0,121833,2330,0.019124539328424974,0.018370489936188523,0.01990891227892071,92,0.0007551320249850205,0.0006158286034614132,0.0009259173624678016,f6,categorical,L4,control
3,1,683688,14995,0.021932518926761915,0.021588021160306347,0.022282388927989612,759,0.0011101555095306631,0.0010339740496017075,0.001191943193426204,f6,categorical,L4,treatment
4,0,93980,2032,0.021621621621621623,0.02071110593911852,0.02257124340604026,84,0.0008938071930197915,0.0007220704209051374,0.0011063445082291118,f6,categorical,L5,control
4,1,526533,13115,0.024908220377450226,0.02449072486235001,0.025332648153937563,678,0.0012876685791773734,0.0011943761618704496,0.001388237915148593,f6,categorical,L5,treatment
5,0,72277,1721,0.023811170911908354,0.022724730632845865,0.02494822653359545,68,0.0009408248820509983,0.0007422751723552426,0.0011924208826203152,f6,categorical,L6,control
5,1,407376,11360,0.027885786104237854,0.02738462845638313,0.028395847517702823,572,0.0014041082439809906,0.0012937281464997746,0.0015238915342146472,f6,categorical,L6,treatment
6,0,60138,1518,0.025241943529881274,0.024018270714000478,0.026526265088117965,60,0.0009977052778609198,0.0007752574521561841,0.001283898965684609,f6,categorical,L7,control
6,1,340748,10363,0.030412504255344124,0.029841208433132684,0.03099438784735245,519,0.0015231197248406446,0.0013976809672023318,0.0016597976200310666,f6,categorical,L7,treatment
7,0,51165,1368,0.02673702726473175,0.025374395947129116,0.02817071824166183,67,0.0013094889084334994,0.0010313619528953123,0.0016624934264887455,f6,categorical,L8,control
7,1,289139,9449,0.03267978377181909,0.0320379006513403,0.033334084224559406,536,0.0018537796699857163,0.001703468389575694,0.0020173273714146883,f6,categorical,L8,treatment
8,0,602436,35101,0.05826511031877245,0.05767641336757309,0.0588594407167381,2554,0.004239454481471891,0.004078517319488717,0.004406714079620384,f6,categorical,rest,control
8,1,3566994,309933,0.08688912849306728,0.08659726475337283,0.08718188202775,25781,0.0072276544339575565,0.00714027718162573,0.0073160930632554496,f6,categorical,rest,treatment
0,0,1996591,69560,0.03483938372956705,0.03458592337538238,0.03509463402662376,2870,0.001437450133752982,0.0013858488708679046,0.0014909698704967337,f7,continuous,mode,control
0,1,11241558,471705,0.041960820733211536,0.04184377154313742,0.04207818296495553,24689,0.002196225825637336,0.0021690303821511473,0.0022237614874537253,f7,continuous,mode,treatment
1,0,8882,1734,0.19522630038279667,0.18711553128092284,0.20360058434077855,328,0.0369286196802522,0.03320258904759908,0.041055033247213574,f7,continuous,4.83-6.95,control
1,1,65263,18972,0.2907007033081532,0.2872293096324921,0.2941967347512157,3013,0.04616704717833995,0.044583618261712615,0.04780389925934206,f7,continuous,4.83-6.95,treatment
2,0,9160,1489,0.16255458515283844,0.15514053978930445,0.1702515430200844,214,0.023362445414847163,0.020463121790263286,0.026661379518630846,f7,continuous,6.95-8.43,control
2,1,64984,17040,0.2622183922196233,0.2588507772115662,0.26561411797067785,2245,0.034546965406869384,0.033170094377121234,0.035978862688458485,f7,continuous,6.95-8.43,treatment
3,0,9618,1424,0.14805572884175505,0.1410984639773555,0.15529401671627588,195,0.020274485339987523,0.017643419792973333,0.023288605589719416,f7,continuous,8.43-9.46,control
3,1,64526,14408,0.22328983665499177,0.2200931113256544,0.22651950707372426,1695,0.02626848092241887,0.02506238911956649,0.027530975161150866,f7,continuous,8.43-9.46,treatment
4,0,10231,935,0.09138891603948783,0.0859574871009654,0.09712707423395994,88,0.008601309744892972,0.006987250013280459,0.010584244332213414,f7,continuous,9.46-9.97,control
4,1,63913,8698,0.136091249041666,0.1334548191584507,0.1387714214018057,998,0.015614976608827625,0.014682492409236804,0.016605684746843714,f7,continuous,9.46-9.97,treatment
5,0,10214,908,0.08889759154102213,0.08353178814076356,0.09457250777681409,87,0.008517720775406305,0.006911085280874903,0.01049390769512885,f7,continuous,9.97-10.4,control
5,1,63930,8476,0.13258251212263414,0.12997580248079224,0.13523337425453383,910,0.014234318786172376,0.013344840941146144,0.015182171001275876,f7,continuous,9.97-10.4,treatment
6,0,10408,956,0.09185242121445042,0.08645332979416198,0.09755268551042501,81,0.007782475019215988,0.00626643801406544,0.009661720273457918,f7,continuous,10.4-10.8,control
6,1,63736,8526,0.13377055353332495,0.13114988509956813,0.1364353656394013,837,0.013132295719844358,0.012277374795018428,0.014045901517249595,f7,continuous,10.4-10.8,treatment
7,0,10481,761,0.07260757561301402,0.06779474561487289,0.07773358352710313,63,0.0060108768247304645,0.004701296158000002,0.007682435091599489,f7,continuous,10.8-11.1,control
7,1,63664,7399,0.11621952751947726,0.11375314637094266,0.11873222017622193,686,0.010775320432269414,0.010002339107498629,0.011607337415154734,f7,continuous,10.8-11.1,treatment
8,0,10328,916,0.08869093725793958,0.08335982512171543,0.09432790519603594,47,0.004550735863671573,0.003424133844187033,0.006045761644497909,f7,continuous,11.1-11.5,control
8,1,63816,8585,0.1345273912498433,0.13190200397903915,0.1371967757461032,670,0.010498934436504952,0.009737078432166247,0.011319718766049897,f7,continuous,11.1-11.5,treatment
9,0,10574,773,0.07310383960658218,0.06829583831347694,0.0782219049193171,57,0.005390580669566862,0.004163306256385491,0.006977100723568627,f7,continuous,11.5-11.7,control
9,1,63569,7086,0.11146942692192735,0.10904639794764767,0.1139394106700636,520,0.00818008777863424,0.007508999390165645,0.008910613684654081,f7,continuous,11.5-11.7,treatment
10,0,10450,649,0.06210526315789474,0.05763689080071228,0.0668954606749486,33,0.003157894736842105,0.0022495534241081944,0.004431383827122416,f7,continuous,11.7-12,control
10,1,63696,5929,0.09308276814870635,0.09085087128119507,0.09536374381308083,448,0.007033408691283597,0.006413480010866085,0.007712794689556903,f7,continuous,11.7-12,treatment
0,0,1100773,1055,0.0009584174030431343,0.0009023274263711268,0.0010179904611484676,65,5.904941345763386e-05,4.6333779717340124e-05,7.525440580745595e-05,f8,categorical,L1,control
0,1,6202656,9282,0.0014964557118756867,0.0014663424156844422,0.0015271864789217903,583,9.39919931074688e-05,8.666602761851513e-05,0.00010193716661139055,f8,categorical,L1,treatment
1,0,146001,1088,0.00745200375339895,0.007023632305721852,0.007906293558657776,29,0.00019862877651522935,0.0001383083571935271,0.0002852492331082708,f8,categorical,L2,control
1,1,809894,7880,0.009729668326966244,0.00951820513702869,0.009945782358512999,273,0.00033708114889108943,0.00029940238849239455,0.00037949985161025524,f8,categorical,L2,treatment
2,0,127952,876,0.00684631736901338,0.006409071301543429,0.007313174113768591,25,0.00019538576966362386,0.0001323534320874994,0.0002884281297923591,f8,categorical,L3,control
2,1,703585,6685,0.009501339568069245,0.009277324500602596,0.009730710690932535,253,0.0003595869724340343,0.00031793010725702023,0.0004066997174053341,f8,categorical,L3,treatment
3,0,82112,830,0.010108144972720187,0.009446508552199301,0.010815616626839072,26,0.0003166406858924396,0.00021610312060772367,0.0004639295969367638,f8,categorical,L4,control
3,1,453048,6024,0.013296604333315675,0.012967173352748504,0.013634288899372427,227,0.000501050661298582,0.0004399846988251058,0.0005705871980828749,f8,categorical,L4,treatment
4,0,51561,726,0.014080409611915983,0.01309901529016415,0.015134203655797674,23,0.0004460735827466496,0.00029727410595305697,0.0006693042332918558,f8,categorical,L5,control
4,1,287686,5541,0.019260582718658537,0.018764737029366964,0.019769266822164573,221,0.0007681986610401618,0.0006734047304879236,0.0008763248552350777,f8,categorical,L5,treatment
5,0,37290,722,0.019361759184768033,0.018011911063837507,0.02081062376190253,26,0.0006972378653794583,0.0004758790459012178,0.0010214582257862116,f8,categorical,L6,control
5,1,209282,5092,0.02433080723616938,0.02367938350124246,0.02499969286535095,202,0.0009652048432258866,0.0008410109403809092,0.0011077183954300916,f8,categorical,L6,treatment
6,0,34694,661,0.019052285697815183,0.01766610184905621,0.020544962674775888,18,0.000518821698276359,0.00032821817176912466,0.0008200220975276803,f8,categorical,L7,control
6,1,193269,4917,0.025441224407432128,0.024748595580311207,0.026152717736990932,191,0.0009882598864794665,0.0008577450832423806,0.00113861123825819,f8,categorical,L7,treatment
7,0,25722,620,0.024103879947126972,0.02229942720432957,0.026050457125468107,17,0.0006609128372599331,0.00041270040233539206,0.0010582508542548686,f8,categorical,L8,control
7,1,145787,4631,0.03176552093122158,0.030877548615595794,0.03267816836980809,172,0.0011798034118268433,0.001016247011141251,0.001369646748302778,f8,categorical,L8,treatment
8,0,490832,73527,0.14980074648759656,0.1488051002172431,0.15080187432998607,3834,0.007811226651889038,0.007568764274772051,0.008061393123716,f8,categorical,rest,control
8,1,2877448,526772,0.1830691640648241,0.18262275493750468,0.18351641941082747,34589,0.012020721139009288,0.011895454243895686,0.012147290959355616,f8,categorical,rest,treatment
0,0,1678457,8991,0.0053567055932919345,0.005247404926609561,0.005468270419851572,373,0.0002222279152817141,0.00020079291153508131,0.00024595058125261786,f9,categorical,L1,control
0,1,9434878,70493,0.007471532753258707,0.007416784377814608,0.007526682199507241,3442,0.0003648165879834376,0.00035283297161237657,0.0003772070622282271,f9,categorical,L1,treatment
1,0,68669,2865,0.04172188323697738,0.04025180961344998,0.04324322768246506,60,0.0008737567170047619,0.0006789361837280031,0.0011244180417550797,f9,categorical,L2,control
1,1,386143,21175,0.05483719761849885,0.05412354913345316,0.055559703224153836,648,0.0016781347842638608,0.0015538987226535689,0.0018122856384823,f9,categorical,L2,treatment
2,0,51696,2316,0.04480037140204271,0.043050709087750196,0.04661767920920767,73,0.001412101516558341,0.0011233448016701112,0.001774951490786491,f9,categorical,L3,control
2,1,288001,16623,0.057718549588369486,0.056872709608108994,0.05857618802292198,581,0.0020173541064093525,0.001859991234179958,0.0021880013374566804,f9,categorical,L3,treatment
3,0,29923,2011,0.06720582829261772,0.06442413447012227,0.07009863046516995,61,0.002038565651839722,0.0015874839551344644,0.00261748565363136,f9,categorical,L4,control
3,1,169218,14398,0.08508551099764801,0.0837655507724743,0.08642430894388506,494,0.0029193111843893674,0.0026732932122456076,0.0031878973425330673,f9,categorical,L4,treatment
4,0,21175,1805,0.08524203069657615,0.08155573609272408,0.0890787844898727,47,0.002219598583234947,0.0016696889837131057,0.002950084907646023,f9,categorical,L5,control
4,1,119995,12806,0.10672111337972416,0.10498671669997117,0.10848068971337438,447,0.0037251552148006165,0.0033959920978230782,0.004086092294873339,f9,categorical,L5,treatment
5,0,15786,1616,0.10236918788800203,0.09773677070550948,0.10719508166676706,59,0.003737488914227797,0.002898817071075207,0.004817628919750731,f9,categorical,L6,control
5,1,91002,11666,0.12819498472561042,0.12603862816198383,0.13038272990413488,432,0.0047471484143205645,0.004320987323842451,0.00521511986344601,f9,categorical,L6,treatment
6,0,14248,1531,0.10745367770915216,0.1024739970164856,0.11264497323582487,45,0.003158338012352611,0.002361371733131696,0.004223142913052087,f9,categorical,L7,control
6,1,81321,10886,0.1338645614293971,0.13154154262407844,0.13622216976934834,406,0.0049925603472657735,0.004530970518501101,0.0055009145019425,f9,categorical,L7,treatment
7,0,11358,1457,0.12827962669484064,0.12225521035819684,0.13455540167119792,39,0.003433703116745906,0.0025129508638919136,0.00469023526727497,f9,categorical,L8,control
7,1,67282,10373,0.15417199250914063,0.15146312687534963,0.15692034591691245,401,0.005959989298772331,0.005405929346506981,0.0065704603567246205,f9,categorical,L8,treatment
8,0,205625,57513,0.2796984802431611,0.27776256211557776,0.28164262950418156,3306,0.016077811550151977,0.015543151159917707,0.016630552742146948,f9,categorical,rest,control
8,1,1244815,408404,0.32808409281700496,0.3272598299884324,0.3289094166961596,29860,0.023987500150624792,0.023720173796420732,0.024257764414113973,f9,categorical,rest,treatment
0,0,2010202,56100,0.027907643112483223,0.027680853895803752,0.02813623664522939,946,0.0004705994720928544,0.000441557508700329,0.0005015506147169567,f10,continuous,mode,control
0,1,11362493,409574,0.03604613881830334,0.03593791067907213,0.036154680666691495,9949,0.0008756000993795992,0.0008585701773338062,0.0008929675116540585,f10,continuous,mode,treatment
1,0,8668,4280,0.49377018920166127,0.4832502114860296,0.5042956862897945,1285,0.14824642362713428,0.14092165529370507,0.15588283208569378,f10,continuous,5.3-5.57,control
1,1,52022,28253,0.5430971512052594,0.5388135197939492,0.5473744182435194,9714,0.1867286917073546,0.18340315444716623,0.19010049131705106,f10,continuous,5.3-5.57,treatment
2,0,8637,3533,0.40905406970012737,0.39872787130423454,0.4194611317590839,579,0.06703716568252865,0.06195310816251548,0.07250618777036724,f10,continuous,5.57-5.77,control
2,1,52053,23779,0.45682285362995406,0.45254692480405895,0.46110515484514997,4856,0.09328953182333391,0.09082097576348827,0.09581811309683688,f10,continuous,5.57-5.77,treatment
3,0,8623,2997,0.34755885422706717,0.3375778716109022,0.35767559832369095,347,0.04024121535428505,0.036293846474494997,0.04459803755418059,f10,continuous,5.77-5.91,control
3,1,52066,20869,0.4008181922943956,0.39661622144194425,0.4050347974464487,3126,0.060039181039449926,0.058030925130011714,0.062112353273632175,f10,continuous,5.77-5.91,treatment
4,0,8590,2644,0.3077997671711292,0.29812632258304816,0.3176450392901876,250,0.02910360884749709,0.025753897901846783,0.03287430244778297,f10,continuous,5.91-6.03,control
4,1,52100,18528,0.35562380038387714,0.3515240850909526,0.359744804518852,2449,0.04700575815738964,0.045221518809063214,0.048856793299551164,f10,continuous,5.91-6.03,treatment
5,0,8614,2385,0.2768748548873926,0.26752671653550786,0.28642191220544944,193,0.02240538657998607,0.01948636132551352,0.025750193638221196,f10,continuous,6.03-6.14,control
5,1,52075,16504,0.3169275084013442,0.31294494049138666,0.3209370840333622,1783,0.03423907825252041,0.03271129969999711,0.03583556806478231,f10,continuous,6.03-6.14,treatment
6,0,8593,1993,0.2319329686954498,0.2231300062801403,0.24097550013547026,144,0.016757826137553822,0.014251757811473628,0.019695763521638016,f10,continuous,6.14-6.22,control
6,1,52097,14600,0.2802464633280227,0.2764061820646345,0.284119149985957,1473,0.028274180854943664,0.026885249454274392,0.029732674099842895,f10,continuous,6.14-6.22,treatment
7,0,8640,1834,0.21226851851851852,0.20377505898023227,0.22101772283018914,116,0.013425925925925926,0.011206321419937574,0.016078012743783964,f10,continuous,6.22-6.3,control
7,1,52049,13257,0.2547022997559992,0.2509774676351623,0.25846333743210975,1121,0.021537397452400624,0.020325127014270743,0.022820288219158776,f10,continuous,6.22-6.3,treatment
8,0,8832,1611,0.18240489130434784,0.17448964107223894,0.19059629600061143,85,0.00962409420289855,0.007790501171928867,0.011884077602586226,f10,continuous,6.3-6.36,control
8,1,51858,11612,0.22391916387056962,0.2203517963960889,0.22752743051613042,857,0.01652589764356512,0.015463918934704767,0.0176594991796461,f10,continuous,6.3-6.36,treatment
9,0,8813,1484,0.16838760921366164,0.16071974651193138,0.1763444360188267,64,0.007261999319187563,0.005691428768270549,0.009261937404464139,f10,continuous,6.36-6.42,control
9,1,51877,10612,0.20456078801781136,0.20111155727702337,0.20805376968996184,760,0.014650037588912234,0.013651496388856408,0.01572045317811834,f10,continuous,6.36-6.42,treatment
10,0,8725,1244,0.14257879656160458,0.1353995040231564,0.15007268270130644,54,0.006189111747851003,0.004746876474557726,0.008065987563392668,f10,continuous,6.42-6.47,control
10,1,51965,9236,0.17773501395169825,0.17447198159048305,0.1810456890018211,623,0.011988838641393246,0.011088496314044027,0.012961327075054405,f10,continuous,6.42-6.47,treatment
0,0,2068209,68411,0.033077411422153175,0.03283454539366375,0.03332201195674421,1757,0.0008495272963225671,0.0008107377276856302,0.0008901710899674761,f11,categorical,L1,control
0,1,11708997,497499,0.04248860940010489,0.04237322896753559,0.042604290030990144,18055,0.0015419766526543648,0.0015196649902112476,0.0015646153807449205,f11,categorical,L1,treatment
1,0,17976,6243,0.34729639519359146,0.34036968050260236,0.35428836125078184,570,0.03170894526034713,0.02924581128601756,0.034372183424360665,f11,categorical,L2,control
1,1,110220,44318,0.40208673561966973,0.3991955411658577,0.4049847549086198,5374,0.04875703139176193,0.04750128263813899,0.050044233073519004,f11,categorical,L2,treatment
2,0,4346,1970,0.45329038196042337,0.4385378347846289,0.46812543010823165,360,0.08283479061205706,0.07500383209714115,0.09140256815288958,f11,categorical,L3,control
2,1,26635,13143,0.4934484700581941,0.4874456572296342,0.49945317241581066,3168,0.1189412427257368,0.11510840620896476,0.12288398053281813,f11,categorical,L3,treatment
3,0,2059,962,0.46721709567751335,0.4457477784721334,0.4888085106586958,263,0.12773190869354056,0.11400425645604881,0.14284604900736728,f11,categorical,L4,control
3,1,11545,6173,0.5346903421394543,0.5255817353377712,0.5437758710382534,2093,0.18129060199220443,0.17436943726318438,0.18842378955184014,f11,categorical,L4,treatment
4,0,1169,604,0.5166809238665526,0.4880268559146596,0.5452257203024321,194,0.16595380667236956,0.145727798662659,0.18836804683609693,f11,categorical,L5,control
4,1,6642,3672,0.5528455284552846,0.5408612037814636,0.564768761114595,1433,0.21574826859379706,0.20602170437485037,0.22580344171130803,f11,categorical,L5,treatment
5,0,729,399,0.5473251028806584,0.5110383194606486,0.5831157423347039,132,0.18106995884773663,0.15481186795194463,0.21067162864459205,f11,categorical,L6,control
5,1,4234,2484,0.586679263108172,0.5717746295981088,0.6014267530237549,1115,0.26334435521965044,0.25029633188923633,0.27682141909957186,f11,categorical,L6,treatment
6,0,517,276,0.5338491295938105,0.49075693583872493,0.5764420157947494,118,0.22823984526112184,0.19414458391314282,0.2663438329723924,f11,categorical,L7,control
6,1,2976,1821,0.6118951612903226,0.5942532785782055,0.6292485449931657,862,0.2896505376344086,0.27363306653423414,0.3062103522174826,f11,categorical,L7,treatment
7,0,380,228,0.6,0.5499797717989038,0.6480186420084547,101,0.2657894736842105,0.22387853677488906,0.31238833614998157,f11,categorical,L8,control
7,1,2176,1351,0.6208639705882353,0.6002826594051226,0.6410192930242843,675,0.3102022058823529,0.29111515208845834,0.32995820778475443,f11,categorical,L8,treatment
8,0,1552,1012,0.6520618556701031,0.6280154680542183,0.6753573449814809,568,0.36597938144329895,0.3423723377869572,0.39024823377479945,f11,categorical,rest,control
8,1,9230,6363,0.6893824485373781,0.6798648978597543,0.6987424256026189,3936,0.4264355362946912,0.4163787997134406,0.43655348139013406,f11,categorical,rest,treatment
