feature,type,n_unique,mode_value,mode_share,second_mode_share,min,q0.001,q0.01,q0.25,q0.5,q0.75,q0.99,q0.999,max,mean,std,tail_ratio,missing
f0,continuous,2181959,12.616364906986497,0.2650681793860651,6.008759053912303e-06,12.616364906986497,12.616364906986497,12.616364906986497,12.616364906986497,21.923413325737013,24.43645865232792,26.672876016890953,26.737871531725897,26.74525510669564,19.620297487244425,5.3774638217966055,0.001533625312305968,0
f1,categorical,60,10.059654474774547,0.9876999271509498,0.008815421794856388,10.059654474774547,10.059654474774547,10.059654474774547,10.059654474774547,10.059654474774547,10.059654474774547,10.67951260623903,11.46044149585213,16.34418683323554,10.069976509475104,0.10475573081998674,3.4864296027146873,0
f2,continuous,2051900,8.214382844395335,0.5224350610518533,1.180291957018488e-05,8.214382844395335,8.214382844395335,8.214382844395335,8.214382844395335,8.214382844395335,8.723335432323797,9.042915892858012,9.051339275705033,9.051961945804948,8.446582306922446,0.2993160997936312,0.0007439695504109301,0
f3,categorical,552,4.679881620097284,0.818621530585442,0.04101664769615594,-8.39838674285089,-3.858123340528099,-1.733228380788712,4.679881620097284,4.679881620097284,4.679881620097284,4.679881620097284,4.679881620097284,4.679881620097284,4.178923067825265,1.3366449970832486,,0
f4,categorical,260,10.280525225748212,0.9565869304340212,0.02483978073179818,10.280525225748212,10.280525225748212,10.280525225748212,10.280525225748212,10.280525225748212,10.280525225748212,11.973287497876754,14.624473259361576,21.123507734315055,10.338837294853896,0.34330814892133565,1.4961123900802011,0
f5,categorical,132,4.115453421277861,0.9469624721522631,0.034596288647050645,-9.011891520498516,-0.7560288155812183,2.2309068425557226,4.115453421277861,4.115453421277861,4.115453421277861,4.115453421277861,4.115453421277861,4.115453421277861,4.028512923193422,0.43109744433859976,,0
f6,categorical,1645,0.29444271125560606,0.2650681793860651,0.1596957908356696,-31.429783775633886,-21.916703678728993,-17.777273356984484,-6.699321423701454,-2.411114577488788,0.29444271125560606,0.29444271125560606,0.29444271125560606,0.29444271125560606,-4.155355515113873,4.577914125554681,0.0,0
f7,continuous,622143,4.833814577796811,0.9469624721522631,4.2919707527945023e-07,4.833814577796811,4.833814577796811,4.833814577796811,4.833814577796811,4.833814577796811,4.833814577796811,11.482083557823483,11.955848725317736,11.998400591725755,5.101764646545401,1.2052477300984201,0.005974678796342242,0
f8,categorical,3743,3.971857989350875,0.5224350610518533,0.06837788971237502,3.63510661177053,3.705077912209203,3.7516031784756407,3.910791936852483,3.971857989350875,3.971857989350875,3.971857989350875,3.971857989350875,3.971857989350875,3.9335808379844828,0.05665958442182278,,0
f9,categorical,1594,13.190055934673358,0.7949684797667915,0.032533996700332884,13.190055934673358,13.190055934673358,13.190055934673358,13.190055934673358,13.190055934673358,13.190055934673358,44.89363954367225,53.81028035914637,75.29501735734412,16.027638330068854,7.018974878926287,0.5289172401827883,0
f10,continuous,517372,5.300374864042156,0.9565869304340212,6.437956129191753e-07,5.300374864042156,5.300374864042156,5.300374864042156,5.300374864042156,5.300374864042156,5.300374864042156,6.337266175810079,6.460420700084441,6.473917229316857,5.333395557015007,0.16822884744669359,0.011634479270631248,0
f11,categorical,136,-0.16867922100056124,0.9855227534537488,0.009170224710420734,-1.383940669255639,-0.5060376630016836,-0.2673502399367461,-0.16867922100056124,-0.16867922100056124,-0.16867922100056124,-0.16867922100056124,-0.16867922100056124,-0.16867922100056124,-0.17096724767851557,0.022832768365470855,,0
