feature,type,mean_treated,mean_control,smd,smd_basis,ks_stat,ks_pvalue,chi2_stat,chi2_pvalue,cramers_v,n_levels_tested
f0,continuous,19.61475504093001,19.651704714743474,-0.0068656191932508215,raw value,0.008950155116266678,1.91347794514673e-124,,,,
f1,categorical,10.070336700396355,10.06793542552677,0.025115750284019057,max |per-level indicator SMD|,,,1070.1709654403348,8.257322587662978e-227,0.008749421394354955,8.0
f2,continuous,8.446301578306452,8.448173104019592,-0.0062409892229001495,raw value,0.0037746191769049142,1.7457937375559994e-22,,,,
f3,categorical,4.169411678368263,4.232820995845126,0.0361845616622584,max |per-level indicator SMD|,,,4155.596430482214,0.0,0.017241277185892627,105.0
f4,categorical,10.33924522768884,10.336525673121422,0.011948653688748785,max |per-level indicator SMD|,,,266.6299065428127,1.844613243815034e-44,0.004367241235803376,22.0
f5,categorical,4.026602473376325,4.039338816423102,0.02774944213827703,max |per-level indicator SMD|,,,1628.2176768684121,0.0,0.010792175134715457,15.0
f6,categorical,-4.1827923914504685,-3.9998797255286616,0.02020350659351138,max |per-level indicator SMD|,,,3824.2096034263886,0.0,0.016539546431942,218.0
f7,continuous,5.105555292281528,5.080284299014889,0.021269530040211815,raw value,0.006098728981307366,5.198153396782871e-58,,,,
f8,categorical,3.933391854158856,3.93465174741119,0.007603901022493154,max |per-level indicator SMD|,,,1544.7699711080245,2.0983733576911165e-160,0.010511983269734633,318.0
f9,categorical,16.05258874373006,15.886252509873302,0.015989036777076655,max |per-level indicator SMD|,,,1208.2088444679512,8.730328820294434e-157,0.009296591690618026,169.0
f10,continuous,5.333659813881367,5.331898099926722,0.01056346376139282,raw value,0.0024145141180100804,1.8822872812042923e-09,,,,
f11,categorical,-0.17098480630557866,-0.17086774869134294,0.007740346963178303,max |per-level indicator SMD|,,,127.68483899736098,5.116032128400693e-22,0.0030221945518445928,12.0
