feature,rank,level,share_control,share_treatment
f1,1,10.059654474774547,0.9899629793360506,0.9873005654039438
f1,2,10.67951260623903,0.007347383350095878,0.009074487141131338
f1,3,11.119308949549094,0.0015179282925524228,0.0019848257817802503
f1,4,11.46044149585213,0.0005145600463914748,0.0007120462556558278
f1,5,11.739167081013575,0.0002460732010546812,0.0003469763281017584
f1,6,11.974826205438688,0.0001258979168186741,0.00018312405771269132
f1,7,12.178963424323639,7.391733752611547e-05,0.00011512578628261109
f1,8,12.359025212478057,5.5318781632447705e-05,7.178530387358717e-05
f3,1,4.679881620097284,0.830346834454254,0.8165523614040802
f3,2,3.9076618713414293,0.04084433628668863,0.041047055561236105
f3,3,3.3597632401945674,0.021621536555461607,0.022194282338416794
f3,4,2.9347800451266948,0.01492319511744988,0.015436028396010824
f3,5,2.5875434914387134,0.01101749837977965,0.011669277615145773
f3,6,2.293959168481399,0.008477603285172611,0.0089088675889353
f3,7,2.039644860291851,0.006880511908559961,0.007430325966713668
f3,8,1.8153237426828586,0.005690204331365224,0.006160660222820574
f4,1,10.280525225748212,0.9586372885785315,0.9562251028915676
f4,2,11.02958446403841,0.0235424335590435,0.025068724119315086
f4,3,11.561050451496424,0.006679742882118061,0.007143184751219319
f4,4,11.973287497876754,0.0031164503273107395,0.0032884065051118627
f4,5,12.310109689786621,0.0017983372891031062,0.001876348341342907
f4,6,12.594888795323168,0.0012041372726028488,0.0012409684535989642
f4,7,12.841575677244636,0.0008483802803803834,0.0008603296148882552
f4,8,13.059168928076819,0.0006476112539384826,0.0006658444598450431
f5,1,4.115453421277861,0.9521463925716414,0.946047663590334
f5,2,3.0130643418630596,0.032203161086861457,0.03501860484883219
f5,3,2.2309068425557226,0.007964473896926803,0.009147450632876239
f5,4,1.6242183527412077,0.0031207423017477398,0.003797636134348763
f5,5,1.1285177631409207,0.0014878844714934212,0.0019323964215068098
f5,6,0.7094088863775863,0.000934696655168944,0.001142337297514739
f5,7,0.3463602638335841,0.0005288666278481423,0.0007340952001046905
f5,8,0.026128683726119206,0.0004005842807866903,0.00048549755925759015
f6,1,0.29444271125560606,0.27267581238730587,0.2637256572710392
f6,2,-1.288206846212666,0.16137537751491818,0.1593993934857151
f6,3,-2.411114577488788,0.08819053695938409,0.08755013084197093
f6,4,-3.2821094810628875,0.05810045795367243,0.05753663638303056
f6,5,-3.9937641349570603,0.044817750843253755,0.04431105674615648
f6,6,-4.5954595714654,0.03446789293145192,0.034283247304579656
f6,7,-5.116671866233181,0.02867897318803569,0.028676082912446756
f6,8,-5.576413692425332,0.02439987467434644,0.024332861637403426
f8,1,3.971857989350875,0.5249432863266755,0.5219924335091779
f8,2,3.9553959684262416,0.06962583997516378,0.06815766341781361
f8,3,3.94371597870175,0.06101852368478405,0.05921109381699628
f8,4,3.9346562748271774,0.03915806721899609,0.03812683276590964
f8,5,3.9272539577771166,0.02458872154957445,0.024210582567616414
f8,6,3.920995387887581,0.017783080750637715,0.017612393863156002
f8,7,3.915573968052625,0.016545084568587422,0.016264799407203188
f8,8,3.910791936852483,0.012266462940946724,0.012268891085367706
f9,1,13.190055934673358,0.8004327264004594,0.7940042019228868
f9,2,16.226044033102564,0.032747288068263374,0.03249635708518004
f9,3,18.380111869346717,0.024653101166129454,0.02423709179472096
f9,4,20.05093668875496,0.014269861230928731,0.01424075680056351
f9,5,21.41609996777592,0.010098062078164485,0.01009833240130257
f9,6,22.57032907395953,0.007528123162498444,0.007658389476089308
f9,7,23.570167804020073,0.0067946724198199564,0.0068436725630761815
f9,8,24.45208806620513,0.00541647173949432,0.005662202596978537
f11,1,-0.16867922100056124,0.9863000175970952,0.9853855893316772
f11,2,-0.2673502399367461,0.008572503608835172,0.00927570479829634
f11,3,-0.33735844200112247,0.0020725467670225668,0.0022415024251734987
f11,4,-0.3916610222649175,0.0009819083739759469,0.0009715842124508369
f11,5,-0.4360294609373074,0.0005574797907614773,0.0005589659886616248
f11,6,-0.4735424413247679,0.0003476499293970205,0.0003563176747957422
f11,7,-0.5060376630016836,0.0002465500871032368,0.00025044907893059256
f11,8,-0.5347004798734922,0.0001812166984511218,0.00018312405771269132
