raw_feature,gain_share,perm_logloss_increase_mean,perm_logloss_increase_sd,perm_prauc_drop_mean,perm_prauc_drop_sd,shap_mean_abs,shap_share,lr_sum_abs_coef,lr_max_abs_z,shap_rank,perm_logloss_rank,gain_rank,n_shap_rows
f0,0.007626954394590646,0.00013109313251742234,2.2517958997565893e-05,0.005150478427853221,0.0015428275492830427,0.16468266265844644,0.08663032764345359,0.17884256116388425,2.682687300027038,5,7,9,20000
f1,0.0005192109555652979,9.034663147489824e-07,9.584994605818508e-08,-4.389049938482067e-05,1.4490254608253617e-05,0.0005833306877129983,0.00030685761199930595,0.5948725974773069,0.6338307165377788,12,12,12,20000
f2,0.036557221276525234,0.0009448015901431383,8.159159816607308e-05,0.034661458749991575,0.004023995224336498,0.2825505084330576,0.1486340014561621,0.9472148543405925,15.05895754269213,2,3,6,20000
f3,0.019313186628583372,9.319768901435109e-05,6.103874509111021e-06,0.0014797125356545333,0.0010475824261539,0.06434307958237791,0.0338472913652779,7.09666741756565,2.2270353415603235,7,8,7,20000
f4,0.21048313292205473,0.000888530174157319,1.8663746011176425e-05,0.05726462478682636,0.0029814713766442577,0.0519941709371641,0.027351221987333092,3.054111367109149,6.580367044267684,8,4,2,20000
f5,0.0010416319421493788,1.730660921735877e-06,3.603054629788441e-07,0.00028269552014866434,7.127139830660218e-05,0.0015220521611465935,0.0008006664167437376,3.7669817079963663,1.7643726142997957,11,11,11,20000
f6,0.018406934768735936,0.0002077278404103306,4.001181234231281e-06,0.007671768304641761,0.0007681477660078087,0.19819983969754462,0.10426183773509463,5.298152204620018,2.5320296367233754,4,6,8,20000
f7,0.0031192984348440865,6.645230374708461e-06,1.7990753798521056e-06,0.00036494901473838975,0.0001773152636711421,0.02692283919914005,0.014162598194995208,0.05867377576487656,1.2193675851652124,9,10,10,20000
f8,0.14722733095491872,0.0011731899932010351,4.709042157104303e-05,0.029761626532085018,0.0032619099194304622,0.762679109119781,0.4012027741310945,20.57532012156914,18.163498358710548,1,2,3,20000
f9,0.07165944202410914,0.001473829506796977,3.5030594916695105e-05,0.0549919288491906,0.0017638634899803305,0.23414084031792837,0.12316838569415339,5.329260910893361,3.1504198709984195,3,1,5,20000
f10,0.11110975618318118,0.00031542478323088284,2.059154855104973e-05,0.00916229857485005,0.0018126795217657482,0.09490161295474304,0.04992242468906877,0.15574938447458941,6.021167880048461,6,5,4,20000
f11,0.3729358995147423,7.921580205223824e-05,1.4558948355989176e-06,0.012329232896043504,0.0010599481462312073,0.018461598187877834,0.009711613074623902,0.9883807816533501,1.4311822345710872,10,9,1,20000
