model,method,selected,roc_auc,pr_auc,base_rate,pr_auc_lift_over_base,log_loss,brier,ece,mean_pred,mean_pred_over_base_rate,log_loss_lo,log_loss_hi,brier_lo,brier_hi
logistic_regression,uncalibrated,False,0.955788544448286,0.2142267549775939,0.002916752208040436,73.44701904640642,0.01201812247234528,0.002533093439839748,0.00011962046824533738,0.002928410056252993,1.0039968593082471,0.011778128793756793,0.012258116150933767,0.002481262676173674,0.002584924203505822
logistic_regression,sigmoid,False,0.955788544448286,0.2142267549775939,0.002916752208040436,73.44701904640642,0.012021117724307558,0.002530415956368036,0.0002454837784792681,0.0028267341874890156,0.9691375838155627,0.01178046513968882,0.012261770308926296,0.0024782632771016815,0.00258256863563439
logistic_regression,isotonic,True,0.9556271764288413,0.20591530188837792,0.002916752208040436,70.59746156041078,0.011988220815475794,0.0025292362309243693,0.00012759872249508674,0.002918443026188133,1.0005796920777281,0.0117480670365061,0.012228374594445488,0.002477664646027891,0.0025808078158208476
random_forest,uncalibrated,False,0.9531352473134057,0.22664460592715185,0.002916752208040436,77.70444307966041,0.01203784167848054,0.002503647682135417,0.00015154932687594678,0.0028909807220310808,0.9911643210766028,0.011782962916641423,0.012292720440319656,0.002452456698666638,0.002554838665604196
random_forest,sigmoid,False,0.9532467542364512,0.22664232215352997,0.002916752208040436,77.70366009452523,0.011952603944152467,0.0025048891383546183,0.00015680672211161684,0.0029391081609968007,1.0076646733633174,0.011710059084450122,0.012195148803854812,0.0024535525959039654,0.002556225680805271
random_forest,isotonic,True,0.9530941378747038,0.21887625458374818,0.002916752208040436,75.04108644552839,0.011919961676677642,0.0025074135728989848,0.00012093197200967984,0.0029232043744625677,1.0022121064670306,0.011678652185788523,0.012161271167566762,0.002456172883245489,0.0025586542625524807
lightgbm,uncalibrated,False,0.9579970344965535,0.22641818103948796,0.002916752208040436,77.62681396634741,0.01181119963262243,0.0025102197401445773,7.936121510734723e-05,0.0029164474006128315,0.9998954976611437,0.011574047097370555,0.012048352167874305,0.0024588747971500094,0.002561564683139145
lightgbm,sigmoid,True,0.9579970344965534,0.22641818103948796,0.002916752208040436,77.62681396634741,0.011810272773781503,0.002508998202690764,0.00014558285279917495,0.0028570421949019632,0.9795285958903627,0.01157370476726472,0.012046840780298286,0.0024573697281922878,0.0025606266771892403
lightgbm,isotonic,False,0.9579726643923513,0.21786753033190415,0.002916752208040436,74.69524827351525,0.01182169696315654,0.0025112075392404285,0.0001612305336047281,0.0029346896885407117,1.0061498129497695,0.011584318008470568,0.012059075917842513,0.002459985148946184,0.002562429929534673
lightgbm_weighted,uncalibrated,False,0.8731482536257242,0.04395791425066289,0.002916752208040436,15.070842881163076,1.3323775772203272,0.08644326552696087,0.1460070641853965,0.14892381639343694,51.05809673612574,1.3251868621589618,1.3395682922816927,0.08616839709118795,0.08671813396273378
lightgbm_weighted,sigmoid,False,0.8733000206946077,0.04436156273032134,0.002916752208040436,15.209232586858931,0.015094569482677527,0.0028019653825252224,0.0008305588599885998,0.002908329951340733,0.997112453818845,0.014796821911054402,0.015392317054300652,0.002743448907376076,0.002860481857674369
lightgbm_weighted,isotonic,True,0.8961745581015315,0.0446486098361827,0.002916752208040436,15.3076458511294,0.014448579737323289,0.002798965694436859,0.0002080445039035464,0.0029125030178158975,0.9985431775065345,0.014172274922002279,0.014724884552644299,0.0027407334550484707,0.0028571979338252477
