model,config,fold,fit_predict_seconds,roc_auc,pr_auc,log_loss,brier
logistic_regression,C=0.01,0,2.146584125002846,0.9538882407397667,0.23207419915348995,0.01196675073980523,0.002493507372618656
logistic_regression,C=0.1,0,2.0785759589634836,0.9539146696238746,0.232781453148159,0.011907979459944384,0.0024891663886480796
logistic_regression,C=1,0,1.9122228750493377,0.9538954186100854,0.23211603551979318,0.011908638828469483,0.0024894867906711813
random_forest,min_samples_leaf=20,0,35.29944924986921,0.9289770289312729,0.23422184200166649,0.01487957013311812,0.0024790473046864756
random_forest,min_samples_leaf=100,0,33.81927699991502,0.9482126902923738,0.23865608742205607,0.012339457416907267,0.0024726729070461743
lightgbm,"leaves=31,lr=0.05",0,8.439830749994144,0.9539945669757703,0.22629049297431703,0.011947437033292709,0.0025012676115666386
lightgbm,"leaves=31,lr=0.1",0,4.421466416912153,0.9531377436496685,0.20790728411269374,0.012198956467377465,0.002550292690054611
lightgbm,"leaves=63,lr=0.05",0,11.695609332993627,0.9521675387872286,0.221197888222424,0.012125199232557289,0.0025174425647135354
lightgbm,"leaves=63,lr=0.1",0,6.075749957934022,0.952112545720862,0.20267836094095845,0.012334848738994241,0.002567190690480985
logistic_regression,C=0.01,1,2.1441004159860313,0.9579813265441859,0.23057395510877893,0.011808700739146492,0.0025015446844001
logistic_regression,C=0.1,1,1.4321594580542296,0.9565656055612515,0.2265399517897313,0.011820794083012811,0.0025074779747301314
logistic_regression,C=1,1,1.4408534578979015,0.9565221701408976,0.22659789828918173,0.01182077128275568,0.0025076657750544955
random_forest,min_samples_leaf=20,1,35.43913966603577,0.9413887768206417,0.22414129744753417,0.01363173399874992,0.0025011485996554064
random_forest,min_samples_leaf=100,1,33.87959250016138,0.9525587527575712,0.2314490207862295,0.012263781231436623,0.00248898252480324
lightgbm,"leaves=31,lr=0.05",1,8.539222208084539,0.957361905845308,0.21691856378269964,0.011882183488178674,0.002521265522679769
lightgbm,"leaves=31,lr=0.1",1,4.401565416017547,0.9569210749482437,0.2093134754732443,0.011984848305352139,0.0025484137899285005
lightgbm,"leaves=63,lr=0.05",1,13.930483458098024,0.9551730412553175,0.20888239034821782,0.012102437882983505,0.002543154624046345
lightgbm,"leaves=63,lr=0.1",1,6.603912916965783,0.954651956938696,0.20543387086881545,0.012171151618777049,0.002558260044295109
logistic_regression,C=0.01,2,2.387787082931027,0.9559504818890947,0.21108875963972737,0.012160219489934364,0.002541300803229765
logistic_regression,C=0.1,2,1.7558602918870747,0.9559095161848489,0.21439480879238124,0.01211784208517212,0.0025376450073458182
logistic_regression,C=1,2,2.020851416978985,0.956431038798196,0.21815221346984653,0.012071896228321489,0.0025294213813536965
random_forest,min_samples_leaf=20,2,36.827027374878526,0.9419545502151628,0.22502793455647077,0.013557844243708494,0.0025056738435336977
random_forest,min_samples_leaf=100,2,38.68857079092413,0.953517014424287,0.23126780541751904,0.012201885434276116,0.002495383679201868
lightgbm,"leaves=31,lr=0.05",2,8.839282999979332,0.9566305164469009,0.20788746601758978,0.01208327884776998,0.0025446789257944527
lightgbm,"leaves=31,lr=0.1",2,4.360504416981712,0.955663118227119,0.19184028603815653,0.012254879913400277,0.002580687148367114
lightgbm,"leaves=63,lr=0.05",2,12.66788824996911,0.9548214789398712,0.20245936985234073,0.012234998758197968,0.002559940029782154
lightgbm,"leaves=63,lr=0.1",2,6.260367874987423,0.9537979916302988,0.18637289770392368,0.01242241962246106,0.0025971937097016063
logistic_regression,C=0.01,3,2.26666033314541,0.9583656300547334,0.22356440079696915,0.011824013733832822,0.002516572502895512
logistic_regression,C=0.1,3,1.459695833036676,0.9567062526171175,0.21562725160267698,0.011896973543735569,0.0025318095053787973
logistic_regression,C=1,3,2.2157025828491896,0.9581952883957111,0.2235605981909619,0.011763819280006587,0.0025142328815345566
random_forest,min_samples_leaf=20,3,35.85988779203035,0.9400733505898919,0.2222381144842426,0.013998327391688,0.0025038589800129825
random_forest,min_samples_leaf=100,3,33.79201408289373,0.9519057228641942,0.2315741334024242,0.012202101286179804,0.002489529354818316
lightgbm,"leaves=31,lr=0.05",3,8.895959666930139,0.9574969119793459,0.21792069003198877,0.011840404424189373,0.0025283729648960694
lightgbm,"leaves=31,lr=0.1",3,4.566153167048469,0.9574399430733338,0.2084657384741144,0.011982489757327403,0.0025599648464746105
lightgbm,"leaves=63,lr=0.05",3,12.59715775004588,0.9548764830304152,0.2081434436764922,0.012033500110221217,0.0025517004684466483
lightgbm,"leaves=63,lr=0.1",3,6.468630457995459,0.9544632669755743,0.1981733410411594,0.012207689082459358,0.002582723011556649
logistic_regression,C=0.01,4,2.171195583185181,0.9554541939143473,0.21147662774689455,0.012077915295905498,0.0025443703511735228
logistic_regression,C=0.1,4,1.7251539998687804,0.9553054355120515,0.21057791515510907,0.012075624491994752,0.0025481399821704236
logistic_regression,C=1,4,1.652418542187661,0.955262331626104,0.2102092583871052,0.012076812595914687,0.002548784224779105
random_forest,min_samples_leaf=20,4,36.91783925006166,0.9405458768581695,0.22980301004773057,0.014021115307718927,0.0024992505276562487
random_forest,min_samples_leaf=100,4,35.3247206248343,0.9520338505686394,0.23283120039377905,0.012420780194983811,0.002499583017260148
lightgbm,"leaves=31,lr=0.05",4,9.016038042027503,0.9586043891114076,0.22127265369114338,0.011914496945595978,0.002519408219311293
lightgbm,"leaves=31,lr=0.1",4,4.500226582866162,0.9563615839348522,0.21462298109091488,0.012084203396045913,0.0025374301645704495
lightgbm,"leaves=63,lr=0.05",4,12.76583637483418,0.9564984132372578,0.22006999636858599,0.012046804138975258,0.002528860067580459
lightgbm,"leaves=63,lr=0.1",4,6.509748500073329,0.9552551612640342,0.21006544979303365,0.012195055397580052,0.002553752360393662
