model,config,roc_auc_mean,pr_auc_mean,log_loss_mean,brier_mean,roc_auc_sd,pr_auc_sd,log_loss_sd,brier_sd,fit_predict_seconds_mean,selected
logistic_regression,C=0.01,0.9563279746284256,0.22175558848917198,0.01196751999972488,0.0025194591428635113,0.0018536387961064142,0.010086468528293717,0.00015422257664457985,2.2914958641700934e-05,2.223265508050099,False
logistic_regression,C=0.1,0.9556802958998288,0.21998427609761154,0.011963842732771927,0.0025228477716546503,0.001134334472068043,0.009293143408309735,0.00012675376929890446,2.4029320563391624e-05,1.6902891083620488,False
logistic_regression,C=1,0.9560612495141989,0.2221272007713777,0.011928387643093586,0.002517918210678607,0.0015994067012186526,0.008361466061814394,0.00014289744878288538,2.242807109850052e-05,1.848409774992615,True
random_forest,min_samples_leaf=20,0.9385879166830279,0.2270864397075289,0.01401771821499669,0.0024977958511089625,0.00542190750949578,0.004865986132628749,0.0005252723478580301,1.0766722997040292e-05,36.06866866657511,False
random_forest,min_samples_leaf=100,0.951645606181413,0.23315564948440154,0.012285601112756724,0.0024892302966259493,0.002021095703766799,0.00313599324657419,9.438025329906323e-05,1.0238907632535403e-05,35.100834999745715,True
lightgbm,"leaves=31,lr=0.05",0.9568176580717467,0.2180579732995477,0.011933560147805344,0.0025229986488496444,0.001728790374946758,0.006761376881423052,9.258673331694865e-05,1.570868050916764e-05,8.746066733403131,True
lightgbm,"leaves=31,lr=0.1",0.9559046927666435,0.20642995303782477,0.012101075567900639,0.0025553577278790572,0.0016817506843263823,0.008582332476123262,0.00012358447352811905,1.626403618895591e-05,4.449983199965208,False
lightgbm,"leaves=63,lr=0.05",0.9547073910500181,0.21215061769361215,0.012108588024587048,0.0025402195509138283,0.0015745672619900874,0.008142921787122084,8.023227755885794e-05,1.7154827093664684e-05,12.731395033188164,False
lightgbm,"leaves=63,lr=0.1",0.954056184505893,0.20054478406957812,0.012266232892054352,0.0025718239632856023,0.0012044294793653446,0.009021703012907332,0.00010797741788909328,1.798918586799868e-05,6.383681941591203,False
