term,coef,se,ci_lo,ci_hi,z,odds_ratio,n_rows_fit,n_positives_fit,raw_feature
f0,-0.17884256116388425,0.06666545190044391,-0.3095044459018416,-0.04818067642592688,-2.682687300027038,0.836237545299523,1000000,2826,f0
f2,-0.9472148543405925,0.06290042665006786,-1.0704974251869288,-0.8239322834942561,-15.05895754269213,0.38781965491290404,1000000,2826,f2
f7,0.05867377576487656,0.048118201991507625,-0.035636167139301886,0.15298371866905502,1.2193675851652124,1.060429246587518,1000000,2826,f7
f10,-0.15574938447458941,0.025866972583620418,-0.20644771912757043,-0.1050510498216084,-6.021167880048461,0.8557736336573192,1000000,2826,f10
f1_logfreq,-0.02659112693978778,0.06835937572779589,-0.16057304137190925,0.1073907874923337,-0.388990195663467,0.9737593040868343,1000000,2826,f1
f3_logfreq,0.0982526168450465,0.07102857505152693,-0.04096083212914649,0.2374660658192395,1.3832829501896973,1.1032414472833834,1000000,2826,f3
f4_logfreq,-0.2920516372676631,0.044382271581959294,-0.3790392911203788,-0.20506398341494736,-6.580367044267684,0.7467299758821602,1000000,2826,f4
f5_logfreq,-0.0473356883426861,0.08347046152970095,-0.2109347867138361,0.11626341002846387,-0.567095083400765,0.9537671753235444,1000000,2826,f5
f6_logfreq,-0.09899143288638038,0.045545477371868426,-0.18825892819392648,-0.009723937578834274,-2.173463505018027,0.905750467657477,1000000,2826,f6
f8_logfreq,0.2494117861676091,0.06984862929407545,0.11251098838173182,0.38631258395348633,3.5707470381063606,1.2832703572664728,1000000,2826,f8
f9_logfreq,-0.21805871462791893,0.06921576283697467,-0.35371911695085523,-0.08239831230498265,-3.1504198709984195,0.804078229126499,1000000,2826,f9
f11_logfreq,-0.055696424241414674,0.038916374795629295,-0.1319711172497104,0.020578268766881055,-1.4311822345710872,0.9458262222248675,1000000,2826,f11
f1_is_0,0.09664460271903504,1.021593675664975,-1.9056422084182092,2.0989314138562793,0.09460180208743676,1.1014688450184442,1000000,2826,f1
f1_is_1,-0.0751008981457134,0.5120537587350932,-1.078707823414858,0.9285060271234312,-0.14666604211876558,0.9276498834533423,1000000,2826,f1
f1_is_2,0.1930547355593899,0.36679963341157584,-0.5258593354697935,0.9119688065885733,0.5263220515347911,1.2129491831542174,1000000,2826,f1
f1_is_3,-0.20348123411338084,0.3210340376447385,-0.8326963857085442,0.4257339174817826,-0.6338307165377788,0.8158855149940826,1000000,2826,f1
f3_is_0,-0.6272991338945523,0.3109603719842369,-1.2367702636028346,-0.01782800418626984,-2.017296062169462,0.5340322044430791,1000000,2826,f3
f3_is_1,-0.29157534542955504,0.2136803754768629,-0.7103811855672021,0.127230494708092,-1.3645396531097287,0.7470857219877015,1000000,2826,f3
f3_is_2,-0.3634867657016133,0.20465987474860511,-0.7646127492893577,0.03763921788613117,-1.7760529080167957,0.6952479282738108,1000000,2826,f3
f3_is_3,-0.2900765474724879,0.20051028701848778,-0.6830694885585131,0.10291639361353727,-1.446691597652253,0.7482062920858874,1000000,2826,f3
f3_is_4,-0.21081430359053516,0.19539381026652675,-0.5937791345149802,0.1721505273339099,-1.0789200707175632,0.8099244529806211,1000000,2826,f3
f3_is_5,-0.285238667021584,0.1967949080055828,-0.6709495990533995,0.10047226501023143,-1.4494209728916978,0.7518347947335098,1000000,2826,f3
f3_is_6,-0.47490146822232016,0.2132437951746158,-0.8928516266912033,-0.056951309753436985,-2.2270353415603235,0.6219463349240343,1000000,2826,f3
f3_is_7,-0.16450346691887183,0.2003558618976827,-0.5571937403298108,0.22818680649206716,-0.8210564211137485,0.8483148159005968,1000000,2826,f3
f3_is_8,-0.21264427750936818,0.20882908908931788,-0.6219417710487376,0.19665321603000122,-1.0182694299759096,0.8084436676679306,1000000,2826,f3
f3_is_9,-0.1482461531466171,0.207327789583285,-0.5546011537241542,0.25810884743092005,-0.7150327191766331,0.8622188509351604,1000000,2826,f3
f3_is_10,-0.02087881565654732,0.2034753435408887,-0.4196831607386039,0.3779255294255093,-0.10261103528915623,0.9793376377672989,1000000,2826,f3
f3_is_11,-0.28448288001882943,0.2196837537114566,-0.7150551252818518,0.14608936524419291,-1.2949654911326907,0.7524032364829726,1000000,2826,f3
f3_is_12,0.305992581129456,0.19154348139053368,-0.06942574386940809,0.68141090612832,1.5975097607502216,1.3579722318903305,1000000,2826,f3
f3_is_13,0.011178718901706974,0.21737957489083695,-0.4148774188589609,0.4372348566623748,0.051424881603161984,1.011241434254421,1000000,2826,f3
f3_is_14,-0.5219300535546512,0.2678933673154476,-1.0469914051900882,0.003131298080785827,-1.9482753857809116,0.5933741980874606,1000000,2826,f3
f3_is_15,-0.2362237192853823,0.2432457612872516,-0.7129766508004227,0.24052921222965815,-0.9711319039447645,0.7896040045277352,1000000,2826,f3
f3_is_16,-0.27057229629199375,0.24204842801308363,-0.7449784977121736,0.20383390512818605,-1.1178436419234596,0.7629427400712041,1000000,2826,f3
f3_is_17,-0.22942589805205196,0.24856217137951064,-0.7165988018749654,0.2577470057708615,-0.9230121252109559,0.7949898767536773,1000000,2826,f3
f3_is_18,-0.1733633591357596,0.24822371113330657,-0.6598728930659146,0.3131461747943953,-0.6984157893065106,0.840832035328755,1000000,2826,f3
f3_is_19,-0.1922105122392172,0.278108392623268,-0.7372929455791473,0.3528719211007129,-0.6911352456004087,0.8251331495803749,1000000,2826,f3
f3_is_20,0.031049378820594158,0.24500903666338475,-0.4491595089264936,0.5112582665676819,0.12672748419174662,1.0315364386817043,1000000,2826,f3
f3_is_21,-0.4529593851764494,0.2713155747605965,-0.984728140152003,0.07880936979910425,-1.6694927505585768,0.6357439537305754,1000000,2826,f3
f3_is_22,-0.15944704613101876,0.2720686052156646,-0.6926917136777677,0.37379762141573014,-0.5860545578370849,0.8526151154701461,1000000,2826,f3
f3_is_23,-0.15649700614832188,0.2669146700322211,-0.6796401463568676,0.36664613406022395,-0.5863184894611827,0.8551340778436715,1000000,2826,f3
f3_is_24,-0.00040323607935265527,0.28609512590613456,-0.5611393790078286,0.5603329068491233,-0.0014094475677469377,0.9995968452093886,1000000,2826,f3
f3_is_25,-0.2713501053754487,0.3173490692548854,-0.8933428516423314,0.35064264089143404,-0.8550524695489443,0.7623495470032051,1000000,2826,f3
f3_is_26,0.06811811555588038,0.2619502265717233,-0.4452948942668043,0.5815311253785651,0.2600422089622789,1.07049174273896,1000000,2826,f3
f3_is_27,-0.37559284029620993,0.32629394203684864,-1.0151172150620331,0.2639315344696133,-1.1510873844350868,0.6868819467647015,1000000,2826,f3
f3_is_28,-0.03658621702335479,0.3065321178253352,-0.6373781280658,0.5642056940190905,-0.11935524826211506,0.9640749706387962,1000000,2826,f3
f3_is_29,-0.13136650694087232,0.3436636378180576,-0.8049348598602826,0.5422018459785378,-0.3822531466375863,0.8768963268980396,1000000,2826,f3
f4_is_0,-1.5678145636949246,0.3959828714076562,-2.343926730148686,-0.7917023972411629,-3.9592989416981417,0.20850034903937445,1000000,2826,f4
f4_is_1,-0.5136349531577972,0.22769325647110536,-0.9599055353638053,-0.06736437095178904,-2.2558197863140417,0.598316767848746,1000000,2826,f4
f4_is_2,-0.23689691820468728,0.18509253995598288,-0.5996716303254546,0.12587779391608006,-1.2798836639284548,0.7890726228480628,1000000,2826,f4
f4_is_3,0.0066160169742137676,0.16281361559049287,-0.31249280577590133,0.32572483972432886,0.040635526397585234,1.0066379511601498,1000000,2826,f4
f4_is_4,0.12969472778273494,0.15141478941957331,-0.16707280620634518,0.42646226177181507,0.8565525750813439,1.1384807837179107,1000000,2826,f4
f4_is_5,0.05866567891599064,0.1455956736614761,-0.22669659776534948,0.3440279555973308,0.4029355917016736,1.0604206604869144,1000000,2826,f4
f4_is_6,0.07720458020489294,0.14793710131122367,-0.21274681034235865,0.36715597075214457,0.5218743609317671,1.080263054224956,1000000,2826,f4
f4_is_7,0.16068159650942457,0.15070587784328732,-0.13469649632191147,0.4560596893407606,1.0661932952376985,1.1743110045583962,1000000,2826,f4
f4_is_8,0.010850694396819884,0.15668639428693892,-0.2962489952730229,0.3179503840666627,0.06925103131130242,1.0109097766825077,1000000,2826,f4
f5_is_0,0.9078140873574793,0.790356668871335,-0.6412565185713867,2.4568846932863453,1.1486131807477233,2.4788979523411174,1000000,2826,f5
f5_is_1,0.6609287777709069,0.4915697193097421,-0.3025301679666512,1.624387723508465,1.3445270361627997,1.9365901612751248,1000000,2826,f5
f5_is_2,0.562365524696986,0.386138768322843,-0.19445255425044217,1.3191836036444142,1.4563819301013652,1.7548186613216459,1000000,2826,f5
f5_is_3,0.38207755553585826,0.3289612912554496,-0.26267472763261396,1.0268298387043304,1.1614666092709434,1.4653257248480058,1000000,2826,f5
f5_is_4,0.377985917741474,0.28849733536133915,-0.18745846920252446,0.9434303046854724,1.3101885924459287,1.4593423918942543,1000000,2826,f5
f5_is_5,0.4775833380229357,0.2706816769611152,-0.05294300009575542,1.0081096761416268,1.7643726142997957,1.6121736119771717,1000000,2826,f5
f5_is_6,0.3508908185280403,0.2863351843832254,-0.21031583036971718,0.9120974674257978,1.2254547735161143,1.4203322434812702,1000000,2826,f5
f6_is_0,-0.5178974491189949,0.20453846258655595,-0.9187854692418379,-0.11700942899615197,-2.5320296367233754,0.5957718726980795,1000000,2826,f6
f6_is_1,-0.3273867860357342,0.18700452553429386,-0.6939089210289511,0.03913534895748272,-1.7506891081932467,0.7208048918355592,1000000,2826,f6
f6_is_2,-0.1665365057228282,0.1854240025851141,-0.5299608726589138,0.19688786121325735,-0.898138878467926,0.8465919109216712,1000000,2826,f6
f6_is_3,0.06500311929078056,0.17866980480403674,-0.285183263249933,0.4151895018314941,0.36381703871046,1.0671623531686905,1000000,2826,f6
f6_is_4,0.09518397080594838,0.1753233627397888,-0.2484435058124893,0.43881144742438605,0.5429052313308547,1.0998611788622086,1000000,2826,f6
f6_is_5,0.23097496386390962,0.17606923373562822,-0.11411439304348639,0.5760643207713056,1.311841705466405,1.2598276978366996,1000000,2826,f6
f6_is_6,-0.11752380165493591,0.20542324340049492,-0.5201459603073113,0.28509835699743946,-0.5721056668636592,0.8891193489826533,1000000,2826,f6
f6_is_7,-0.18858559041215683,0.20834236609312978,-0.5969291244085502,0.21975794358423645,-0.9051715882302037,0.8281296204496996,1000000,2826,f6
f6_is_8,0.051377126301683895,0.1968912004149101,-0.33452253538439763,0.4372767879877654,0.26094170889006996,1.0527198267664488,1000000,2826,f6
f6_is_9,-0.06455628255324473,0.2088233808585356,-0.47384258816586544,0.34473002305937595,-0.30914298144122787,0.9374833488206807,1000000,2826,f6
f6_is_10,-0.09914139269382237,0.214203617676158,-0.5189727686972794,0.3206899833096346,-0.46283715358957417,0.9056146516754804,1000000,2826,f6
f6_is_11,-0.07910624286877468,0.2221359675011316,-0.5144847388419526,0.35627225310440314,-0.35611631812111516,0.9239417570075389,1000000,2826,f6
f6_is_12,-0.1442005320323374,0.21675918545559436,-0.5690407288435406,0.28063966477886587,-0.6652568458829098,0.8657141272381605,1000000,2826,f6
f6_is_13,-0.09784666279082431,0.22652358920107224,-0.5418247392736723,0.3461314136920236,-0.43194911018283105,0.9067879374257699,1000000,2826,f6
f6_is_14,0.004040382401316863,0.225787470954445,-0.4384949288297789,0.4465756936324127,0.017894626235182252,1.0040485557504026,1000000,2826,f6
f6_is_15,0.22172169575593223,0.22591872211997335,-0.22107086303252801,0.6645142545443925,0.9814224057012313,1.248223943499274,1000000,2826,f6
f6_is_16,-0.33875453300800196,0.2639044741531747,-0.855997797707206,0.17848873169120205,-1.283625577379878,0.7126573614795519,1000000,2826,f6
f6_is_17,0.2142221083043573,0.22135443470742194,-0.21962461154041266,0.6480688281491273,0.9677787056198269,1.2388977937252368,1000000,2826,f6
f6_is_18,0.013061020323019274,0.23583655865324746,-0.4491701408752138,0.4752921815212523,0.05538166091637644,1.0131466880118003,1000000,2826,f6
f6_is_19,-0.012117377802817896,0.24592255499387505,-0.4941167285768838,0.469881972971248,-0.049273145373427384,0.987955741981585,1000000,2826,f6
f6_is_20,-0.24000622415645104,0.27181564461175467,-0.772755098030029,0.29274264971712693,-0.8829742839094552,0.7866229649869144,1000000,2826,f6
f6_is_21,0.43166365783361127,0.21646523729084863,0.007399588838631288,0.8559277268285912,1.9941477127508291,1.5398171226277777,1000000,2826,f6
f6_is_22,-0.18638759368483768,0.28321655065859197,-0.7414818328013417,0.3687066454316663,-0.6581098218003568,0.8299518485373032,1000000,2826,f6
f6_is_23,0.3319450451268295,0.2211730904955601,-0.10154624659388645,0.7654363368475454,1.500838299917381,1.3936762571060504,1000000,2826,f6
f6_is_24,0.05814684353919456,0.2601853068933336,-0.45180698727824026,0.5681006743566294,0.22348242578906513,1.059870619436685,1000000,2826,f6
f6_is_25,0.04180856364236277,0.2658492429260092,-0.479246377809855,0.5628635050945805,0.1572641816926252,1.0426948499390671,1000000,2826,f6
f6_is_26,-0.07848384141258459,0.28131577279674264,-0.6298526243772529,0.4728849415520837,-0.27898841445087064,0.9245169986995987,1000000,2826,f6
f6_is_27,0.03911329597796266,0.29042162568653596,-0.5301026306992205,0.6083292226551458,0.13467762906946626,1.0398882921374475,1000000,2826,f6
f6_is_28,-0.7410211413348426,0.41383345662337906,-1.5521198119143844,0.07007752924469901,-1.7906264693558358,0.47662696344622635,1000000,2826,f6
f6_is_29,-0.0013470212835387627,0.2672294532618531,-0.5251071252851005,0.5224130827180229,-0.005040691686851007,0.9986538855424134,1000000,2826,f6
f8_is_0,-5.139783705880001,0.28297322489173177,-5.6944010352569485,-4.585166376503054,-18.163498358710548,0.005858956834207851,1000000,2826,f8
f8_is_1,-1.869584999493388,0.2890239384266336,-2.436061509479512,-1.303108489507264,-6.468616439423294,0.154187636486708,1000000,2826,f8
f8_is_2,-1.6046830904228084,0.2660599757351982,-2.126151060591398,-1.0832151202542193,-6.031283307414503,0.20095322882304437,1000000,2826,f8
f8_is_3,-1.3573002251314972,0.2763871689895502,-1.8990091221400012,-0.8155913281229932,-4.910865544495717,0.25735463948376497,1000000,2826,f8
f8_is_4,-0.7722592546048556,0.2475527220458571,-1.25745367408959,-0.287064835120121,-3.1195748857966543,0.46196818467806144,1000000,2826,f8
f8_is_5,-0.7731041781368878,0.26961923326206444,-1.301548164869838,-0.2446601914039377,-2.867392540151044,0.4615780217399119,1000000,2826,f8
f8_is_6,-0.9184065451221839,0.30055100820150843,-1.5074756967143428,-0.329337393530025,-3.0557426861347476,0.39915456940280986,1000000,2826,f8
f8_is_7,-0.7290256251228208,0.3091547940244122,-1.3349578870585674,-0.12309336318707409,-2.3581249238698647,0.4823787789412918,1000000,2826,f8
f8_is_8,-0.9937648387315523,0.351499191749898,-1.682690595156291,-0.30483908230681367,-2.827217990983732,0.37018039476831166,1000000,2826,f8
f8_is_9,-0.33868869333659574,0.2730572748273997,-0.8738711177149547,0.1964937310417632,-1.2403576998660146,0.7127042841507267,1000000,2826,f8
f8_is_10,-0.3683484880138473,0.28780552538243453,-0.9324369523150473,0.1957399762873528,-1.2798520373241191,0.6918760291685561,1000000,2826,f8
f8_is_11,-0.3742240202855426,0.30695045224069856,-0.9758358517155937,0.22738781114450857,-1.219167515648717,0.6878228083065469,1000000,2826,f8
f8_is_12,-0.21062217921393128,0.26522447943114547,-0.7304526067173607,0.30920824828949817,-0.7941279766697048,0.8100800741600785,1000000,2826,f8
f8_is_13,-0.1382415183544364,0.2784208551685564,-0.6839363670296496,0.4074533303207767,-0.49651998328481817,0.8708883308272501,1000000,2826,f8
f8_is_14,-0.19888276216825448,0.28625442467247364,-0.7599311249415367,0.36216560060502767,-0.6947762026589178,0.8196459812178848,1000000,2826,f8
f8_is_15,-0.2931623440148815,0.3307214543163098,-0.9413644833895575,0.35503979535979446,-0.8864327977177258,0.745901038298101,1000000,2826,f8
f8_is_16,-0.41494803921093876,0.3470276877076085,-1.0951098087560647,0.2652137303341871,-1.1957202664490483,0.6603745933984668,1000000,2826,f8
f8_is_17,-0.904125524518803,0.4201424372660647,-1.7275895699371688,-0.0806614791004372,-2.151950015813911,0.4048958017858358,1000000,2826,f8
f8_is_18,-0.377749670907362,0.34730358550587753,-1.058452190200509,0.30295284838578507,-1.087664183936187,0.6854020552670078,1000000,2826,f8
f8_is_19,-0.16469612788616791,0.31570330356524656,-0.7834632326743668,0.4540709769020309,-0.52168009021841,0.8481513944905628,1000000,2826,f8
f8_is_20,-0.12293614490050973,0.3166951762483598,-0.7436472844248597,0.49777499462384023,-0.388184456602207,0.8843201291077886,1000000,2826,f8
f8_is_21,-0.024073214627614116,0.30413115984353006,-0.6201593344973274,0.5720129052420991,-0.07915405524379464,0.9762142339797926,1000000,2826,f8
f8_is_22,0.14716461668340064,0.28449796751575374,-0.4104411533223229,0.7047703866891242,0.5172782708025905,1.1585446631132303,1000000,2826,f8
f8_is_23,-0.8186146741803909,0.4577323962735037,-1.7157536854336741,0.07852433707289241,-1.7884132319339994,0.4410422186662616,1000000,2826,f8
f8_is_24,0.12920669314508088,0.29278657274468384,-0.444644444591416,0.7030578308815778,0.44129992688480246,1.137925301219528,1000000,2826,f8
f8_is_25,0.05124895768767412,0.30514385551157386,-0.5468220092187047,0.649319924594053,0.16795015453204917,1.0525849097715585,1000000,2826,f8
f8_is_26,0.08843598293036181,0.2953109867530086,-0.49036291534452003,0.6672348812052437,0.299467296840966,1.092464314007804,1000000,2826,f8
f8_is_27,-0.4299444101782635,0.36858821727357344,-1.1523640411602918,0.2924752208037647,-1.1664627083267567,0.6505452574130596,1000000,2826,f8
f8_is_28,0.3640536965712054,0.2630181041833743,-0.15145231491021188,0.8795597080526227,1.3841393074500676,1.4391514895837507,1000000,2826,f8
f8_is_29,0.2086281139402714,0.2935229010659547,-0.3666662007867133,0.783922428667256,0.7107728670663165,1.23198675462846,1000000,2826,f8
f9_is_0,0.5250884317436433,0.23646904323968831,0.06161762353520944,0.9885592399520771,2.2205377268406603,1.6906083452126461,1000000,2826,f9
f9_is_1,-0.2372198346537033,0.1995699789115558,-0.6283698057157708,0.1539301364083642,-1.188654906652232,0.788817859454536,1000000,2826,f9
f9_is_2,-0.13277095075507844,0.19684766565997466,-0.5185852858894108,0.2530433843792539,-0.6744857771614152,0.8756656396938335,1000000,2826,f9
f9_is_3,-0.03098970085233029,0.19276034879954945,-0.4087930421468258,0.3468136404421653,-0.16076802643969237,0.9694855578995327,1000000,2826,f9
f9_is_4,0.02347496816039723,0.1931993709830551,-0.3551888408021835,0.40213877712297796,0.12150644197726784,1.0237526740131597,1000000,2826,f9
f9_is_5,0.04985866082298246,0.18829726531420743,-0.3191971975802472,0.41891451922621215,0.264786961933751,1.051122521084442,1000000,2826,f9
f9_is_6,-0.1608288651261675,0.21127331189480075,-0.5749169473344748,0.2532592170821398,-0.761236067555229,0.851437769335003,1000000,2826,f9
f9_is_7,-0.24976585137434495,0.21583090119282192,-0.6727866444630989,0.173254941714409,-1.1572293401638802,0.7789831595551884,1000000,2826,f9
f9_is_8,-0.14091854813316382,0.21840713828709774,-0.5689886731423345,0.2871515768760069,-0.6452103591409425,0.8685600546544667,1000000,2826,f9
f9_is_9,-0.07659386479120343,0.21352997079629812,-0.4951049171718373,0.3419171875894304,-0.35870311088213436,0.926265966446676,1000000,2826,f9
f9_is_10,-0.13160522280129863,0.21850493118941786,-0.5598670183769604,0.2966565727743631,-0.6022986396000944,0.8766870228199549,1000000,2826,f9
f9_is_11,-0.2650573440633026,0.23896182525028556,-0.7334139152338164,0.20329922710721116,-1.109203713964291,0.7671619565306876,1000000,2826,f9
f9_is_12,0.25372627901336875,0.19205299021912273,-0.12269066493933506,0.6301432229660726,1.3211264178906037,1.2888189791796214,1000000,2826,f9
f9_is_13,-0.010297186606147916,0.21850282490495532,-0.4385548539401219,0.41796048072782604,-0.0471261028804868,0.9897556479153687,1000000,2826,f9
f9_is_14,0.18321577930310232,0.2060125192227382,-0.2205613387378301,0.5869928973440347,0.889342938935724,1.2010735469343568,1000000,2826,f9
f9_is_15,-0.405988637813703,0.2529956453005652,-0.9018509908482809,0.08987371522087495,-1.6047257941194137,0.6663177382081504,1000000,2826,f9
f9_is_16,-0.4573998893457095,0.266757090644553,-0.98023417962972,0.065434400938301,-1.7146681583627825,0.6329271886105138,1000000,2826,f9
f9_is_17,0.05710261898328787,0.22213896928634486,-0.37828176038079725,0.49248699834737303,0.2570580892075744,1.0587644541527752,1000000,2826,f9
f9_is_18,-0.16190619959264857,0.246954888749811,-0.645928887348374,0.32211648816307675,-0.6556104250953909,0.8505209800130747,1000000,2826,f9
f9_is_19,-0.19969225400231477,0.24224087039854347,-0.6744756355670949,0.27509112756246534,-0.8243540971173602,0.8189827529644128,1000000,2826,f9
f9_is_20,-0.15311826656574903,0.24816304715830803,-0.6395089012897478,0.3332723681582497,-0.6170067152184504,0.8580282397573132,1000000,2826,f9
f9_is_21,-0.07098574476537418,0.24312548963518862,-0.5475029481740101,0.40553145864326173,-0.2919716269646953,0.9314751704300518,1000000,2826,f9
f9_is_22,0.017622327759133662,0.23028309576943054,-0.4337242461973383,0.46896890171560557,0.0765246259186037,1.0177785171013038,1000000,2826,f9
f9_is_23,0.08165594447607619,0.24069988930834318,-0.3901071696510541,0.5534190586032065,0.33924379737238963,1.0850824169998181,1000000,2826,f9
f9_is_24,-0.1920192053942984,0.2548038402276351,-0.6914255553629614,0.30738714457436456,-0.7535961986395239,0.8252910183000609,1000000,2826,f9
f9_is_25,0.19183105869790185,0.23076436182158308,-0.26045877938777084,0.6441208967835745,0.8312854601275791,1.21146583306032,1000000,2826,f9
f9_is_26,0.1842850722605315,0.21630008807660547,-0.2396553102224568,0.6082254547435199,0.8519879668068585,1.202358533310453,1000000,2826,f9
f9_is_27,-0.07952605571718775,0.2417031657830276,-0.5532555556012358,0.3942034441668603,-0.32902364128973305,0.9235539557944233,1000000,2826,f9
f9_is_28,0.22185061956105157,0.22124908259220255,-0.21178961393219325,0.6554908530542964,1.0027188224321713,1.2483848796537387,1000000,2826,f9
f9_is_29,-0.16480681313023982,0.2625962488433502,-0.679486003338524,0.3498723770780444,-0.6276053593916875,0.848057521841708,1000000,2826,f9
f11_is_0,0.6638905888861898,0.48764520149174145,-0.2918764432714013,1.619657621043781,1.3614213507183115,1.9423344781320449,1000000,2826,f11
f11_is_1,0.01548161217797028,0.24153425459312233,-0.4579168278572776,0.4888800522132182,0.0640969629920605,1.0156020731764415,1000000,2826,f11
f11_is_2,-0.013864851386423287,0.18064271655699962,-0.3679180699076199,0.3401883671347733,-0.07675289461254532,0.9862308229848348,1000000,2826,f11
f11_is_3,-0.023355094765667436,0.15601189461679177,-0.32913278937443763,0.28242259984310275,-0.14970073162071384,0.9769155245859474,1000000,2826,f11
f11_is_4,-0.21609221019568464,0.15436189394368843,-0.5186359629107055,0.08645154251933618,-1.399906445009774,0.8056610082889895,1000000,2826,f11
