outcome,scorer,metric,estimate,ci_low,ci_high,rel_halfwidth
visit,s_learner,incremental_at_5,13631.394098710633,12644.89103578141,14670.535409983397,0.07430070466503456
visit,s_learner,incremental_at_10,17515.619676770417,16246.593040244054,18852.604486507953,0.07439107192193853
visit,s_learner,incremental_at_20,20200.72802686309,18764.68472916635,21695.69601329716,0.07254716959292577
visit,s_learner,incremental_at_30,20883.82626607532,19354.34535147781,22426.62942478675,0.07355654165490993
visit,t_learner,incremental_at_5,13044.73017636387,12081.39841171756,14080.847794121351,0.07663820390960067
visit,t_learner,incremental_at_10,16764.65862378446,15499.590646274206,18088.64594107,0.07721765628805094
visit,t_learner,incremental_at_20,19355.63714781718,18109.100606807344,20788.417553738356,0.06921283258384421
visit,t_learner,incremental_at_30,19955.237871600577,18619.82734195961,21479.972287651857,0.07166401533510855
visit,x_learner,incremental_at_5,13624.161566013365,12611.56963749179,14555.305380340327,0.07133414168022466
visit,x_learner,incremental_at_10,17419.503887572064,16305.4262243407,18703.50734634577,0.06883322101141987
visit,x_learner,incremental_at_20,19915.533081909467,18534.75456459243,21403.195533772996,0.07201516919941632
visit,x_learner,incremental_at_30,20481.122388574782,18977.64001457638,22041.39837699167,0.07479468908706834
visit,dr_learner,incremental_at_5,13978.67762687088,13021.658378608588,14883.877758631756,0.06660928271367626
visit,dr_learner,incremental_at_10,17184.437140689624,15996.963508487584,18431.93396794296,0.07084812960471686
visit,dr_learner,incremental_at_20,19588.897858347995,18141.83975792694,21129.026875331223,0.07624694199248337
visit,dr_learner,incremental_at_30,20574.360250233036,19105.89151954423,22158.564399776016,0.0741863378278605
visit,causal_forest,incremental_at_5,13582.392460950136,12606.635880365986,14539.305164624566,0.07114612870357977
visit,causal_forest,incremental_at_10,16929.589133469202,15831.141161007024,18280.109345638302,0.07232804545119627
visit,causal_forest,incremental_at_20,19026.066503458107,17614.001723541383,20533.65807990043,0.07672779751475116
visit,causal_forest,incremental_at_30,19915.66788184411,18458.421841998777,21590.380592835492,0.07863052269745693
visit,class_transformation,incremental_at_5,13700.375145094702,12729.414145520504,14709.551149464362,0.07226579502287671
visit,class_transformation,incremental_at_10,16807.46981647935,15604.81567921175,17992.174418364208,0.07102076532696508
visit,class_transformation,incremental_at_20,19291.67230014881,17861.73598419109,20661.382909441043,0.07256102223000015
visit,class_transformation,incremental_at_30,19951.051043178904,18541.37074325241,21465.115468394342,0.07327294985147001
visit,response,incremental_at_5,8541.584123485409,7417.504870179169,9674.331826897327,0.1321082204478281
visit,response,incremental_at_10,14557.496324900056,13267.715039487655,15807.095652832417,0.08721900238440196
visit,response,incremental_at_20,19370.513413431345,17928.042020029734,20866.475357413314,0.07584810156209117
visit,response,incremental_at_30,20738.70637511735,19236.56459904653,22417.733458406197,0.07669641495036755
visit,random,incremental_at_5,954.0178233656007,522.914891650933,1357.8360689625156,0.4375815403354484
visit,random,incremental_at_10,2082.426827187264,1524.198983542433,2578.1480745514036,0.2530578931391651
visit,random,incremental_at_20,4567.026432193551,3806.8692808802434,5372.343334639097,0.17138876652033663
visit,random,incremental_at_30,6564.64611239295,5671.333394101151,7556.893275126009,0.1436147393737827
conversion,s_learner,incremental_at_5,2151.401101045106,1820.3064810143076,2496.4427721186057,0.15713859465253718
conversion,s_learner,incremental_at_10,2480.463741993596,2053.734642769705,2902.6790371926527,0.17112614469031404
conversion,s_learner,incremental_at_20,2657.980332051437,2280.1100917877225,3069.64579067148,0.1485217345973346
conversion,s_learner,incremental_at_30,2709.002319394316,2314.9804765643435,3134.5474926332067,0.15126731531409388
conversion,t_learner,incremental_at_5,1988.4341263520048,1659.603669744625,2333.220860546348,0.1693838337097809
conversion,t_learner,incremental_at_10,2250.904108992907,1920.9646280864472,2589.917348515256,0.14859645014556166
conversion,t_learner,incremental_at_20,2394.9595651566706,2026.3256954174149,2735.600203969963,0.14807651011555795
conversion,t_learner,incremental_at_30,2399.1234347325058,2026.0553763839507,2770.4012996803085,0.15512872587553
conversion,x_learner,incremental_at_5,2214.7264152311495,1872.762540431584,2556.7209788558675,0.15441149609282534
conversion,x_learner,incremental_at_10,2484.0363661741226,2079.716615514156,2925.2915880426376,0.1702018102558668
conversion,x_learner,incremental_at_20,2628.7818841455783,2177.205310967389,3063.551294460789,0.16858492308529532
conversion,x_learner,incremental_at_30,2671.87704816322,2262.279988807764,3103.1581037063725,0.15735718742684468
conversion,dr_learner,incremental_at_5,2150.2977382066815,1808.2951508362123,2497.521254287948,0.16026294666210752
conversion,dr_learner,incremental_at_10,2448.499971906431,2050.76258037656,2817.011582730242,0.15647314910056373
conversion,dr_learner,incremental_at_20,2561.0120010270825,2137.388996267417,2973.9758278012287,0.16333129856445464
conversion,dr_learner,incremental_at_30,2670.6674202509594,2242.4711396491884,3048.813995164383,0.1509627985500762
conversion,causal_forest,incremental_at_5,2225.856426576602,1867.8938091025,2593.498234225776,0.1629944358628884
conversion,causal_forest,incremental_at_10,2426.04522895688,2007.088502251796,2819.643131186481,0.16746485581475676
conversion,causal_forest,incremental_at_20,2609.1417124633704,2192.342763691337,3033.237332963484,0.16114390514998753
conversion,causal_forest,incremental_at_30,2697.148018945063,2292.7645826961943,3131.1993066889804,0.15542986853215485
conversion,class_transformation,incremental_at_5,2188.2759248094176,1846.8883107248491,2516.3430067936897,0.1529639586303873
conversion,class_transformation,incremental_at_10,2429.716696675505,2054.312108321582,2806.751302851256,0.1548409317759576
conversion,class_transformation,incremental_at_20,2629.0843465975763,2244.4680375271905,3004.700203799504,0.14458116706224472
conversion,class_transformation,incremental_at_30,2649.89905635957,2250.5473579982063,3026.500033998461,0.14641174239034183
conversion,response,incremental_at_5,2267.524875282104,1893.0067376253749,2628.8189856489307,0.16225009393381254
conversion,response,incremental_at_10,2502.034068466109,2135.315818636522,2915.582497189712,0.1559264696646473
conversion,response,incremental_at_20,2680.1665553081784,2276.5040212410267,3092.7245327557625,0.15227048294781867
conversion,response,incremental_at_30,2750.03713478924,2353.830757797147,3166.4270215823803,0.1477427801802229
conversion,random,incremental_at_5,145.32804391048143,63.342299383463875,254.53482312401195,0.6577963846341938
conversion,random,incremental_at_10,304.5521508471655,145.01498916988444,436.2504505466245,0.47813725919619565
conversion,random,incremental_at_20,516.7112534675703,342.64211295816193,710.8799222585334,0.356328420204886
conversion,random,incremental_at_30,854.4429780509133,616.7859776634631,1101.864015358163,0.2838562959468758
