model,n_train,n_features,n_test,load_s,features_s,fit_s,predict_s,predict_s_per_1m,rss_before_fit_gb,peak_rss_gb,test_roc_auc,test_pr_auc,n_jobs
logistic_regression,100001,51,2795918,0.3648511659994256,0.2854294589997153,0.07751899999857415,0.12564583299899823,0.04493902646608314,4.748853248,5.343346688,0.9556197292591192,0.21084830473709001,12
logistic_regression,300000,101,2795918,0.3122613750019809,0.4117857080018439,0.19005433300117147,0.1954844160027278,0.06991779301207253,4.365729792,5.760090112,0.9553289032398553,0.21224419776429498,12
logistic_regression,1000000,148,2795918,0.30387283399977605,0.7354495420004241,0.8572810410005332,0.42723812499752967,0.15280781660890258,5.555503104,8.434778112,0.9560087884595081,0.21479805320346404,12
logistic_regression,3000000,160,2795918,0.30102433299907716,1.2735967080006958,2.107718916999147,0.16850995799904922,0.060269992896447334,6.904512512,10.800234496,0.9557352841130615,0.21454060765858565,12
logistic_regression,8387756,176,2795918,0.37125504199866555,3.189352332999988,7.525124416999461,0.48581016700336477,0.17375694387437857,11.14988544,18.363121664,0.9559045310304995,0.2144363879202946,12
lightgbm,100001,20,2795918,0.298228375002509,0.1196605829973123,3.809921124997345,8.748823124999035,3.1291415288284687,3.788914688,3.845341184,0.9329367845454981,0.15079873868658508,12
lightgbm,300000,20,2795918,0.33587758299836423,0.14998466599718085,4.31934479100164,7.342603584002063,2.626187028375676,3.969417216,4.069064704,0.9451111061426315,0.17188947145512687,12
lightgbm,1000000,20,2795918,0.3046223750025092,0.2406550409978081,5.648079374997906,4.901614999998856,1.7531326026009546,4.090855424,4.232200192,0.9538295607687203,0.2071682318514664,12
lightgbm,3000000,20,2795918,0.30389274999834015,0.4684949170004984,8.909521750003478,3.186839707999752,1.1398187314505475,4.669341696,4.960223232,0.9566992646576453,0.21758607901543994,12
lightgbm,8387756,20,2795918,0.29983712499961257,1.1666725420000148,18.540540542002418,2.6158310840000922,0.9355893427489977,6.270042112,7.894646784,0.9580529211604336,0.22391215283425756,12
