feature,mean_treatment,mean_control,smd,se_null,z
f0,19.614754927917357,19.651704598341983,-0.006865618372250798,0.000749027586326405,-9.166042075864153
f1,10.070336468853249,10.067935192469877,0.023994400679302374,0.000749027586326405,32.0340680601399
f2,8.446301724837399,8.448173251434486,-0.00624099454533799,0.000749027586326405,-8.33212909546744
f3,4.169411640899901,4.232820957687828,-0.04883634026324019,0.000749027586326405,-65.19965506578644
f4,10.339245221446188,10.33652566617022,0.007965661878540847,0.000749027586326405,10.634670903922672
f5,4.0266023053078985,4.039338647301743,-0.030556830660414907,0.000749027586326405,-40.79533413486203
f6,-4.1827923926987065,-3.9998797265488255,-0.04044806888649284,0.000749027586326405,-54.000773302449126
f7,5.105555333120273,5.080284340120637,0.02126952997581918,0.000749027586326405,28.39619042622353
f8,3.933391878647928,3.9346517722432726,-0.022433335895262342,0.000749027586326405,-29.949946176597198
f9,16.05258862254133,15.886252389523134,0.02400105773455969,0.000749027586326405,32.042955657044
f10,5.333659929290435,5.331898215658715,0.010563463240729275,0.000749027586326405,14.102902794992676
f11,-0.17098480762494814,-0.17086775002078694,-0.0051595279790242286,0.000749027586326405,-6.8883016770170755
f1_logfreq,15.861096572118184,15.876028186691533,-0.02536862949428442,0.000749027586326405,-33.868751908997766
f3_logfreq,14.85591969812009,14.945380961186414,-0.04585422732984871,0.000749027586326405,-61.21834251090818
f4_logfreq,15.689456457292161,15.700091276321272,-0.010397924789384016,0.000749027586326405,-13.88189831616281
f5_logfreq,15.663944158555969,15.69319236251866,-0.030606621080704447,0.000749027586326405,-40.86180754812273
f6_logfreq,12.78371080989153,12.863625718233148,-0.04158697456635208,0.000749027586326405,-55.52128563156772
f8_logfreq,13.246282235256848,13.296755360495643,-0.019583692978182007,0.000749027586326405,-26.14548961304609
f9_logfreq,14.615010809118633,14.664605730289928,-0.021667635531552862,0.000749027586326405,-28.9276869465135
f11_logfreq,15.845403703690817,15.85012362441858,-0.0068204872563742405,0.000749027586326405,-9.105789133648898
