policy,budget,n_treated,frac_treated,inc_ht,inc_dim,inc,inc_lo,inc_hi,inc_per_100k,inc_per_100k_lo,inc_per_100k_hi,inc_per_treated,inc_per_treated_lo,inc_per_treated_hi,net,net_lo,net_hi,net_per_100k,net_per_100k_lo,net_per_100k_hi,roi,roi_lo,roi_hi,diff_vs_response_inc,diff_vs_response_inc_lo,diff_vs_response_inc_hi,diff_vs_response_net,diff_vs_response_net_lo,diff_vs_response_net_hi,diff_vs_random_inc,diff_vs_random_inc_lo,diff_vs_random_inc_hi,diff_vs_random_net,diff_vs_random_net_lo,diff_vs_random_net_hi,random_minus_k_treat_all,random_minus_k_treat_all_lo,random_minus_k_treat_all_hi
random,0.05,139796.0,0.05000003576642806,165.4517607406982,189.93663494789038,165.46017294878519,61.59136666553142,264.9456856806745,5.917919372055446,2.20290318476906,9.47616080588467,0.001183583027760345,0.00044046306054244317,0.0018918275848299744,1283.208647439259,-3921.9250056150863,6238.795534033724,45.895789770632014,-140.27324855790073,223.13943162974465,0.18358302776034494,-0.5595369394575568,0.8918275848299746,-2103.7648845158255,-2489.931769729409,-1719.488024714997,-105188.24422579129,-124498.57870986054,-85976.46998574986,0.0,0.0,0.0,0.0,0.0,0.0,25.040625943094597,-77.29281167493164,116.64457945610638
response,0.05,139796.0,0.05000003576642806,2264.820622864262,1922.7417762626594,2269.225057464611,1879.0082483494514,2657.550552759412,81.16207476272947,67.2054133329179,95.0510906528522,0.01623240334104417,0.013451108358439557,0.01902998963634671,106471.45287323055,86944.79491747257,125876.5626379706,3808.1035593043343,3109.7047523379647,4502.155021641215,15.23240334104417,12.451108358439557,18.029989636346706,0.0,0.0,0.0,0.0,0.0,0.0,2103.7648845158255,1719.488024714997,2489.931769729409,105188.24422579129,85976.46998574986,124498.57870986054,,,
uplift,0.05,139796.0,0.05000003576642806,2236.9719439986548,1821.7141608955205,2227.1686151231834,1860.2080378702517,2606.362224715194,79.65786604339553,66.53299695735896,93.22026700050553,0.01593156181237792,0.013333742204593354,0.01866737404328095,104368.63075615917,86034.83564351258,123340.2846966049,3732.893123337636,3077.1587594311623,4411.441419119048,14.931561812377916,12.333742204593353,17.66737404328095,-42.056442341427555,-149.67520847394917,79.35335266746773,-2102.8221170713805,-7506.372923697471,3974.1596442786567,2061.708442174398,1679.7969122584022,2427.598827942591,103085.42210871991,84001.57811292012,121358.13787476948,,,
expected_value,0.05,139796.0,0.05000003576642806,2236.9719439986548,1821.7141608955205,2227.1686151231834,1860.2080378702517,2606.362224715194,79.65786604339553,66.53299695735896,93.22026700050553,0.01593156181237792,0.013333742204593354,0.01866737404328095,104368.63075615917,86034.83564351258,123340.2846966049,3732.893123337636,3077.1587594311623,4411.441419119048,14.931561812377916,12.333742204593353,17.66737404328095,-42.056442341427555,-149.67520847394917,79.35335266746773,-2102.8221170713805,-7506.372923697471,3974.1596442786567,2061.708442174398,1679.7969122584022,2427.598827942591,103085.42210871991,84001.57811292012,121358.13787476948,,,
random,0.1,279592.0,0.10000007153285612,344.7200120867915,387.9141810166701,342.9352955145894,202.11217603801896,470.0381360488491,12.26557057519532,7.228830603687911,16.811585176991926,0.0012265561801288643,0.0007248088522921934,0.0016809833486836605,3167.1647757294722,-3836.8436980990523,9511.52509736749,113.27817109548536,-137.23019409364124,340.1932781064212,0.22655618012886436,-0.2751911477078066,0.6809833486836603,-2160.1171966773886,-2556.5711769557006,-1722.227837387066,-108005.85983386943,-127775.39884778502,-86114.1106193533,0.0,0.0,0.0,0.0,0.0,0.0,62.09620150320825,-69.08308140374342,182.85880393797805
response,0.1,279592.0,0.10000007153285612,2506.2917155640753,2364.9853998284857,2503.052492191978,2044.452849197608,2914.990725272502,89.52524688463605,73.12277574655651,104.25880606199831,0.008952518284471581,0.007322856736894836,0.010426016209991708,111173.0246095989,88227.50245988039,131760.2337636251,3976.261986567521,3155.5826193715407,4712.592921667412,7.952518284471579,6.322856736894835,9.426016209991706,0.0,0.0,0.0,0.0,0.0,0.0,2160.1171966773886,1722.227837387066,2556.5711769557006,108005.85983386943,86114.1106193533,127775.39884778502,,,
uplift,0.1,279592.0,0.10000007153285612,2418.7687851060587,2263.1499037366734,2426.878902181067,1999.5839560371508,2829.278810054542,86.80078965767477,71.51797570734016,101.1931970127358,0.00868007275666352,0.0071590376058474495,0.01012170704443899,107364.34510905335,85994.70280185754,127462.75925272712,3840.0391252194577,3075.7233510373885,4558.887608747006,7.68007275666352,6.159037605847451,9.121707044438988,-76.17359001091108,-170.20220968196227,11.885660328056213,-3808.6795005455497,-8507.564314042515,592.7933060792128,2083.9436066664775,1653.2037752303104,2458.940625965729,104197.18033332388,82647.92706987473,122923.98413492893,,,
expected_value,0.1,279592.0,0.10000007153285612,2418.7687851060587,2263.1499037366734,2426.878902181067,1999.5839560371508,2829.278810054542,86.80078965767477,71.51797570734016,101.1931970127358,0.00868007275666352,0.0071590376058474495,0.01012170704443899,107364.34510905335,85994.70280185754,127462.75925272712,3840.0391252194577,3075.7233510373885,4558.887608747006,7.68007275666352,6.159037605847451,9.121707044438988,-76.17359001091108,-170.20220968196227,11.885660328056213,-3808.6795005455497,-8507.564314042515,592.7933060792128,2083.9436066664775,1653.2037752303104,2458.940625965729,104197.18033332388,82647.92706987473,122923.98413492893,,,
random,0.2,559184.0,0.20000014306571223,642.5312199127441,730.2481490847875,641.2808554841006,449.6523050052052,826.0829792062538,22.936325581941265,16.082456817589257,29.546037444812534,0.0011468154587472113,0.0008035289161988687,0.0014762631546736702,4104.84277420503,-5497.230999739741,13327.215548421127,146.81556376850213,-196.61631706436813,476.6668961114427,0.14681545874721127,-0.1964710838011314,0.47626315467367,-2039.301846170158,-2406.0403723266577,-1684.7855521355586,-101965.0923085079,-120293.13736633287,-84223.67840603724,0.0,0.0,0.0,0.0,0.0,0.0,79.60266746133823,-95.17966007388571,238.92476989855376
response,0.2,559184.0,0.20000014306571223,2665.541074652084,2777.219898953891,2680.5827016542585,2267.018877044408,3075.5181254794575,95.8748683492956,81.08316756944974,110.00029777266204,0.0047937399883656515,0.00405194987587246,0.005496359890663215,106069.93508271292,85368.77064501333,125779.81502397286,3793.7427021362187,3053.335993581118,4498.694705065487,3.793739988365651,3.0519498758724595,4.496359890663216,0.0,0.0,0.0,0.0,0.0,0.0,2039.301846170158,1684.7855521355586,2406.0403723266577,101965.0923085079,84223.67840603724,120293.13736633287,,,
uplift,0.2,559184.0,0.20000014306571223,2608.5003206011665,2698.294113962376,2609.4865557043113,2207.27675519656,2996.0768737566477,93.33201316005373,78.94640526641196,107.15896795816785,0.0046665973198523406,0.003937002460860735,0.005355189239421616,102515.12778521556,82330.61676885666,121811.9661878324,3666.599942674126,2944.67208154376,4356.778925127002,3.6665973198523405,2.9370024608607355,4.355189239421615,-71.09614594994719,-142.32014337116613,-3.2677776904015436,-3554.807297497362,-7112.854293400449,-181.0563845200683,1968.2057002202107,1613.3818745792598,2328.4592529786146,98410.28501101054,80648.93388349435,116450.84264893073,,,
expected_value,0.2,468006.0,0.16738902929198926,2587.8283706095613,2613.7826298145233,2586.987168427899,2188.95688688743,2981.4128578552636,92.52729044370754,78.29116901452151,106.63448848840572,0.005527679492202876,0.004686241999172497,0.006378897283883016,105949.05842139496,86092.69184437148,125689.77039276318,3789.4193757254316,3079.2280690768284,4495.474130241416,4.527679492202876,3.6862419991724966,5.378897283883015,-93.5955332263593,-174.1307148588959,-4.636017541976208,-120.8766613179614,-4145.357196253517,4329.434122901195,1945.7063129437986,1590.107323844751,2304.8205278062114,101844.21564718994,83992.04119223754,119650.60014031055,,,
random,0.3,838775.0,0.29999985693428777,894.6573593048189,1025.8178208257914,891.4520803498069,651.8165741086548,1112.4150209427362,31.884056698007843,23.313150604154153,39.787111815966576,0.0010628023967688676,0.0007768559294960176,0.0013261951641990804,2633.8540174903465,-9360.976673781957,13680.64979713681,94.2035502289533,-334.8086987451691,489.3079767409778,0.0628023967688676,-0.2231440705039825,0.32619516419908035,-1858.775301185274,-2201.945599153857,-1507.3149126866692,-92938.76505926371,-110150.78120769287,-75395.40139162466,0.0,0.0,0.0,0.0,0.0,0.0,48.93479831566344,-152.93783586623385,239.872011084124
response,0.3,838775.0,0.29999985693428777,2730.7813941418526,2971.192882201649,2750.227381535081,2326.734725527133,3170.0850004087547,98.36580978179907,83.21899016806404,113.38261710138691,0.003278861889702341,0.002772746973231869,0.0037818822066802782,95572.61907675405,74378.59377635662,116559.26627043773,3418.291204418515,2660.256623275669,4168.908611427007,2.2788618897023407,1.772746973231869,2.7818822066802773,0.0,0.0,0.0,0.0,0.0,0.0,1858.775301185274,1507.3149126866692,2201.945599153857,92938.76505926371,75395.40139162466,110150.78120769287,,,
uplift,0.3,838775.0,0.29999985693428777,2683.272518804446,2917.2982481483646,2697.4349847969843,2276.8411788511053,3108.93459923441,96.47761432191446,81.43447622037218,111.19548567713396,0.003215922011024392,0.00271375049604134,0.0037055146684511282,92932.99923984922,71891.97644255527,113496.62496172049,3323.881431424284,2571.319203301215,4059.368871394672,2.215922011024392,1.71375049604134,2.7055146684511278,-52.79239673809661,-109.9041956287191,7.516186589764479,-2639.619836904836,-5541.639775578178,359.3742937321199,1805.9829044471774,1447.2839862143792,2139.930920423542,90299.14522235887,72401.93056071895,106953.19762020257,,,
expected_value,0.3,468006.0,0.16738902929198926,2587.8283706095613,2613.7826298145233,2586.987168427899,2178.967821972463,2994.2831913189734,92.52729044370754,77.93389584288461,107.09481434430387,0.005527679492202876,0.004659347864873379,0.006396418656558733,105949.05842139496,85565.63609862313,126308.22456594868,3789.4193757254316,3060.3771676645424,4517.594026933146,4.527679492202876,3.6593478648733786,5.396418656558732,-163.24021310718172,-260.8718833807093,-55.220022610568606,10376.439344640909,5564.19708096456,15766.856639860816,1695.5350880780923,1344.10805213259,2043.0422121346132,103315.20440390462,85697.1088566295,120584.64185673065,,,
treat_all,1.0,2795918.0,1.0,2810.037978447825,3217.6354680938102,2808.3909401138117,2366.461466617397,3207.340346426474,100.44611251523871,84.6398737952042,114.71510775446468,0.001004461125152387,0.0008455761890863179,0.001146854884948335,623.6470056905819,-21609.249505704407,20507.127321323685,22.305625761935147,-772.8856678094426,733.4666939918727,0.004461125152387029,-0.1544238109136822,0.1468548849483349,,,,,,,,,,,,,,,
treat_none,0.0,0.0,0.0,,,0.0,,,0.0,,,,,,0.0,,,0.0,,,,,,,,,,,,,,,,,,,,
