cost_value_ratio,cost,policy,val_chosen_budget,n_treated,frac_treated,inc_ht,inc_dim,inc,inc_lo,inc_hi,inc_per_100k,inc_per_100k_lo,inc_per_100k_hi,inc_per_treated,inc_per_treated_lo,inc_per_treated_hi,net,net_lo,net_hi,net_per_100k,net_per_100k_lo,net_per_100k_hi,roi,roi_lo,roi_hi,diff_vs_treat_all_inc,diff_vs_treat_all_inc_lo,diff_vs_treat_all_inc_hi,diff_vs_treat_all_net,diff_vs_treat_all_net_lo,diff_vs_treat_all_net_hi,is_best,tied_for_best
0.0,0.0,random,1.0,2795918.0,1.0,2810.037978447825,3217.6354680938102,2808.3909401138117,2380.2584868219087,3234.7425477139354,100.44611251523871,85.13334392574849,115.69518661541345,0.001004461125152387,0.0008517253844886934,0.00115659218161387,140419.54700569058,119012.92434109544,161737.12738569677,5022.3056257619355,4256.667196287425,5784.759330770672,,,,0.0,0.0,0.0,0.0,0.0,0.0,False,True
0.0,0.0,response,1.0,2795918.0,1.0,2810.037978447825,3217.6354680938102,2808.3909401138117,2380.2584868219087,3234.7425477139354,100.44611251523871,85.13334392574849,115.69518661541345,0.001004461125152387,0.0008517253844886934,0.00115659218161387,140419.54700569058,119012.92434109544,161737.12738569677,5022.3056257619355,4256.667196287425,5784.759330770672,,,,0.0,0.0,0.0,0.0,0.0,0.0,False,True
0.0,0.0,uplift,1.0,2795918.0,1.0,2810.037978447825,3217.6354680938102,2808.3909401138117,2380.2584868219087,3234.7425477139354,100.44611251523871,85.13334392574849,115.69518661541345,0.001004461125152387,0.0008517253844886934,0.00115659218161387,140419.54700569058,119012.92434109544,161737.12738569677,5022.3056257619355,4256.667196287425,5784.759330770672,,,,0.0,0.0,0.0,0.0,0.0,0.0,False,True
0.0,0.0,expected_value,,2349014.0,0.8401584023565785,2762.3245289418023,3157.8376490189503,2764.215038401274,2352.7854244670293,3175.048820818544,98.86609830478841,84.15073061752989,113.56015522696103,0.0011767554550127304,0.0010019304909799976,0.0013513849724644852,138210.7519200637,117639.27122335146,158752.4410409272,4943.304915239421,4207.536530876494,5678.007761348051,,,,-44.17590171253778,-89.88144091846128,4.861234429663058,-2208.795085626887,-4494.072045923058,243.06172148315403,False,False
0.0,0.0,treat_all,,2795918.0,1.0,2810.037978447825,3217.6354680938102,2808.3909401138117,2380.2584868219087,3234.7425477139354,100.44611251523871,85.13334392574849,115.69518661541345,0.001004461125152387,0.0008517253844886934,0.00115659218161387,140419.54700569058,119012.92434109544,161737.12738569677,5022.3056257619355,4256.667196287425,5784.759330770672,,,,0.0,0.0,0.0,0.0,0.0,0.0,True,True
0.0,0.0,treat_none,0.0,0.0,0.0,,,0.0,,,,,,,,,0.0,,,0.0,,,,,,,,,,,,False,False
0.0002,0.01,random,1.0,2795918.0,1.0,2810.037978447825,3217.6354680938102,2808.3909401138117,2380.107011399421,3269.425154630321,100.44611251523871,85.1279261909477,116.93565958051418,0.001004461125152387,0.0008513921299371114,0.0011691062112861475,112460.36700569058,91049.71881997105,135510.63123151605,4022.305625761935,3256.523217775738,4846.731242887526,4.022305625761935,3.2569606496855563,4.845531056430737,0.0,0.0,0.0,0.0,0.0,0.0,False,False
0.0002,0.01,response,0.31,866735.0,0.31000015021899785,2746.120512597539,2992.0606021445024,2761.2355235322184,2335.1546624827947,3197.2945051630986,98.75953170057986,83.52014123743238,114.35580389564709,0.003185789801418217,0.0026967921677601855,0.0036870458463146585,129394.42617661093,108101.06887413975,151195.84550815492,4627.976434809995,3866.389102761231,5407.735330870038,14.928949007091086,12.483960838800929,17.43522923157329,-47.15541658159327,-128.63465567079766,28.394047528365704,16934.059170920344,12879.579466460109,20710.064560929106,True,True
0.0002,0.01,uplift,0.28,782857.0,0.27999998569342877,2673.9448132420985,2888.2168771484494,2688.944875118599,2273.749293930524,3150.7933437164074,96.17395342490728,81.32389054079997,112.6926234502016,0.003434784226389493,0.0029014123125071355,0.00402539111898659,126618.67375592995,105857.63369652619,149712.36993582037,4528.697685551935,3786.1494398807904,5354.676708537961,16.173921131947463,13.507061562535675,19.12695559493295,-119.44606499521251,-212.73075007899692,-22.447556926169423,14158.306750239368,9491.713746050147,19026.27290110071,False,False
0.0002,0.01,expected_value,,1085755.0,0.3883357809492267,2696.7251563723594,3008.499511633576,2722.010834540267,2304.0624068466122,3186.1176967303304,97.35660468369483,82.40808231309403,113.95604938093072,0.0025070212290436303,0.0021226679040883653,0.00293489169755868,125242.99172701333,104345.82755131641,148449.88733651652,4479.494453235514,3732.0775341521603,5309.522215476868,11.53510614521815,9.613339520441828,13.674458487793398,-86.38010557354482,-167.426509194314,-5.642133839219583,12782.624721322747,8742.730790284286,16837.685446288422,False,False
0.0002,0.01,treat_all,,2795918.0,1.0,2810.037978447825,3217.6354680938102,2808.3909401138117,2380.107011399421,3269.425154630321,100.44611251523871,85.1279261909477,116.93565958051418,0.001004461125152387,0.0008513921299371114,0.0011691062112861475,112460.36700569058,91049.71881997105,135510.63123151605,4022.305625761935,3256.523217775738,4846.731242887526,4.022305625761935,3.2569606496855563,4.845531056430737,0.0,0.0,0.0,0.0,0.0,0.0,False,False
0.0002,0.01,treat_none,0.0,0.0,0.0,,,0.0,,,,,,,,,0.0,,,0.0,,,,,,,,,,,,False,False
0.0005,0.025,random,1.0,2795918.0,1.0,2810.037978447825,3217.6354680938102,2808.3909401138117,2345.8190809194643,3221.743518973217,100.44611251523871,83.90156939221625,115.23025778914894,0.001004461125152387,0.0008387622370113911,0.0011520506736553047,70521.59700569058,47371.38467097322,91154.06202291707,2522.305625761935,1694.3052217902389,3260.2552014371336,1.008922250304774,0.6775244740227822,1.3041013473106091,0.0,0.0,0.0,0.0,0.0,0.0,False,False
0.0005,0.025,response,0.12,335510.0,0.1199999427737151,2624.146838820593,2566.8060968714726,2630.5608718572803,2196.8870064947473,3016.5443381195414,94.08576617258733,78.57480106693927,107.89101604981052,0.007840484253397157,0.006555640830075739,0.00900114686727383,123140.293592864,101466.49969973735,142407.41128097707,4404.288451695079,3629.094261696421,5093.404430350857,14.680968506794313,12.111281660151475,17.00229373454766,-177.83006825653138,-332.6722975821638,-28.837999848675775,52618.69658717343,44890.55320502927,60120.35268715999,True,True
0.0005,0.025,uplift,0.2,559184.0,0.20000014306571223,2608.5003206011665,2698.294113962376,2609.4865557043113,2167.9114644576184,3008.0848191070677,93.33201316005373,77.53844942725854,107.58844927165488,0.0046665973198523406,0.003874201866802795,0.005372397688329927,116494.72778521555,94417.32759788093,136393.9109553534,4166.600300338406,3376.9705548546463,4878.323003584276,8.333194639704681,6.74840373360559,9.744795376659853,-198.90438440950038,-305.3347332263059,-88.09391866820478,45973.130779524974,40616.052798167264,51559.55921379472,False,False
0.0005,0.025,expected_value,,651664.0,0.23307693573273608,2646.692965172002,2799.0147592655594,2659.530408000383,2216.5474818457483,3057.8484987990832,95.12190300289147,79.27798604414535,109.36831834120613,0.004081137530998157,0.0033940829938429095,0.004692172002426529,116684.92040001915,94500.67096728741,136578.22556495416,4173.402810812733,3379.951449480543,4884.915278808397,7.162275061996314,5.788165987685819,8.384344004853057,-148.8605321134287,-249.21947256682674,-47.755815658946624,46163.323394328574,41130.078656652964,51181.99421705267,False,False
0.0005,0.025,treat_all,,2795918.0,1.0,2810.037978447825,3217.6354680938102,2808.3909401138117,2345.8190809194643,3221.743518973217,100.44611251523871,83.90156939221625,115.23025778914894,0.001004461125152387,0.0008387622370113911,0.0011520506736553047,70521.59700569058,47371.38467097322,91154.06202291707,2522.305625761935,1694.3052217902389,3260.2552014371336,1.008922250304774,0.6775244740227822,1.3041013473106091,0.0,0.0,0.0,0.0,0.0,0.0,False,False
0.0005,0.025,treat_none,0.0,0.0,0.0,,,0.0,,,,,,,,,0.0,,,0.0,,,,,,,,,,,,False,False
0.001,0.05,random,1.0,2795918.0,1.0,2810.037978447825,3217.6354680938102,2808.3909401138117,2355.247172310881,3218.762141803143,100.44611251523871,84.23877854468124,115.12362457708498,0.001004461125152387,0.0008419977534855404,0.0011516328528525176,623.6470056905819,-22098.223696516132,21197.792742899677,22.305625761935147,-790.3745280267924,758.1693291040608,0.004461125152387029,-0.15800224651445965,0.15163285285251757,0.0,0.0,0.0,0.0,0.0,0.0,False,False
0.001,0.05,response,0.11,307551.0,0.11000000715328562,2567.056414431164,2474.8059022182765,2572.7052062121697,2170.1806554217474,2977.9833086283093,92.01647566960726,77.61961028262442,106.51182576271225,0.008365133607798933,0.007044419029953447,0.0096768263399439,113257.71031060848,93095.53027108737,133565.14043141546,4050.8237477139346,3329.6945858600775,4777.147986150361,7.365133607798932,6.044419029953447,8.676826339943903,-235.68573390164192,-394.64207003429965,-80.08517477415836,112634.0633049179,104705.6713597612,120455.09920941657,True,True
0.001,0.05,uplift,0.12,335510.0,0.1199999427737151,2501.53199538228,2414.7427876870875,2510.746648030035,2088.858125552926,2910.7220600651094,89.8004393558765,74.7109938686659,104.10613115495912,0.007483373515036914,0.006217468317255439,0.008674327062110992,108761.83240150174,87690.0387776463,128758.30550325548,3890.0222539252486,3136.359463247716,4605.224670510919,6.483373515036913,5.217468317255438,7.674327062110994,-297.6442920837767,-452.05919391148143,-145.0900134675176,108138.18539581116,100363.46605805935,115696.32336596717,False,False
0.001,0.05,expected_value,,468006.0,0.16738902929198926,2587.8283706095613,2613.7826298145233,2586.987168427899,2149.7954339615076,2986.914468517051,92.52729044370754,76.89050372584272,106.83126145033762,0.005527679492202876,0.004589834678437079,0.0063849564211021686,105949.05842139496,84070.67669807536,125936.71467585253,3789.4193757254316,3006.90780981686,4504.306445176594,4.527679492202876,3.5898346784370796,5.384956421102168,-221.4037716859125,-346.6721594991215,-97.60960229602495,105325.41141570438,99018.99113363554,111490.71360447581,False,False
0.001,0.05,treat_all,,2795918.0,1.0,2810.037978447825,3217.6354680938102,2808.3909401138117,2355.247172310881,3218.762141803143,100.44611251523871,84.23877854468124,115.12362457708498,0.001004461125152387,0.0008419977534855404,0.0011516328528525176,623.6470056905819,-22098.223696516132,21197.792742899677,22.305625761935147,-790.3745280267924,758.1693291040608,0.004461125152387029,-0.15800224651445965,0.15163285285251757,0.0,0.0,0.0,0.0,0.0,0.0,False,False
0.001,0.05,treat_none,0.0,0.0,0.0,,,0.0,,,,,,,,,0.0,,,0.0,,,,,,,,,,,,False,False
0.002,0.1,random,0.0,0.0,0.0,0.0,0.0,0.0,0.0,0.0,0.0,0.0,0.0,,,,0.0,0.0,0.0,0.0,0.0,0.0,,,,-2808.3909401138117,-3258.029639763345,-2333.1228752270476,139172.2529943094,116717.95801183276,162869.93613765383,False,False
0.002,0.1,response,0.06,167755.0,0.05999997138685755,2358.4801035422815,2053.0780542286893,2367.553147230041,1968.863835638682,2763.9067565894475,84.67891931129743,70.41922673120892,98.85507216554446,0.014113159948913838,0.011738679032465312,0.016539224651508408,101602.15736150205,81670.7442819341,121466.87613343864,3633.9462516962963,2921.070799713514,4344.436286523375,6.056579974456919,4.869339516232655,7.269612325754204,-440.8377928837708,-616.229903088841,-252.47610080380343,240774.41035581147,231975.47188807663,250234.41694387316,True,True
0.002,0.1,uplift,0.07,195714.0,0.06999990700728705,2323.8085300481453,2038.6596314887265,2339.9017352525034,1944.0438752771192,2759.38492309917,83.68992707413105,69.53150540456191,98.69334233332916,0.011955719750516076,0.009918331942774191,0.014090601014430697,97423.68676262518,77601.68126385595,118391.2111549585,3484.497283633682,2775.5349500184184,4234.43073634343,4.977859875258039,3.959165971387095,6.04530050721535,-468.4892048613083,-641.6272163430692,-280.0735619678297,236595.9397569346,227794.89157266583,245903.60570172753,False,False
0.002,0.1,expected_value,,275456.0,0.09852077206842261,2415.0443353219284,2254.0564724380597,2423.799653539688,2013.9069336740342,2858.331155098888,86.69065593267355,72.03025745655037,102.2322956216487,0.00879922620505521,0.007306166992165006,0.010370230275809285,93644.38267698439,73162.93168370172,115359.7877549444,3349.3250759494517,2616.7767324972233,4126.007549396813,3.3996131025276046,2.6530834960825023,4.185115137904641,-384.59128657412384,-542.0375841095131,-216.54037910459388,232816.6356712938,225052.98271213647,241239.7210447703,False,False
0.002,0.1,treat_all,,2795918.0,1.0,2810.037978447825,3217.6354680938102,2808.3909401138117,2333.1228752270476,3258.029639763345,100.44611251523871,83.44747146472277,116.52808271785314,0.001004461125152387,0.0008346634002793879,0.001165165637500765,-139172.2529943094,-162869.93613765383,-116717.95801183276,-4977.6943742380645,-5825.275853499776,-4174.584448178836,-0.49776943742380647,-0.5826682998603062,-0.4174171812496175,0.0,0.0,0.0,0.0,0.0,0.0,False,False
0.002,0.1,treat_none,0.0,0.0,0.0,,,0.0,,,,,,,,,0.0,,,0.0,,,,,,,,,,,,False,False
0.005,0.25,random,0.0,0.0,0.0,0.0,0.0,0.0,0.0,0.0,0.0,0.0,0.0,,,,0.0,0.0,0.0,0.0,0.0,0.0,,,,-2808.3909401138117,-3274.0908342755274,-2333.9939627915073,558559.9529943094,535366.3738633821,581894.1705901604,False,False
0.005,0.25,response,0.03,83878.0,0.030000164525569063,1977.979540405063,1643.3824822694207,1970.8779391771957,1555.582283227371,2354.388900909983,70.49126402051833,55.6376218196446,84.20808124236774,0.023496959145153623,0.018567367965945263,0.02808552187038152,77574.39695885978,56846.94541136854,96875.74527458557,2774.55908788669,2033.2121833104025,3464.8993738223207,3.699391829030725,2.713473593189052,4.6171043740763045,-837.513000936616,-1072.1557741597217,-595.9201269998825,636134.3499531691,624271.4107911859,648368.9012906478,True,True
0.005,0.25,uplift,0.04,111837.0,0.04000010014599856,2041.6684932323792,1576.958499618734,2038.148796521799,1635.9777627270823,2426.8466023117303,72.89730230006026,58.513080953271235,86.79963440672188,0.018224279947797233,0.014642407584117448,0.021727413396459477,73948.18982608996,53793.18757299047,93374.49261558653,2644.8626113530495,1923.99017328085,3339.6720724851916,2.6448559895594466,1.92848151682349,3.3454826792918957,-770.2421435920126,-991.0931315154792,-531.044495870791,632508.1428203994,621415.1270452141,644395.8314564604,False,False
0.005,0.25,expected_value,,136018.0,0.04864878011443826,2198.2140181296418,1772.0695332832004,2186.059526885916,1771.724937523042,2596.338867188953,78.18754079647243,63.36827251453876,92.86176730465459,0.016071839954167215,0.013003196832703606,0.019119770120759286,75298.4763442958,54465.612209092935,95759.89960944763,2693.1575369626653,1948.0404006516978,3424.989560117558,2.214367990833443,1.6006393665407208,2.823954024151857,-622.3314132278956,-841.0956236891518,-381.82556998971717,633858.4293386051,623080.2553130495,645902.824624497,False,False
0.005,0.25,treat_all,,2795918.0,1.0,2810.037978447825,3217.6354680938102,2808.3909401138117,2333.9939627915073,3274.0908342755274,100.44611251523871,83.47862715542828,117.10253427588103,0.001004461125152387,0.0008351017396157378,0.0011705721847029519,-558559.9529943094,-581894.1705901604,-535366.3738633821,-19977.694374238064,-20812.27598914419,-19148.14289486967,-0.7991077749695226,-0.8329796520768525,-0.7658855630594097,0.0,0.0,0.0,0.0,0.0,0.0,False,False
0.005,0.25,treat_none,0.0,0.0,0.0,,,0.0,,,,,,,,,0.0,,,0.0,,,,,,,,,,,,False,False
